{"type":"FeatureCollection","name":"Oromia Administrative Boundaries (UN-OCHA COD-AB v04)","crs":{"type":"name","properties":{"name":"urn:ogc:def:crs:OGC:1.3:CRS84"}},"features":[{"type":"Feature","id":"west_wellega","properties":{"zone_id":"west_wellega","prototype_id":"w-wellega","pcode":"ET0401","name_en":"West Wellega","name_om":"Wallagga Lixaa","name_am":"ምዕራብ ወለጋ","name_om_verification":"pending_bureau_signoff","name_am_verification":"pending_bureau_signoff","source_dataset_id":"cod-ab-eth-v04","source_organization":"UN-OCHA FIS / Ethiopia CSA + BoFED","admin_level":"zone","area_sqkm":12392.48816439,"valid_on":"2025-01-01"},"geometry":{"type":"MultiPolygon","coordinates":[[[[35.44191,8.91411],[35.44282,8.91393],[35.44149,8.9107],[35.44209,8.90852],[35.44101,8.90842],[35.44072,8.90616],[35.44507,8.90376],[35.44641,8.90452],[35.44633,8.90701],[35.4479,8.90912],[35.4482,8.90799],[35.45065,8.9079],[35.44926,8.90612],[35.45165,8.90491],[35.44957,8.90433],[35.44966,8.90148],[35.44789,8.90146],[35.44589,8.89314],[35.4446,8.89251],[35.44317,8.89356],[35.44332,8.88875],[35.44041,8.8899],[35.43947,8.88859],[35.44169,8.88723],[35.43952,8.885],[35.44058,8.88373],[35.44019,8.88136],[35.44354,8.88054],[35.44764,8.87396],[35.44452,8.87504],[35.44219,8.87379],[35.44334,8.8717],[35.44269,8.87023],[35.44533,8.86842],[35.4411,8.86883],[35.43949,8.86687],[35.43912,8.86367],[35.44315,8.86202],[35.44201,8.86076],[35.4436,8.85949],[35.44211,8.85913],[35.44114,8.86175],[35.43961,8.8608],[35.43832,8.86151],[35.43528,8.85934],[35.43417,8.85923],[35.43361,8.86102],[35.432,8.86068],[35.43083,8.8554],[35.42623,8.85385],[35.42702,8.85106],[35.42555,8.85009],[35.42631,8.84824],[35.42438,8.8461],[35.42624,8.84557],[35.42606,8.84235],[35.4279,8.84227],[35.42745,8.83997],[35.42912,8.83928],[35.43253,8.8341],[35.43398,8.83401],[35.4354,8.83623],[35.43601,8.8353],[35.43891,8.82959],[35.43804,8.82794],[35.44079,8.82532],[35.43951,8.82054],[35.4402,8.81831],[35.44142,8.8161],[35.4465,8.81263],[35.4475,8.80678],[35.44935,8.80457],[35.44902,8.80142],[35.44596,8.80091],[35.44595,8.79972],[35.44769,8.79909],[35.44639,8.79543],[35.44523,8.79633],[35.44431,8.79533],[35.4452,8.79174],[35.44219,8.79128],[35.4434,8.78776],[35.44223,8.78586],[35.44004,8.78632],[35.4429,8.78351],[35.44199,8.78055],[35.44983,8.77982],[35.45613,8.77395],[35.45765,8.77382],[35.4574,8.76666],[35.4547,8.76202],[35.45611,8.75945],[35.45493,8.75614],[35.46377,8.75737],[35.46707,8.76028],[35.4704,8.75655],[35.47469,8.75797],[35.4772,8.75669],[35.47935,8.75919],[35.48471,8.76012],[35.49556,8.7587],[35.49613,8.75681],[35.49861,8.75604],[35.49605,8.75402],[35.50208,8.7476],[35.50169,8.74316],[35.50654,8.73377],[35.51682,8.72659],[35.52533,8.72256],[35.53015,8.71411],[35.53479,8.71273],[35.53626,8.71545],[35.53953,8.71771],[35.54138,8.7131],[35.53907,8.70954],[35.54257,8.70484],[35.54481,8.70573],[35.54481,8.70966],[35.55057,8.70999],[35.55421,8.70839],[35.55814,8.70305],[35.55864,8.6986],[35.56238,8.69471],[35.56795,8.69957],[35.57472,8.70032],[35.58119,8.69577],[35.58096,8.69416],[35.58336,8.69288],[35.58473,8.6882],[35.58708,8.691],[35.59145,8.69115],[35.59748,8.69442],[35.61128,8.68956],[35.61337,8.6869],[35.61844,8.68727],[35.61919,8.68354],[35.62294,8.68351],[35.62377,8.68623],[35.62567,8.68292],[35.63262,8.68086],[35.63413,8.6831],[35.63189,8.68646],[35.63477,8.68577],[35.63743,8.68814],[35.63897,8.69208],[35.63841,8.69457],[35.64054,8.69546],[35.64055,8.69752],[35.642,8.69889],[35.64729,8.69919],[35.65457,8.7022],[35.65303,8.71295],[35.65595,8.71742],[35.65806,8.7176],[35.66544,8.71348],[35.67155,8.718],[35.6736,8.71574],[35.68012,8.71393],[35.68114,8.71502],[35.68025,8.71794],[35.68299,8.71923],[35.68851,8.71726],[35.68989,8.7152],[35.69569,8.71728],[35.69838,8.71674],[35.69841,8.71506],[35.70062,8.71491],[35.70291,8.71852],[35.70362,8.7177],[35.70512,8.71903],[35.71036,8.71833],[35.7122,8.71685],[35.71497,8.72228],[35.7198,8.7256],[35.72002,8.72832],[35.72463,8.72834],[35.7262,8.72651],[35.72909,8.72701],[35.73157,8.72831],[35.73202,8.73017],[35.74031,8.73427],[35.75137,8.72836],[35.75191,8.72675],[35.75405,8.71727],[35.7526,8.71611],[35.7478,8.71669],[35.74799,8.70606],[35.74541,8.70344],[35.74585,8.70033],[35.75053,8.69464],[35.74787,8.69317],[35.75656,8.68551],[35.77665,8.68314],[35.78267,8.68087],[35.78504,8.68301],[35.78719,8.68246],[35.79211,8.68458],[35.79344,8.68271],[35.80216,8.68219],[35.81015,8.6774],[35.83127,8.67167],[35.83753,8.67382],[35.83839,8.67661],[35.83984,8.67737],[35.84176,8.67673],[35.8472,8.67903],[35.85556,8.67816],[35.85788,8.68675],[35.85677,8.6961],[35.85892,8.70058],[35.86861,8.70091],[35.873,8.70384],[35.87529,8.70808],[35.868,8.72537],[35.88206,8.72865],[35.89221,8.72807],[35.8942,8.7304],[35.89385,8.73461],[35.8959,8.7388],[35.90358,8.7374],[35.91026,8.74039],[35.91161,8.74226],[35.91227,8.75044],[35.9236,8.75398],[35.92061,8.76113],[35.92135,8.76463],[35.92372,8.76653],[35.92484,8.77209],[35.92274,8.77599],[35.92257,8.7793],[35.89513,8.78448],[35.89025,8.7872],[35.88095,8.7975],[35.88231,8.80186],[35.88104,8.80502],[35.88179,8.8097],[35.88449,8.81382],[35.88783,8.81609],[35.88755,8.81709],[35.88073,8.81872],[35.87295,8.81883],[35.86811,8.82054],[35.87938,8.82729],[35.8827,8.83306],[35.88278,8.83647],[35.8874,8.83956],[35.89614,8.8339],[35.906,8.82976],[35.91223,8.82964],[35.91697,8.82793],[35.9205,8.82986],[35.92065,8.83158],[35.92902,8.83773],[35.93677,8.85765],[35.94687,8.86503],[35.93597,8.87641],[35.94091,8.87552],[35.94622,8.87704],[35.94729,8.87509],[35.94985,8.87518],[35.95063,8.87783],[35.95694,8.88065],[35.95854,8.88427],[35.95726,8.89045],[35.95983,8.89233],[35.96398,8.89229],[35.96425,8.89546],[35.9692,8.90041],[35.9711,8.90866],[35.97771,8.91421],[35.98722,8.91356],[35.98892,8.91002],[35.99136,8.90849],[35.99769,8.91084],[36.0068,8.90907],[36.0089,8.90586],[36.01731,8.90784],[36.0186,8.91915],[36.01553,8.92265],[36.01871,8.92431],[36.02012,8.92902],[36.01753,8.93452],[36.02515,8.94604],[36.02355,8.95277],[36.02726,8.95312],[36.02917,8.95826],[36.03453,8.96047],[36.03433,8.96838],[36.03549,8.96971],[36.04137,8.97042],[36.0441,8.97803],[36.04192,8.98191],[36.04284,9.00619],[36.04469,9.01217],[36.04776,9.01042],[36.05048,9.01384],[36.05109,9.01704],[36.04216,9.01505],[36.04245,9.03218],[36.02807,9.05598],[36.03402,9.10742],[36.05361,9.11944],[36.04397,9.19506],[36.03158,9.23343],[35.97541,9.24291],[35.94932,9.24915],[35.93073,9.26723],[35.91787,9.28564],[35.91109,9.31596],[35.85987,9.32497],[35.80845,9.30888],[35.79719,9.30862],[35.77395,9.32432],[35.75675,9.32364],[35.75056,9.33113],[35.7492,9.34861],[35.75518,9.36479],[35.75012,9.40308],[35.754,9.41655],[35.76592,9.4276],[35.77842,9.4307],[35.77733,9.44014],[35.76499,9.47335],[35.75289,9.48169],[35.73185,9.4815],[35.71076,9.48677],[35.68649,9.51042],[35.67139,9.51723],[35.64749,9.55331],[35.64358,9.59455],[35.65055,9.61303],[35.65344,9.63493],[35.63473,9.65149],[35.62476,9.65117],[35.59443,9.65604],[35.57852,9.66552],[35.56923,9.67808],[35.56109,9.69202],[35.55373,9.69612],[35.53939,9.69764],[35.53397,9.69642],[35.53328,9.69042],[35.50511,9.6887],[35.46842,9.67038],[35.45537,9.67223],[35.41077,9.71368],[35.38939,9.72005],[35.3684,9.71929],[35.36508,9.72747],[35.37536,9.74995],[35.38303,9.759],[35.37883,9.76541],[35.41963,9.78515],[35.40804,9.79452],[35.38689,9.80189],[35.36379,9.81304],[35.3498,9.86608],[35.32469,9.8848],[35.31099,9.91124],[35.29745,9.92248],[35.27847,9.90708],[35.23074,9.89325],[35.22289,9.91026],[35.2208,9.92543],[35.15958,9.9484],[35.08834,9.95049],[35.08082,9.93901],[35.08102,9.92192],[35.04851,9.91774],[35.01965,9.92879],[35.01502,9.99519],[34.98818,9.99677],[34.943,9.93357],[34.92766,9.93528],[34.90442,9.95588],[34.88778,9.90821],[34.8668,9.90226],[34.89768,9.88176],[34.89215,9.8646],[34.87708,9.84544],[34.86973,9.82067],[34.85446,9.81668],[34.83167,9.80312],[34.80731,9.76105],[34.79614,9.73624],[34.80996,9.70224],[34.81085,9.63012],[34.79206,9.60331],[34.78299,9.55333],[34.73514,9.5453],[34.68592,9.56369],[34.63201,9.58802],[34.58539,9.63036],[34.54847,9.62966],[34.53214,9.59056],[34.52323,9.54111],[34.49873,9.51423],[34.51297,9.448],[34.45181,9.44911],[34.46627,9.36581],[34.45173,9.3087],[34.45239,9.25748],[34.43956,9.21558],[34.40174,9.18663],[34.34088,9.16878],[34.379,9.13061],[34.38649,9.13376],[34.39303,9.14075],[34.40669,9.14643],[34.41297,9.15158],[34.42092,9.15389],[34.43152,9.15311],[34.44508,9.14893],[34.46261,9.15341],[34.4678,9.15176],[34.47555,9.1522],[34.48093,9.14878],[34.48618,9.1501],[34.4877,9.15641],[34.48973,9.15837],[34.49663,9.16011],[34.50593,9.16799],[34.51475,9.17073],[34.51522,9.17338],[34.5136,9.17645],[34.51729,9.18523],[34.52051,9.18393],[34.52331,9.18483],[34.52776,9.18873],[34.53324,9.18821],[34.53722,9.18626],[34.54207,9.18667],[34.54468,9.18497],[34.54875,9.1761],[34.55546,9.16875],[34.55705,9.1698],[34.56174,9.1678],[34.56577,9.16817],[34.56853,9.162],[34.57609,9.15519],[34.58205,9.15262],[34.58444,9.15015],[34.58612,9.14336],[34.59083,9.1398],[34.5934,9.14129],[34.59625,9.14035],[34.69867,9.17489],[34.70962,9.17283],[34.77782,9.17363],[34.7789,9.17871],[34.78148,9.18232],[34.77885,9.18692],[34.77818,9.19486],[34.77944,9.19585],[34.77796,9.19623],[34.77776,9.20273],[34.78039,9.205],[34.77911,9.21074],[34.78028,9.2127],[34.77984,9.21896],[34.78151,9.22209],[34.78105,9.22799],[34.78404,9.23301],[34.78522,9.23885],[34.7887,9.24271],[34.79146,9.24956],[34.79709,9.24982],[34.80546,9.24662],[34.81646,9.24578],[34.82211,9.23986],[34.82356,9.24187],[34.82438,9.25009],[34.82992,9.25611],[34.83641,9.25238],[34.85158,9.25144],[34.856,9.25763],[34.85968,9.26038],[34.8707,9.26298],[34.87321,9.2655],[34.87478,9.26961],[34.8708,9.27759],[34.87268,9.29172],[34.88411,9.30819],[34.89126,9.31058],[34.89773,9.31894],[34.90367,9.32303],[34.90656,9.33263],[34.91628,9.3439],[34.92211,9.34833],[34.92103,9.35322],[34.91661,9.35606],[34.9135,9.36352],[34.91874,9.371],[34.91884,9.37537],[34.91679,9.37864],[34.91183,9.38183],[34.91198,9.38293],[34.91547,9.3916],[34.91818,9.39383],[34.91831,9.39914],[34.92137,9.40058],[34.92324,9.40467],[34.93077,9.40464],[34.94031,9.40074],[34.94078,9.39815],[34.92575,9.39015],[34.92782,9.38533],[34.92428,9.38162],[34.92398,9.37913],[34.92614,9.37379],[34.92854,9.37229],[34.92602,9.36896],[34.92933,9.36626],[34.93137,9.36013],[34.93861,9.35954],[34.94028,9.36398],[34.94682,9.36327],[34.94939,9.36541],[34.95082,9.36263],[34.95351,9.3628],[34.95973,9.35873],[34.96227,9.3511],[34.96745,9.34653],[34.97058,9.34685],[34.97045,9.34948],[34.97683,9.35317],[34.97898,9.35058],[34.97718,9.34753],[34.97807,9.34463],[34.97995,9.34419],[34.98286,9.34719],[34.98564,9.34769],[34.98577,9.34497],[34.98226,9.33896],[34.98272,9.33621],[34.9844,9.33511],[34.986,9.33648],[34.98768,9.33561],[34.99125,9.33722],[34.99606,9.33652],[34.99887,9.3331],[34.99752,9.33082],[35.00129,9.32611],[35.00851,9.32183],[35.00782,9.31658],[35.01301,9.31344],[35.01886,9.31482],[35.0237,9.30996],[35.02966,9.30802],[35.03795,9.30979],[35.04149,9.3177],[35.04674,9.31694],[35.05226,9.31418],[35.05376,9.31613],[35.05516,9.31583],[35.05807,9.3108],[35.05948,9.30339],[35.06308,9.29965],[35.06838,9.29942],[35.07155,9.29756],[35.07667,9.29131],[35.08308,9.28819],[35.08588,9.2857],[35.08637,9.28319],[35.09729,9.2738],[35.10213,9.2732],[35.10424,9.2762],[35.10641,9.27661],[35.1095,9.27509],[35.11383,9.26764],[35.11208,9.26485],[35.11271,9.26255],[35.11992,9.26],[35.12275,9.26134],[35.12707,9.25917],[35.12797,9.25292],[35.1255,9.25035],[35.12761,9.24815],[35.12772,9.24212],[35.13108,9.23608],[35.13391,9.23771],[35.13576,9.23598],[35.13795,9.22918],[35.13571,9.225],[35.12875,9.2216],[35.12855,9.21902],[35.12487,9.2155],[35.12965,9.2105],[35.13533,9.21075],[35.13867,9.20595],[35.14124,9.19081],[35.14089,9.18332],[35.15422,9.1731],[35.15486,9.16774],[35.16307,9.1649],[35.17001,9.15104],[35.16875,9.14833],[35.1696,9.13717],[35.17915,9.12999],[35.18158,9.12516],[35.18556,9.1093],[35.18824,9.1049],[35.19418,9.10706],[35.19707,9.11584],[35.20391,9.10088],[35.20764,9.09828],[35.22022,9.09651],[35.23179,9.09954],[35.23339,9.10273],[35.23266,9.10872],[35.23394,9.11046],[35.23645,9.1065],[35.24278,9.10407],[35.24633,9.09381],[35.24794,9.09475],[35.25262,9.09138],[35.25309,9.08614],[35.25804,9.08438],[35.25864,9.08094],[35.26334,9.07828],[35.27466,9.09205],[35.27737,9.09352],[35.28025,9.09328],[35.28126,9.09278],[35.27639,9.08348],[35.27876,9.07071],[35.29224,9.07177],[35.29312,9.05865],[35.29998,9.05564],[35.30734,9.05494],[35.31,9.05766],[35.3129,9.05843],[35.3119,9.05228],[35.31564,9.05135],[35.32407,9.03829],[35.3221,9.0342],[35.32267,9.03033],[35.32698,9.02841],[35.33248,9.02838],[35.33515,9.02322],[35.33578,9.01301],[35.33403,9.00684],[35.33596,9.00567],[35.3398,9.00684],[35.34371,9.00583],[35.3428,9.0015],[35.34665,8.98594],[35.34365,8.97848],[35.34536,8.97024],[35.33745,8.96698],[35.33739,8.96222],[35.33954,8.95718],[35.35076,8.94473],[35.36257,8.94384],[35.36431,8.94723],[35.36408,8.95056],[35.36945,8.94777],[35.37063,8.94315],[35.37371,8.94137],[35.37489,8.93751],[35.37854,8.93648],[35.38471,8.94395],[35.38802,8.94345],[35.38811,8.94222],[35.3904,8.94152],[35.39118,8.94652],[35.39481,8.94614],[35.39847,8.94764],[35.39779,8.94068],[35.405,8.93687],[35.40326,8.92616],[35.40797,8.92795],[35.41045,8.92706],[35.41121,8.91239],[35.42109,8.91344],[35.42425,8.91731],[35.43109,8.91458],[35.43833,8.9156],[35.44191,8.91411]]],[[[36.08417,9.05842],[36.07554,9.06264],[36.09697,9.03241],[36.09395,9.02668],[36.09838,9.02593],[36.09826,9.02383],[36.11027,9.02219],[36.11672,9.02001],[36.1227,9.0223],[36.12654,9.02141],[36.12868,9.02445],[36.13108,9.02469],[36.12869,9.05112],[36.10855,9.08003],[36.09464,9.06498],[36.08417,9.05842]]]]}},{"type":"Feature","id":"east_wellega","properties":{"zone_id":"east_wellega","prototype_id":"e-wellega","pcode":"ET0402","name_en":"East Wellega","name_om":"Wallagga Bahaa","name_am":"ምሥራቅ ወለጋ","name_om_verification":"pending_bureau_signoff","name_am_verification":"pending_bureau_signoff","source_dataset_id":"cod-ab-eth-v04","source_organization":"UN-OCHA FIS / Ethiopia CSA + BoFED","admin_level":"zone","area_sqkm":13668.04639235,"valid_on":"2025-01-01"},"geometry":{"type":"Polygon","coordinates":[[[36.62619,8.54583],[36.6271,8.5465],[36.62719,8.5449],[36.62505,8.5421],[36.61359,8.53383],[36.61302,8.53039],[36.61555,8.52873],[36.63375,8.53063],[36.64882,8.52393],[36.65238,8.52518],[36.65763,8.5312],[36.66402,8.53301],[36.66875,8.53126],[36.67267,8.53323],[36.68027,8.53178],[36.68545,8.53378],[36.69265,8.53936],[36.70024,8.53936],[36.70472,8.54238],[36.7149,8.54365],[36.71982,8.55062],[36.72388,8.55384],[36.72615,8.55347],[36.7263,8.55218],[36.72406,8.5493],[36.72401,8.54521],[36.72715,8.54632],[36.73632,8.54554],[36.74293,8.55455],[36.7481,8.5587],[36.74954,8.56313],[36.74878,8.56915],[36.75784,8.57659],[36.75736,8.58525],[36.76042,8.59214],[36.75793,8.59833],[36.76054,8.60057],[36.76673,8.61089],[36.76868,8.61814],[36.77438,8.62172],[36.77972,8.62988],[36.78593,8.63399],[36.78861,8.63434],[36.7925,8.64019],[36.79608,8.64863],[36.79318,8.65235],[36.79384,8.65435],[36.80234,8.65743],[36.80731,8.65711],[36.81893,8.66308],[36.8227,8.66187],[36.82591,8.66264],[36.83541,8.67054],[36.84226,8.67242],[36.84497,8.67799],[36.85184,8.68471],[36.85775,8.68478],[36.85937,8.68679],[36.86427,8.68535],[36.86362,8.67642],[36.86742,8.67658],[36.87614,8.66764],[36.88081,8.66705],[36.88684,8.66277],[36.88783,8.65398],[36.88894,8.65265],[36.88841,8.64475],[36.8928,8.63818],[36.89271,8.63617],[36.89897,8.63357],[36.89758,8.6294],[36.89874,8.62716],[36.90317,8.62589],[36.90763,8.62769],[36.9114,8.62398],[36.91457,8.62519],[36.91464,8.62017],[36.91777,8.61617],[36.91892,8.61679],[36.9222,8.61499],[36.92921,8.61613],[36.93811,8.60958],[36.94108,8.61098],[36.94574,8.61096],[36.94684,8.61312],[36.95207,8.61544],[36.95243,8.61903],[36.95599,8.62423],[36.95582,8.62699],[36.9577,8.62743],[36.96249,8.63386],[36.96659,8.63159],[36.97095,8.63396],[36.97543,8.63207],[36.97653,8.63432],[36.97931,8.63477],[36.9792,8.63797],[36.98596,8.64609],[36.98514,8.65159],[36.98779,8.65854],[36.98672,8.66102],[36.99051,8.66773],[36.98942,8.67811],[36.98738,8.68068],[36.98957,8.68481],[36.98898,8.68796],[36.98761,8.68829],[36.98774,8.69116],[36.99323,8.69827],[36.9923,8.70567],[36.99378,8.70678],[36.99673,8.71828],[36.99605,8.71928],[36.99951,8.72327],[36.99759,8.73316],[37.00374,8.7374],[37.01331,8.75156],[37.01647,8.7532],[37.01915,8.75953],[37.01608,8.77272],[37.01259,8.77748],[36.99935,8.78033],[36.99352,8.77394],[36.99695,8.7841],[36.9955,8.78634],[36.98853,8.78491],[36.98817,8.79027],[36.99079,8.79368],[36.99259,8.79455],[36.99943,8.79372],[37.0051,8.80006],[37.01526,8.80248],[37.01616,8.80478],[37.01551,8.80927],[37.01642,8.80966],[37.02828,8.80751],[37.04041,8.80905],[37.04813,8.80555],[37.05994,8.80389],[37.06338,8.80879],[37.06782,8.81089],[37.06457,8.8218],[37.06724,8.82753],[37.06768,8.83332],[37.06832,8.83437],[37.07027,8.83389],[37.07073,8.84101],[37.07721,8.85168],[37.07958,8.85918],[37.08331,8.86452],[37.08916,8.86967],[37.09266,8.87017],[37.10177,8.8673],[37.1057,8.86807],[37.11048,8.86523],[37.11618,8.86437],[37.1189,8.86831],[37.13366,8.86875],[37.14729,8.85934],[37.15285,8.87065],[37.16,8.87141],[37.16223,8.86932],[37.17119,8.86554],[37.17867,8.86629],[37.18966,8.87151],[37.19056,8.87415],[37.19907,8.88017],[37.19944,8.88247],[37.19686,8.8946],[37.18954,8.89997],[37.18589,8.89895],[37.18516,8.90196],[37.18785,8.90097],[37.18972,8.90232],[37.19132,8.90969],[37.18931,8.91346],[37.18781,8.91398],[37.18746,8.91752],[37.18889,8.91958],[37.19389,8.92095],[37.19402,8.92339],[37.19161,8.92452],[37.18318,8.92166],[37.17635,8.92191],[37.17328,8.92032],[37.16606,8.92579],[37.16361,8.92553],[37.1604,8.93135],[37.15289,8.93194],[37.15161,8.92882],[37.15048,8.93231],[37.15129,8.93437],[37.14464,8.94214],[37.14556,8.95508],[37.1491,8.96185],[37.14745,8.96678],[37.14206,8.96571],[37.13853,8.96124],[37.13446,8.97112],[37.12968,8.9743],[37.1288,8.97717],[37.1274,8.97769],[37.12855,8.97831],[37.12845,8.98013],[37.12477,8.98293],[37.12222,8.98364],[37.12093,8.98234],[37.11843,8.9826],[37.11463,8.98594],[37.11391,8.9847],[37.11091,8.98894],[37.10899,8.98702],[37.10539,8.98676],[37.10167,8.98913],[37.10059,8.98472],[37.09775,8.98887],[37.09331,8.99215],[37.09213,8.98788],[37.08665,8.98508],[37.07896,8.98901],[37.07677,8.99307],[37.07632,8.99742],[37.0738,9.0009],[37.06983,9.00006],[37.06577,9.00353],[37.05906,8.99886],[37.05934,9.00087],[37.05384,9.00711],[37.05427,9.00864],[37.05223,9.01121],[37.04658,9.01429],[37.04351,9.0136],[37.04147,9.01603],[37.03806,9.01664],[37.03417,9.02219],[37.02919,9.02532],[37.02706,9.03149],[37.0223,9.03669],[37.02185,9.04868],[37.02712,9.05424],[37.03171,9.07195],[37.03014,9.08176],[37.03178,9.08346],[37.03489,9.08361],[37.04438,9.07663],[37.0501,9.07836],[37.05682,9.08605],[37.05474,9.08898],[37.05679,9.09295],[37.05235,9.0986],[37.05224,9.10297],[37.05396,9.10635],[37.0529,9.10927],[37.05362,9.11591],[37.04885,9.12498],[37.04862,9.12822],[37.04567,9.12838],[37.0471,9.13032],[37.03649,9.13992],[37.03656,9.14572],[37.03526,9.14688],[37.03717,9.15861],[37.04476,9.16565],[37.05257,9.16947],[37.052,9.17188],[37.05566,9.17714],[37.05614,9.18391],[37.05424,9.18873],[37.05443,9.19211],[37.05599,9.19343],[37.05519,9.19901],[37.04859,9.20508],[37.04974,9.20638],[37.05167,9.20359],[37.05657,9.20588],[37.06167,9.20633],[37.06465,9.20432],[37.06871,9.20364],[37.07213,9.20526],[37.08775,9.20271],[37.0886,9.19722],[37.09184,9.19062],[37.0973,9.19657],[37.10309,9.19443],[37.11346,9.19378],[37.11901,9.19642],[37.12147,9.19931],[37.12069,9.20141],[37.11781,9.2026],[37.11813,9.21809],[37.1408,9.23385],[37.14778,9.2407],[37.15136,9.24214],[37.15789,9.2507],[37.16084,9.25097],[37.15432,9.25319],[37.15826,9.25671],[37.15646,9.26793],[37.14476,9.27422],[37.14098,9.27853],[37.13827,9.27809],[37.12554,9.28592],[37.11327,9.30769],[37.1049,9.31068],[37.08822,9.30244],[37.08436,9.30763],[37.08461,9.31129],[37.0814,9.31809],[37.0808,9.32448],[37.07729,9.32925],[37.07544,9.32914],[37.06933,9.32223],[37.06747,9.32184],[37.06644,9.32364],[37.0642,9.32915],[37.06567,9.33817],[37.06928,9.34565],[37.07283,9.34579],[37.07307,9.34716],[37.069,9.35442],[37.06016,9.35904],[37.05311,9.3679],[37.05216,9.37906],[37.05383,9.39068],[37.0624,9.40988],[37.06264,9.42695],[37.05681,9.42986],[37.03492,9.42759],[37.03599,9.44824],[37.031,9.45271],[37.03147,9.45862],[37.00055,9.45326],[36.99951,9.44933],[36.99829,9.44898],[36.98371,9.45328],[36.98094,9.458],[36.964,9.45826],[36.9602,9.46631],[36.9552,9.47063],[36.95008,9.46871],[36.94764,9.46457],[36.94361,9.46153],[36.94021,9.45409],[36.9413,9.45153],[36.94054,9.44956],[36.93587,9.44915],[36.93487,9.44709],[36.92666,9.44572],[36.92278,9.44274],[36.91797,9.44127],[36.91766,9.44471],[36.914,9.44417],[36.90563,9.45476],[36.90924,9.46272],[36.90753,9.4638],[36.90768,9.46612],[36.90555,9.46709],[36.90172,9.46601],[36.89965,9.46839],[36.89789,9.46694],[36.89759,9.46334],[36.89291,9.46435],[36.89404,9.46692],[36.8924,9.46811],[36.88938,9.47978],[36.88382,9.48813],[36.872,9.48294],[36.86811,9.47484],[36.86378,9.47364],[36.86208,9.47808],[36.86104,9.47784],[36.82968,9.46133],[36.83205,9.45558],[36.82944,9.44813],[36.82751,9.44636],[36.83188,9.43751],[36.83118,9.4331],[36.82846,9.43037],[36.82459,9.4301],[36.81553,9.42445],[36.80747,9.42456],[36.80312,9.41813],[36.80144,9.4166],[36.79934,9.41731],[36.79984,9.41523],[36.79518,9.41192],[36.79098,9.41382],[36.78955,9.41061],[36.78478,9.41346],[36.78463,9.41194],[36.78319,9.41137],[36.78116,9.41327],[36.77496,9.41204],[36.77452,9.41416],[36.77135,9.41614],[36.76146,9.41371],[36.75946,9.41991],[36.75421,9.42378],[36.75227,9.42392],[36.74202,9.41777],[36.7337,9.41657],[36.72937,9.4213],[36.72692,9.43341],[36.72171,9.43958],[36.7141,9.44394],[36.70643,9.44367],[36.70767,9.44696],[36.70471,9.45677],[36.69843,9.46073],[36.69747,9.46362],[36.69395,9.46345],[36.69403,9.46675],[36.69248,9.46794],[36.6906,9.46869],[36.68671,9.46627],[36.68489,9.47157],[36.68148,9.46987],[36.68121,9.47865],[36.68014,9.47993],[36.67822,9.47915],[36.67785,9.48322],[36.67607,9.48387],[36.67859,9.48757],[36.67507,9.48927],[36.67084,9.49883],[36.66172,9.506],[36.66171,9.5155],[36.66252,9.51756],[36.66446,9.51761],[36.66461,9.52174],[36.66673,9.52151],[36.66268,9.5248],[36.66177,9.52823],[36.66556,9.53406],[36.66623,9.53872],[36.66942,9.53988],[36.67115,9.54411],[36.66771,9.54834],[36.66497,9.54905],[36.66439,9.55096],[36.66567,9.55333],[36.66298,9.55655],[36.66302,9.56401],[36.669,9.57078],[36.66812,9.57606],[36.66579,9.57872],[36.66754,9.58261],[36.66643,9.5864],[36.67441,9.59578],[36.67433,9.59973],[36.67975,9.60289],[36.67767,9.6064],[36.6795,9.61033],[36.67585,9.61398],[36.67637,9.61974],[36.67395,9.62117],[36.67674,9.62585],[36.6766,9.62782],[36.67317,9.63404],[36.67463,9.635],[36.67531,9.64059],[36.68937,9.65343],[36.69023,9.65801],[36.68835,9.65833],[36.68815,9.66005],[36.69042,9.66575],[36.6914,9.67353],[36.69289,9.67522],[36.70031,9.67507],[36.7024,9.67973],[36.70821,9.68278],[36.71156,9.68263],[36.71592,9.68701],[36.71723,9.68559],[36.71925,9.68598],[36.72188,9.68897],[36.72512,9.6877],[36.73329,9.68777],[36.74849,9.69275],[36.7571,9.69121],[36.76093,9.68832],[36.76373,9.68852],[36.76921,9.69375],[36.7688,9.69685],[36.77285,9.69693],[36.77376,9.70179],[36.78254,9.70845],[36.78199,9.71492],[36.78522,9.72269],[36.78117,9.73287],[36.7763,9.73375],[36.77686,9.74033],[36.77545,9.74171],[36.7862,9.74202],[36.78704,9.74671],[36.7902,9.7524],[36.79136,9.75977],[36.79876,9.75633],[36.80347,9.76293],[36.81099,9.76958],[36.81546,9.77162],[36.82013,9.77014],[36.82188,9.77465],[36.82879,9.77216],[36.83192,9.77299],[36.83475,9.76756],[36.83964,9.76919],[36.84616,9.76737],[36.84821,9.77121],[36.85381,9.77648],[36.85569,9.77666],[36.85713,9.77459],[36.86449,9.77731],[36.86463,9.77851],[36.86522,9.77612],[36.86662,9.77546],[36.86748,9.77695],[36.87581,9.77958],[36.8765,9.7808],[36.87466,9.78242],[36.87414,9.785],[36.88035,9.79386],[36.88365,9.78991],[36.88606,9.78969],[36.88945,9.79617],[36.89629,9.79659],[36.89834,9.79995],[36.90304,9.80163],[36.9068,9.8084],[36.91098,9.80445],[36.91303,9.8044],[36.91773,9.80848],[36.91799,9.81217],[36.92052,9.81645],[36.91926,9.81843],[36.92225,9.82083],[36.91973,9.82378],[36.91738,9.83288],[36.9151,9.83516],[36.91183,9.83388],[36.91097,9.83502],[36.9108,9.83716],[36.91324,9.83897],[36.91236,9.84083],[36.91032,9.84076],[36.90977,9.84183],[36.91246,9.84322],[36.90549,9.84792],[36.90463,9.8499],[36.9075,9.85106],[36.90621,9.85468],[36.91524,9.85898],[36.91131,9.86182],[36.90759,9.86718],[36.9129,9.87165],[36.91294,9.87708],[36.90861,9.87935],[36.90867,9.88142],[36.91148,9.89251],[36.91445,9.89582],[36.91282,9.89717],[36.90743,9.89484],[36.90687,9.89606],[36.91335,9.90223],[36.91475,9.90214],[36.9168,9.89876],[36.91906,9.89915],[36.91735,9.90658],[36.91929,9.91106],[36.92213,9.91445],[36.929,9.91705],[36.92681,9.91845],[36.91908,9.9194],[36.9154,9.91362],[36.90743,9.90769],[36.90765,9.90401],[36.90339,9.90623],[36.89645,9.91539],[36.89963,9.91947],[36.90262,9.92789],[36.90781,9.93113],[36.9101,9.93576],[36.91792,9.94534],[36.92,9.95454],[36.91854,9.95836],[36.91497,9.96195],[36.90344,9.96392],[36.90104,9.96551],[36.90115,9.97247],[36.89409,9.97752],[36.89982,9.98596],[36.90541,9.98609],[36.90173,9.99034],[36.90317,9.99372],[36.91175,9.99178],[36.91297,9.99276],[36.91182,9.99907],[36.91335,10.00147],[36.91707,10.00357],[36.91575,10.00605],[36.91339,10.00618],[36.91284,10.00842],[36.91447,10.01154],[36.91199,10.01681],[36.90675,10.01482],[36.90166,10.01809],[36.89457,10.01689],[36.89355,10.01775],[36.89804,10.03004],[36.8963,10.03321],[36.89744,10.03619],[36.8967,10.03952],[36.89999,10.04433],[36.89687,10.04916],[36.90048,10.05868],[36.89989,10.0603],[36.89597,10.06167],[36.89639,10.06331],[36.89515,10.06468],[36.89642,10.07165],[36.895,10.07616],[36.89682,10.08948],[36.89101,10.09235],[36.89242,10.09902],[36.89148,10.10337],[36.88983,10.10417],[36.88786,10.10291],[36.88674,10.09793],[36.8861,10.10186],[36.88779,10.10876],[36.89629,10.11613],[36.8959,10.11979],[36.89789,10.12561],[36.89358,10.13089],[36.89639,10.13121],[36.89734,10.13332],[36.89094,10.13825],[36.89107,10.14325],[36.88874,10.14544],[36.88984,10.14693],[36.88872,10.14926],[36.89052,10.15353],[36.8887,10.15522],[36.88662,10.16281],[36.88238,10.1625],[36.87834,10.15912],[36.87629,10.16265],[36.87644,10.16544],[36.87411,10.16782],[36.87126,10.16766],[36.87045,10.16646],[36.86645,10.1699],[36.86311,10.17069],[36.8628,10.17308],[36.86602,10.17544],[36.86572,10.17683],[36.86215,10.17747],[36.85709,10.17624],[36.85282,10.17899],[36.85244,10.18126],[36.84748,10.18322],[36.85333,10.18504],[36.85255,10.18999],[36.85548,10.18936],[36.85728,10.1906],[36.85637,10.19614],[36.85954,10.19846],[36.85547,10.2013],[36.8599,10.20358],[36.8593,10.20649],[36.86175,10.21107],[36.85992,10.21438],[36.86202,10.22506],[36.86086,10.22962],[36.86595,10.23362],[36.86405,10.23581],[36.8631,10.24111],[36.86331,10.24228],[36.86558,10.24201],[36.8654,10.25031],[36.86078,10.25525],[36.85097,10.25915],[36.85168,10.2687],[36.84625,10.27543],[36.84633,10.28245],[36.84129,10.28452],[36.8375,10.28789],[36.83434,10.30465],[36.83577,10.31509],[36.83053,10.31888],[36.83124,10.32397],[36.82561,10.33132],[36.82559,10.33424],[36.8222,10.33546],[36.81903,10.33391],[36.81535,10.34031],[36.81182,10.33728],[36.8066,10.33537],[36.79874,10.33784],[36.79196,10.34339],[36.7766,10.34597],[36.76661,10.36234],[36.76176,10.36731],[36.75242,10.36598],[36.74572,10.35997],[36.7388,10.36148],[36.7314,10.36135],[36.72352,10.3608],[36.71802,10.35792],[36.69165,10.35732],[36.68918,10.35185],[36.68815,10.345],[36.6809,10.33461],[36.68227,10.32948],[36.68592,10.32313],[36.6854,10.3176],[36.68872,10.31142],[36.69219,10.29629],[36.65969,10.27704],[36.61057,10.25922],[36.57469,10.26417],[36.57585,10.27924],[36.55448,10.28507],[36.54934,10.27883],[36.54508,10.26926],[36.52244,10.25044],[36.51549,10.23993],[36.49091,10.23427],[36.44535,10.24584],[36.41619,10.21676],[36.39527,10.1871],[36.36942,10.16165],[36.33232,10.13839],[36.27189,10.11309],[36.26946,10.10361],[36.26788,10.08849],[36.25892,10.07845],[36.21892,10.05321],[36.18457,10.04966],[36.1399,10.00971],[36.12065,9.97157],[36.1198,9.96133],[36.13403,9.91589],[36.15219,9.86636],[36.15234,9.84893],[36.12821,9.85221],[36.13647,9.80745],[36.10529,9.77332],[36.14342,9.75775],[36.15906,9.74694],[36.16189,9.73047],[36.1775,9.70131],[36.19187,9.68788],[36.19261,9.6585],[36.20078,9.61493],[36.22914,9.57983],[36.23178,9.57032],[36.26627,9.5687],[36.30103,9.55552],[36.31418,9.54069],[36.33596,9.51199],[36.35514,9.49472],[36.38031,9.48048],[36.40063,9.51099],[36.46117,9.52806],[36.49443,9.50937],[36.49866,9.47288],[36.51491,9.44413],[36.50727,9.41935],[36.48364,9.40516],[36.47519,9.39464],[36.48411,9.36787],[36.46141,9.35716],[36.37472,9.35802],[36.34926,9.34489],[36.33377,9.3398],[36.32618,9.33077],[36.319,9.30585],[36.29548,9.30169],[36.28964,9.32153],[36.27512,9.34383],[36.27023,9.32837],[36.25318,9.30182],[36.21837,9.29712],[36.21476,9.31487],[36.21459,9.33242],[36.23427,9.34701],[36.20589,9.35474],[36.1946,9.32629],[36.19489,9.28897],[36.22634,9.27173],[36.22893,9.22903],[36.20395,9.15735],[36.17191,9.1083],[36.16147,9.10535],[36.18459,9.07195],[36.20765,9.06715],[36.23581,9.05095],[36.24648,9.04096],[36.22595,9.03097],[36.17679,9.04453],[36.16709,9.02799],[36.15963,9.02066],[36.15688,9.02067],[36.15676,9.01402],[36.15094,9.01417],[36.14828,9.00652],[36.14869,9.00375],[36.15611,8.99896],[36.15662,8.99451],[36.15793,8.99371],[36.16022,8.99516],[36.16562,8.99368],[36.16775,8.98865],[36.17427,8.98502],[36.17651,8.98268],[36.17577,8.98159],[36.17715,8.97981],[36.18456,8.97802],[36.18745,8.97407],[36.20378,8.96817],[36.20609,8.96192],[36.20977,8.95869],[36.21423,8.95856],[36.21482,8.96278],[36.22191,8.96926],[36.23231,8.96692],[36.23567,8.96726],[36.23583,8.96518],[36.23901,8.96338],[36.24057,8.95946],[36.24371,8.95762],[36.24517,8.95404],[36.25013,8.9509],[36.25692,8.94966],[36.26093,8.9462],[36.26685,8.9369],[36.2713,8.93268],[36.27317,8.92879],[36.27381,8.92177],[36.2829,8.91658],[36.28077,8.9131],[36.28143,8.90875],[36.28521,8.905],[36.28614,8.90233],[36.29257,8.90087],[36.29364,8.89911],[36.29311,8.89323],[36.29842,8.88992],[36.30213,8.88519],[36.31062,8.88826],[36.31512,8.88514],[36.31976,8.88438],[36.32329,8.88206],[36.32369,8.87351],[36.33452,8.86085],[36.33432,8.84633],[36.33562,8.84472],[36.35242,8.83922],[36.35316,8.83679],[36.35203,8.83324],[36.34789,8.83065],[36.34532,8.82628],[36.34776,8.82119],[36.35205,8.81964],[36.35164,8.80713],[36.35276,8.80508],[36.36075,8.79933],[36.36628,8.79287],[36.3734,8.79134],[36.37489,8.79192],[36.3755,8.79403],[36.3771,8.79239],[36.37773,8.78509],[36.38185,8.7774],[36.38102,8.77237],[36.3829,8.76113],[36.38871,8.75756],[36.39113,8.74863],[36.39747,8.74674],[36.40088,8.7395],[36.40838,8.73306],[36.40898,8.72986],[36.40528,8.72579],[36.40444,8.72277],[36.40515,8.71314],[36.40901,8.70024],[36.41441,8.69378],[36.42024,8.67448],[36.4214,8.66497],[36.42297,8.66232],[36.41962,8.65687],[36.41988,8.65429],[36.43159,8.64834],[36.434,8.64403],[36.43927,8.64],[36.4404,8.63614],[36.43946,8.62941],[36.44194,8.62551],[36.44829,8.6245],[36.45239,8.61829],[36.45985,8.61537],[36.46308,8.61468],[36.46902,8.61787],[36.47655,8.6157],[36.48456,8.61049],[36.48868,8.60122],[36.4921,8.59966],[36.5018,8.60054],[36.50503,8.59195],[36.5067,8.59036],[36.5116,8.58982],[36.51802,8.59378],[36.52452,8.59177],[36.52679,8.58972],[36.52701,8.58062],[36.52868,8.5758],[36.53639,8.56884],[36.5335,8.56265],[36.5365,8.55918],[36.54121,8.55897],[36.55379,8.563],[36.55282,8.56616],[36.55147,8.5662],[36.55286,8.57098],[36.55659,8.57504],[36.56663,8.57011],[36.57826,8.57308],[36.58836,8.57679],[36.58792,8.57755],[36.60102,8.57056],[36.6089,8.56059],[36.6108,8.55582],[36.61522,8.55342],[36.61552,8.54994],[36.61739,8.54687],[36.62619,8.54583]]]}},{"type":"Feature","id":"ilu_aba_bora","properties":{"zone_id":"ilu_aba_bora","prototype_id":"ilu-aba-bora","pcode":"ET0403","name_en":"Ilu Aba Bora","name_om":"Iluu Abbaa Boor","name_am":"ኢሉ አባ ቦራ","name_om_verification":"pending_bureau_signoff","name_am_verification":"pending_bureau_signoff","source_dataset_id":"cod-ab-eth-v04","source_organization":"UN-OCHA FIS / Ethiopia CSA + BoFED","admin_level":"zone","area_sqkm":10019.21149605,"valid_on":"2025-01-01"},"geometry":{"type":"Polygon","coordinates":[[[35.43353,7.88276],[35.45973,7.87252],[35.47431,7.87351],[35.49023,7.88257],[35.49719,7.8803],[35.5048,7.88471],[35.51218,7.89235],[35.52073,7.89561],[35.53052,7.87999],[35.53621,7.84938],[35.5444,7.83099],[35.55463,7.82021],[35.57017,7.81292],[35.58962,7.80863],[35.60622,7.80958],[35.61828,7.81474],[35.66697,7.84489],[35.67642,7.85346],[35.69373,7.86436],[35.70347,7.85911],[35.71644,7.85547],[35.73954,7.86663],[35.76215,7.88261],[35.77607,7.89917],[35.79972,7.93261],[35.79992,7.94067],[35.79527,7.94802],[35.78251,7.95395],[35.77137,7.96289],[35.76741,7.96911],[35.73851,7.98882],[35.72285,8.02247],[35.728,8.03957],[35.74399,8.05094],[35.75334,8.06784],[35.76577,8.08123],[35.79808,8.07913],[35.81635,8.08242],[35.86087,8.07723],[35.87272,8.05877],[35.884,8.01652],[35.92889,8.01681],[35.91158,8.08283],[35.92293,8.08371],[35.93547,8.08643],[35.95461,8.09568],[35.95696,8.10084],[35.96276,8.10473],[35.96825,8.11565],[35.97611,8.1192],[35.98126,8.11746],[35.98552,8.11779],[35.98772,8.12819],[35.99284,8.12949],[35.99967,8.13364],[36.00591,8.13874],[36.01156,8.14663],[36.01666,8.14626],[36.02337,8.1424],[36.0346,8.14056],[36.03707,8.13788],[36.04647,8.13578],[36.05231,8.13673],[36.05667,8.1407],[36.05857,8.14723],[36.06595,8.15363],[36.06656,8.14771],[36.07019,8.15013],[36.06869,8.15511],[36.06982,8.15833],[36.07328,8.1637],[36.07845,8.16845],[36.08142,8.17698],[36.08051,8.17953],[36.07415,8.18336],[36.07416,8.19189],[36.06966,8.19635],[36.07065,8.19956],[36.075,8.20406],[36.0757,8.20708],[36.07516,8.20875],[36.0717,8.2091],[36.06972,8.21119],[36.06924,8.22775],[36.06742,8.2312],[36.06693,8.23828],[36.06725,8.241],[36.07138,8.24397],[36.0726,8.25502],[36.08031,8.25859],[36.08421,8.27003],[36.08254,8.27717],[36.08614,8.28395],[36.0858,8.29305],[36.0871,8.29978],[36.08613,8.31025],[36.08758,8.31219],[36.08726,8.31599],[36.072,8.32859],[36.05961,8.33307],[36.05759,8.3325],[36.05049,8.3346],[36.04502,8.33721],[36.03647,8.35289],[36.03701,8.3562],[36.03452,8.36204],[36.02447,8.37735],[36.02236,8.37888],[36.02233,8.38312],[36.01743,8.38633],[36.0093,8.39651],[36.00449,8.39653],[36.00533,8.39752],[36.0034,8.40085],[36.00066,8.40285],[36.00183,8.40549],[36.00392,8.40615],[36.00777,8.41048],[36.00313,8.41583],[36.00507,8.42742],[36.00049,8.43465],[36.0033,8.43817],[36.00454,8.44336],[36.00595,8.44418],[36.00404,8.44699],[36.00445,8.4497],[35.99566,8.44781],[35.99159,8.44233],[35.99493,8.46216],[35.99421,8.46517],[35.99834,8.46665],[35.99836,8.47135],[35.9961,8.48012],[35.99695,8.48275],[35.99273,8.48448],[35.98705,8.49574],[35.98983,8.49716],[35.98883,8.49825],[35.99045,8.50029],[35.99123,8.50471],[35.99025,8.51436],[35.98724,8.52008],[35.98966,8.52351],[35.98916,8.52716],[35.99347,8.52755],[35.98856,8.534],[35.98574,8.5436],[35.98232,8.54554],[35.98019,8.54949],[35.98248,8.55141],[35.98108,8.55442],[35.98549,8.55918],[35.98778,8.56511],[35.99187,8.56637],[35.99237,8.56914],[35.99069,8.56945],[35.99201,8.57613],[35.98861,8.58338],[35.99054,8.59068],[35.99007,8.59317],[35.98683,8.59702],[35.98788,8.60149],[35.98604,8.60342],[35.98512,8.60857],[35.97949,8.61411],[35.98062,8.63284],[35.97358,8.6304],[35.97047,8.63216],[35.96277,8.63037],[35.95611,8.63048],[35.95204,8.6286],[35.94748,8.62833],[35.94448,8.62973],[35.94265,8.63345],[35.94362,8.635],[35.94076,8.64553],[35.93932,8.64495],[35.93281,8.65212],[35.92529,8.65685],[35.91282,8.66767],[35.9104,8.67121],[35.90686,8.67232],[35.90759,8.67375],[35.90095,8.67619],[35.8939,8.6732],[35.88992,8.66719],[35.88402,8.66604],[35.877,8.66675],[35.85666,8.68025],[35.8545,8.67778],[35.8472,8.67903],[35.84176,8.67673],[35.83902,8.67713],[35.83753,8.67382],[35.83127,8.67167],[35.81015,8.6774],[35.80216,8.68219],[35.79344,8.68271],[35.79211,8.68458],[35.78719,8.68246],[35.78504,8.68301],[35.78267,8.68087],[35.77665,8.68314],[35.75656,8.68551],[35.74787,8.69317],[35.75053,8.69464],[35.74585,8.70033],[35.74541,8.70344],[35.74799,8.70606],[35.7478,8.71669],[35.7526,8.71611],[35.75405,8.71727],[35.75191,8.72675],[35.75137,8.72836],[35.74031,8.73427],[35.73202,8.73017],[35.73157,8.72831],[35.72909,8.72701],[35.7262,8.72651],[35.72463,8.72834],[35.72002,8.72832],[35.7198,8.7256],[35.71497,8.72228],[35.7122,8.71685],[35.71036,8.71833],[35.70512,8.71903],[35.70362,8.7177],[35.70291,8.71852],[35.70062,8.71491],[35.69841,8.71506],[35.69838,8.71674],[35.69569,8.71728],[35.68989,8.7152],[35.68851,8.71726],[35.68299,8.71923],[35.68025,8.71794],[35.68114,8.71502],[35.68012,8.71393],[35.6736,8.71574],[35.67155,8.718],[35.66544,8.71348],[35.65806,8.7176],[35.65595,8.71742],[35.65303,8.71295],[35.65457,8.7022],[35.64729,8.69919],[35.642,8.69889],[35.64055,8.69752],[35.64054,8.69546],[35.63841,8.69457],[35.63897,8.69208],[35.63743,8.68814],[35.63477,8.68577],[35.63189,8.68646],[35.63413,8.6831],[35.63262,8.68086],[35.62567,8.68292],[35.62377,8.68623],[35.62294,8.68351],[35.61919,8.68354],[35.61844,8.68727],[35.61337,8.6869],[35.61128,8.68956],[35.59748,8.69442],[35.59145,8.69115],[35.58708,8.691],[35.58473,8.6882],[35.58336,8.69288],[35.58096,8.69416],[35.58119,8.69577],[35.57472,8.70032],[35.56795,8.69957],[35.56238,8.69471],[35.55864,8.6986],[35.55814,8.70305],[35.55421,8.70839],[35.55057,8.70999],[35.54481,8.70966],[35.54481,8.70573],[35.54257,8.70484],[35.53907,8.70954],[35.54138,8.7131],[35.53953,8.71771],[35.53626,8.71545],[35.53479,8.71273],[35.53015,8.71411],[35.52533,8.72256],[35.51682,8.72659],[35.50654,8.73377],[35.50169,8.74316],[35.50208,8.7476],[35.49605,8.75402],[35.49861,8.75604],[35.49613,8.75681],[35.49489,8.75913],[35.48471,8.76012],[35.47935,8.75919],[35.4772,8.75669],[35.47469,8.75797],[35.4704,8.75655],[35.46707,8.76028],[35.46377,8.75737],[35.45493,8.75614],[35.45611,8.75945],[35.4547,8.76202],[35.4574,8.76666],[35.45765,8.77382],[35.45613,8.77395],[35.44983,8.77982],[35.44268,8.78006],[35.4429,8.78351],[35.44004,8.78594],[35.44223,8.78586],[35.4434,8.78776],[35.44219,8.79128],[35.4452,8.79174],[35.44431,8.79533],[35.44523,8.79633],[35.44639,8.79543],[35.44769,8.79909],[35.44595,8.79972],[35.44596,8.80091],[35.44923,8.80211],[35.4465,8.81263],[35.44142,8.8161],[35.43951,8.82054],[35.44013,8.82214],[35.43282,8.8219],[35.42849,8.82494],[35.42471,8.82051],[35.41774,8.81955],[35.4147,8.81451],[35.41167,8.8151],[35.41046,8.81305],[35.41208,8.81127],[35.40909,8.81057],[35.40996,8.80669],[35.40648,8.80389],[35.4021,8.80311],[35.40011,8.8004],[35.40101,8.79781],[35.40508,8.79941],[35.40982,8.79603],[35.4097,8.79321],[35.40643,8.79204],[35.4062,8.7907],[35.41006,8.78082],[35.40824,8.77428],[35.40363,8.77536],[35.39983,8.77477],[35.39593,8.7702],[35.39086,8.77095],[35.3872,8.76973],[35.38492,8.76764],[35.38457,8.76559],[35.38226,8.76493],[35.37816,8.75831],[35.37263,8.75887],[35.37294,8.75055],[35.36403,8.74793],[35.36444,8.74046],[35.36212,8.7377],[35.35547,8.7388],[35.35113,8.73729],[35.34933,8.74127],[35.34779,8.74176],[35.3431,8.74141],[35.33509,8.74399],[35.32829,8.74408],[35.30829,8.74789],[35.30631,8.74718],[35.29825,8.73671],[35.28832,8.73706],[35.285,8.73607],[35.28291,8.73293],[35.28026,8.7378],[35.28007,8.74438],[35.2772,8.74674],[35.27477,8.74684],[35.27308,8.75307],[35.25481,8.75591],[35.25141,8.75483],[35.25014,8.75068],[35.25089,8.74436],[35.24738,8.74443],[35.24645,8.74161],[35.24269,8.7391],[35.24259,8.73508],[35.24128,8.73308],[35.24242,8.73059],[35.23902,8.72932],[35.23614,8.72202],[35.23417,8.72174],[35.23214,8.72874],[35.22637,8.73121],[35.22809,8.74172],[35.22603,8.74742],[35.21484,8.75682],[35.20668,8.73922],[35.20481,8.73157],[35.20036,8.72927],[35.19563,8.72895],[35.19482,8.7234],[35.18539,8.72254],[35.1783,8.71987],[35.17208,8.7104],[35.167,8.71012],[35.16002,8.70725],[35.15019,8.69367],[35.14797,8.69244],[35.14677,8.68752],[35.1422,8.68348],[35.14533,8.67093],[35.14488,8.66845],[35.14399,8.66716],[35.13139,8.66666],[35.12397,8.6625],[35.12164,8.65462],[35.11667,8.64771],[35.11514,8.63875],[35.11191,8.63436],[35.11423,8.6294],[35.11292,8.62611],[35.11569,8.61452],[35.11996,8.61268],[35.12081,8.60698],[35.13065,8.60324],[35.13117,8.59865],[35.13458,8.59791],[35.13552,8.59365],[35.1421,8.59275],[35.14089,8.58793],[35.14304,8.58495],[35.15718,8.58296],[35.16478,8.57986],[35.1687,8.57142],[35.1815,8.56274],[35.18216,8.55589],[35.19092,8.54963],[35.2006,8.54044],[35.18945,8.54055],[35.18756,8.53353],[35.1881,8.51937],[35.18145,8.51092],[35.17701,8.50817],[35.17384,8.50847],[35.16972,8.51127],[35.1677,8.51071],[35.16599,8.50734],[35.15915,8.50791],[35.13922,8.50637],[35.12919,8.50474],[35.12526,8.50281],[35.12239,8.49946],[35.11525,8.49825],[35.08271,8.50776],[35.07447,8.50908],[35.07244,8.51031],[35.06842,8.51821],[35.06133,8.52094],[35.05819,8.52133],[35.05595,8.51993],[35.05013,8.52076],[35.04495,8.51372],[35.04203,8.51225],[35.03569,8.51538],[35.03256,8.51372],[35.03069,8.51053],[35.02894,8.50083],[35.02966,8.49483],[35.02619,8.49256],[35.02033,8.49128],[35.01774,8.48759],[35.00916,8.48952],[35.00007,8.48667],[34.99441,8.47124],[34.9954,8.46591],[34.99241,8.45754],[34.98424,8.4472],[34.97901,8.44453],[34.97486,8.43266],[34.97483,8.42788],[34.97144,8.41958],[34.97411,8.41175],[34.96449,8.40193],[34.96567,8.39572],[34.96517,8.38377],[34.95727,8.37235],[34.95274,8.35388],[34.95302,8.34772],[34.95899,8.33839],[34.96109,8.33777],[34.96868,8.3405],[34.97161,8.33823],[34.97409,8.33323],[34.98036,8.33023],[34.98204,8.32767],[34.97705,8.31007],[34.97931,8.30238],[34.97722,8.29764],[34.97712,8.29084],[34.97115,8.28147],[34.96696,8.26748],[34.96515,8.26543],[34.96892,8.26186],[34.96504,8.24722],[35.01826,8.21964],[35.07325,8.22018],[35.11891,8.20061],[35.13813,8.18183],[35.15766,8.13671],[35.14327,8.14285],[35.10388,8.11512],[35.08909,8.11392],[35.11794,8.08259],[35.14072,8.02169],[35.14102,7.98903],[35.10856,7.95711],[35.04834,7.95444],[35.00848,7.9235],[35.0131,7.88246],[35.00062,7.86232],[34.95069,7.89029],[34.94428,7.87939],[34.93228,7.82795],[34.93711,7.76479],[34.93198,7.72817],[34.99547,7.74797],[35.0771,7.73101],[35.11603,7.64509],[35.17293,7.65423],[35.21232,7.6515],[35.22032,7.6626],[35.22017,7.68024],[35.22273,7.7031],[35.24794,7.72651],[35.27557,7.74601],[35.28989,7.74723],[35.29303,7.7519],[35.3108,7.76098],[35.3249,7.76533],[35.34088,7.77661],[35.34203,7.82137],[35.34986,7.83487],[35.35805,7.84299],[35.37199,7.83247],[35.38914,7.82702],[35.40058,7.82957],[35.40949,7.84336],[35.41843,7.86414],[35.42873,7.88083],[35.43353,7.88276]]]}},{"type":"Feature","id":"jimma","properties":{"zone_id":"jimma","prototype_id":"jimma","pcode":"ET0404","name_en":"Jimma","name_om":"Jimma","name_am":"ጅማ","name_om_verification":"pending_bureau_signoff","name_am_verification":"pending_bureau_signoff","source_dataset_id":"cod-ab-eth-v04","source_organization":"UN-OCHA FIS / Ethiopia CSA + BoFED","admin_level":"zone","area_sqkm":18307.25369394,"valid_on":"2025-01-01"},"geometry":{"type":"Polygon","coordinates":[[[36.71418,7.30214],[36.73939,7.28472],[36.76252,7.26591],[36.79111,7.25228],[36.84094,7.32599],[36.87915,7.32969],[36.95546,7.26049],[36.9658,7.24192],[36.96465,7.22473],[37.00329,7.23444],[37.03951,7.24002],[37.06813,7.23525],[37.10483,7.2245],[37.12859,7.22845],[37.15418,7.24067],[37.18275,7.26486],[37.21155,7.29272],[37.23783,7.31206],[37.26227,7.32543],[37.28764,7.33442],[37.33122,7.34344],[37.33116,7.34971],[37.35659,7.36093],[37.37973,7.38],[37.39028,7.40242],[37.40722,7.49218],[37.43865,7.54614],[37.4451,7.56432],[37.4354,7.58406],[37.428,7.61049],[37.41984,7.6338],[37.40697,7.65761],[37.40119,7.68267],[37.40164,7.70956],[37.40002,7.74105],[37.40484,7.82726],[37.41177,7.85392],[37.4344,7.89807],[37.43671,7.91853],[37.42885,7.93071],[37.41661,7.94358],[37.39897,7.95402],[37.38981,7.96197],[37.38773,7.97438],[37.39179,7.9929],[37.40412,7.99359],[37.40945,7.99831],[37.41669,8.00116],[37.45965,8.00765],[37.47764,8.01421],[37.4908,8.01706],[37.50169,8.01182],[37.514,7.99967],[37.51843,7.99186],[37.52173,7.97707],[37.53281,7.95961],[37.53928,7.95386],[37.54944,7.94926],[37.55752,7.94834],[37.57277,7.95224],[37.60283,7.96486],[37.60108,7.97411],[37.60158,8.01067],[37.5918,8.07401],[37.59214,8.09313],[37.59543,8.11173],[37.60576,8.1504],[37.61697,8.1772],[37.62389,8.20004],[37.62168,8.20903],[37.6153,8.21146],[37.61797,8.2234],[37.61621,8.22675],[37.61423,8.22813],[37.60669,8.22863],[37.60177,8.23464],[37.5958,8.23003],[37.58791,8.23512],[37.5804,8.23222],[37.57608,8.23259],[37.56798,8.23979],[37.56123,8.23962],[37.55569,8.24453],[37.55027,8.24446],[37.5477,8.24957],[37.53912,8.25021],[37.53554,8.25843],[37.53233,8.26339],[37.52915,8.26582],[37.52723,8.266],[37.5233,8.26178],[37.5063,8.2544],[37.49366,8.25633],[37.49011,8.25559],[37.48788,8.25874],[37.48086,8.25858],[37.47202,8.26609],[37.46408,8.28242],[37.46257,8.30593],[37.46418,8.31732],[37.45647,8.32139],[37.45643,8.33158],[37.45485,8.33438],[37.4492,8.33706],[37.44783,8.3409],[37.44146,8.34358],[37.43585,8.33618],[37.43115,8.33513],[37.43024,8.33763],[37.423,8.34471],[37.42376,8.34434],[37.42489,8.35122],[37.42314,8.35861],[37.4174,8.36569],[37.41387,8.36717],[37.41197,8.373],[37.40204,8.37699],[37.39991,8.38319],[37.39278,8.38391],[37.38638,8.3884],[37.3863,8.39174],[37.39126,8.3976],[37.39109,8.4049],[37.38579,8.40985],[37.38826,8.41409],[37.3825,8.42385],[37.37448,8.42581],[37.37556,8.43521],[37.37011,8.44205],[37.36984,8.44597],[37.36584,8.45141],[37.36333,8.46807],[37.35352,8.47939],[37.34211,8.47904],[37.33904,8.48477],[37.33858,8.49366],[37.33345,8.49925],[37.32415,8.50608],[37.32246,8.51475],[37.31489,8.52259],[37.31252,8.53282],[37.31363,8.53678],[37.31252,8.54074],[37.3079,8.55081],[37.30534,8.5526],[37.30463,8.55972],[37.30296,8.56305],[37.29589,8.56526],[37.29054,8.57055],[37.28833,8.57599],[37.28325,8.5822],[37.28194,8.58643],[37.27404,8.59013],[37.26179,8.58931],[37.25802,8.59157],[37.2562,8.59323],[37.2556,8.6009],[37.25244,8.60345],[37.25024,8.60927],[37.24831,8.61035],[37.24682,8.61039],[37.24304,8.6061],[37.23921,8.59785],[37.23139,8.6002],[37.22823,8.59847],[37.22127,8.5997],[37.21528,8.60395],[37.20849,8.6116],[37.20286,8.62557],[37.19746,8.62806],[37.19549,8.63205],[37.1847,8.63655],[37.181,8.64206],[37.17526,8.64576],[37.17525,8.65292],[37.17261,8.66247],[37.17453,8.66286],[37.17626,8.66576],[37.17372,8.67489],[37.17597,8.68296],[37.17276,8.69074],[37.17006,8.69216],[37.16282,8.68749],[37.15977,8.69101],[37.15836,8.69098],[37.15602,8.68715],[37.14833,8.68677],[37.14262,8.68727],[37.13754,8.68988],[37.1381,8.69765],[37.14232,8.70107],[37.14153,8.70456],[37.13774,8.70739],[37.1427,8.7166],[37.13992,8.71948],[37.1465,8.72137],[37.14719,8.72827],[37.15112,8.73548],[37.15063,8.73763],[37.14749,8.74006],[37.15464,8.74201],[37.15862,8.74722],[37.16163,8.7436],[37.16915,8.74325],[37.17932,8.74802],[37.18149,8.75233],[37.1793,8.76431],[37.18998,8.76551],[37.18971,8.76926],[37.20434,8.78043],[37.20183,8.78259],[37.20421,8.78999],[37.20225,8.79214],[37.20213,8.79684],[37.20706,8.8001],[37.21011,8.80441],[37.2008,8.80877],[37.20465,8.81187],[37.21145,8.82295],[37.21308,8.83013],[37.21227,8.83323],[37.20827,8.83462],[37.20619,8.83748],[37.19997,8.83904],[37.19862,8.8455],[37.19914,8.84852],[37.20186,8.85245],[37.20894,8.85653],[37.21021,8.86194],[37.2129,8.86257],[37.21462,8.86574],[37.2129,8.87248],[37.20883,8.87805],[37.20296,8.87413],[37.19872,8.87999],[37.19056,8.87415],[37.18966,8.87151],[37.18693,8.86963],[37.17574,8.8657],[37.16748,8.86676],[37.16,8.87141],[37.15285,8.87065],[37.14729,8.85934],[37.13366,8.86875],[37.1189,8.86831],[37.11618,8.86437],[37.11048,8.86523],[37.1057,8.86807],[37.10177,8.8673],[37.09266,8.87017],[37.08916,8.86967],[37.08331,8.86452],[37.07958,8.85918],[37.07721,8.85168],[37.07073,8.84101],[37.07027,8.83389],[37.06832,8.83437],[37.06768,8.83332],[37.06724,8.82753],[37.06457,8.8218],[37.06782,8.81089],[37.06338,8.80879],[37.05994,8.80389],[37.04813,8.80555],[37.04041,8.80905],[37.02828,8.80751],[37.01642,8.80966],[37.01551,8.80927],[37.01616,8.80478],[37.01526,8.80248],[37.0051,8.80006],[36.99943,8.79372],[36.99259,8.79455],[36.99079,8.79368],[36.98817,8.79027],[36.98853,8.78491],[36.9955,8.78634],[36.99695,8.7841],[36.99352,8.77394],[36.99935,8.78033],[37.01259,8.77748],[37.01608,8.77272],[37.01915,8.75953],[37.01647,8.7532],[37.01331,8.75156],[37.00374,8.7374],[36.99759,8.73316],[36.99951,8.72327],[36.99605,8.71928],[36.99673,8.71828],[36.99378,8.70678],[36.9923,8.70567],[36.99323,8.69827],[36.98774,8.69116],[36.98761,8.68829],[36.98898,8.68796],[36.98957,8.68481],[36.98738,8.68068],[36.98942,8.67811],[36.99051,8.66773],[36.98672,8.66102],[36.98779,8.65854],[36.98514,8.65159],[36.98596,8.64609],[36.9792,8.63797],[36.97931,8.63477],[36.97653,8.63432],[36.97543,8.63207],[36.97095,8.63396],[36.96659,8.63159],[36.96249,8.63386],[36.9577,8.62743],[36.95582,8.62699],[36.95599,8.62423],[36.95243,8.61903],[36.95278,8.61722],[36.95101,8.61419],[36.94684,8.61312],[36.94469,8.61057],[36.94108,8.61098],[36.93811,8.60958],[36.92921,8.61613],[36.9222,8.61499],[36.91892,8.61679],[36.91777,8.61617],[36.91464,8.62017],[36.91457,8.62519],[36.9114,8.62398],[36.90763,8.62769],[36.90317,8.62589],[36.89874,8.62716],[36.89758,8.6294],[36.89897,8.63357],[36.89271,8.63617],[36.8928,8.63818],[36.88841,8.64475],[36.88894,8.65265],[36.88783,8.65398],[36.88684,8.66277],[36.88081,8.66705],[36.87614,8.66764],[36.86742,8.67658],[36.86362,8.67642],[36.86427,8.68535],[36.8598,8.68687],[36.85775,8.68478],[36.85234,8.68502],[36.84497,8.67799],[36.84226,8.67242],[36.83541,8.67054],[36.82591,8.66264],[36.8227,8.66187],[36.81893,8.66308],[36.80731,8.65711],[36.80234,8.65743],[36.79384,8.65435],[36.79318,8.65235],[36.79608,8.64863],[36.7925,8.64019],[36.78861,8.63434],[36.78593,8.63399],[36.77972,8.62988],[36.77438,8.62172],[36.76868,8.61814],[36.76673,8.61089],[36.76054,8.60057],[36.75793,8.59833],[36.76042,8.59214],[36.75736,8.58525],[36.75784,8.57659],[36.74878,8.56915],[36.74954,8.56313],[36.7481,8.5587],[36.74293,8.55455],[36.73632,8.54554],[36.72715,8.54632],[36.72401,8.54521],[36.72406,8.5493],[36.7263,8.55218],[36.72615,8.55347],[36.72388,8.55384],[36.7213,8.55225],[36.71766,8.54637],[36.71415,8.54337],[36.71126,8.54399],[36.70738,8.54203],[36.70472,8.54238],[36.70024,8.53936],[36.69265,8.53936],[36.68545,8.53378],[36.68027,8.53178],[36.67267,8.53323],[36.66875,8.53126],[36.66402,8.53301],[36.66064,8.53134],[36.66256,8.52548],[36.6707,8.51793],[36.6688,8.51151],[36.66943,8.50726],[36.67265,8.50673],[36.67649,8.50987],[36.67843,8.50979],[36.68412,8.49499],[36.69059,8.49322],[36.69809,8.48528],[36.69651,8.47528],[36.69987,8.47017],[36.70097,8.46931],[36.70895,8.46988],[36.72241,8.46338],[36.7237,8.45358],[36.72054,8.44965],[36.72116,8.44695],[36.71888,8.44028],[36.72025,8.43789],[36.7258,8.43462],[36.72704,8.43217],[36.72159,8.41632],[36.72545,8.41696],[36.73097,8.41432],[36.73079,8.40149],[36.73434,8.39828],[36.73912,8.39683],[36.73813,8.39457],[36.7314,8.39026],[36.7306,8.38824],[36.73501,8.38364],[36.73619,8.37926],[36.7368,8.36677],[36.73444,8.36062],[36.73866,8.35534],[36.73723,8.34448],[36.74309,8.33959],[36.74126,8.33327],[36.74548,8.32543],[36.74105,8.31714],[36.74313,8.31015],[36.74114,8.30476],[36.74331,8.30122],[36.74972,8.29682],[36.75177,8.29003],[36.75082,8.28617],[36.74657,8.28172],[36.74651,8.27206],[36.7437,8.27022],[36.74612,8.26783],[36.75137,8.26599],[36.75872,8.26574],[36.75927,8.26187],[36.76173,8.2617],[36.75949,8.25722],[36.76041,8.25527],[36.77201,8.25948],[36.78025,8.25779],[36.78478,8.25519],[36.78852,8.25626],[36.79217,8.25962],[36.79427,8.25773],[36.79497,8.25433],[36.79391,8.25005],[36.79666,8.24552],[36.79386,8.23573],[36.78961,8.22984],[36.79152,8.22629],[36.79552,8.22622],[36.79693,8.224],[36.79991,8.22373],[36.79912,8.21884],[36.79688,8.21572],[36.8005,8.20816],[36.80271,8.20746],[36.80565,8.19787],[36.80392,8.18796],[36.80699,8.18489],[36.8088,8.1788],[36.81084,8.17967],[36.81572,8.17811],[36.81796,8.1716],[36.81667,8.16442],[36.81979,8.15895],[36.81885,8.15499],[36.82639,8.13987],[36.82517,8.1346],[36.82533,8.12559],[36.82079,8.12396],[36.81597,8.11837],[36.80566,8.11546],[36.80311,8.112],[36.80366,8.10527],[36.79933,8.10407],[36.79782,8.09814],[36.79356,8.09723],[36.79071,8.09378],[36.78777,8.09471],[36.78884,8.1164],[36.78489,8.11702],[36.77502,8.10873],[36.77024,8.1129],[36.76586,8.11097],[36.7612,8.10719],[36.76205,8.10408],[36.76097,8.09977],[36.75768,8.09582],[36.75594,8.09627],[36.75645,8.10332],[36.755,8.10002],[36.75271,8.09872],[36.75163,8.09496],[36.74915,8.09376],[36.74968,8.08141],[36.74832,8.07884],[36.74484,8.07745],[36.74311,8.07469],[36.74294,8.07112],[36.74529,8.06752],[36.74164,8.06348],[36.74231,8.05872],[36.73745,8.05769],[36.73477,8.05996],[36.73202,8.05976],[36.72718,8.05543],[36.72323,8.0555],[36.72139,8.05668],[36.72136,8.06071],[36.71825,8.0584],[36.71605,8.05922],[36.71584,8.06324],[36.7127,8.06716],[36.70986,8.06485],[36.7069,8.06822],[36.70525,8.06794],[36.70287,8.0671],[36.70151,8.06444],[36.69931,8.06397],[36.69492,8.06779],[36.69564,8.07027],[36.69214,8.07208],[36.69013,8.07023],[36.69098,8.06594],[36.68952,8.06447],[36.68759,8.06491],[36.68676,8.06674],[36.68448,8.06361],[36.68131,8.06305],[36.67782,8.06422],[36.67632,8.06192],[36.67018,8.05923],[36.66414,8.0593],[36.66733,8.05376],[36.66368,8.04753],[36.66005,8.04452],[36.66019,8.04059],[36.6578,8.038],[36.65999,8.03497],[36.65702,8.03405],[36.65612,8.03157],[36.65313,8.0342],[36.64824,8.031],[36.64198,8.02146],[36.64253,8.01503],[36.64463,8.01382],[36.64357,8.01053],[36.64622,8.00733],[36.64288,8.00735],[36.64092,8.00375],[36.64181,8.00185],[36.63955,7.99822],[36.64103,7.99716],[36.64067,7.99577],[36.63267,7.99426],[36.62862,7.99643],[36.62328,7.99303],[36.61672,7.99724],[36.61212,7.99817],[36.61036,7.99786],[36.60744,7.99448],[36.59964,7.99692],[36.59393,7.99426],[36.58805,7.9951],[36.58628,7.99987],[36.58307,8.001],[36.58276,8.00391],[36.58488,8.00321],[36.58905,8.00682],[36.58942,8.01238],[36.592,8.0173],[36.59849,8.01953],[36.60118,8.02533],[36.6021,8.03183],[36.59937,8.03544],[36.59341,8.03774],[36.59209,8.04256],[36.58767,8.04722],[36.58385,8.05811],[36.57385,8.06083],[36.57274,8.06272],[36.56913,8.06329],[36.56768,8.06619],[36.56623,8.06581],[36.5647,8.06224],[36.55342,8.06175],[36.54443,8.0667],[36.53561,8.06863],[36.53281,8.05719],[36.53113,8.05542],[36.52783,8.05475],[36.52364,8.05596],[36.51902,8.05425],[36.51526,8.05694],[36.51321,8.05561],[36.50927,8.05609],[36.50451,8.05416],[36.49841,8.0539],[36.4982,8.05567],[36.48894,8.04918],[36.47934,8.0447],[36.47653,8.04455],[36.46824,8.04773],[36.45422,8.05084],[36.45094,8.05343],[36.43208,8.05303],[36.42437,8.05164],[36.42284,8.05019],[36.4218,8.0518],[36.41427,8.05261],[36.40949,8.05554],[36.4048,8.06502],[36.40005,8.06769],[36.39688,8.07256],[36.3916,8.07621],[36.39334,8.08138],[36.39751,8.08456],[36.3968,8.09268],[36.39145,8.0972],[36.37602,8.10288],[36.36982,8.10958],[36.36594,8.11804],[36.36852,8.12732],[36.37162,8.12814],[36.37287,8.13009],[36.36804,8.13166],[36.36181,8.13642],[36.35604,8.13538],[36.34746,8.13291],[36.34584,8.12243],[36.33581,8.11775],[36.32703,8.11826],[36.32482,8.12412],[36.32093,8.12424],[36.31474,8.13093],[36.31533,8.1376],[36.31074,8.14042],[36.30828,8.1478],[36.30495,8.14977],[36.29784,8.15001],[36.29615,8.15168],[36.29357,8.1508],[36.28808,8.15298],[36.28788,8.15748],[36.28609,8.16076],[36.28813,8.16288],[36.28616,8.1775],[36.2812,8.17336],[36.27465,8.17647],[36.26995,8.17596],[36.26721,8.17777],[36.26571,8.18341],[36.26962,8.18874],[36.26878,8.19005],[36.27207,8.1923],[36.27199,8.20069],[36.27833,8.22105],[36.2802,8.22554],[36.28243,8.22711],[36.28118,8.22988],[36.27482,8.23485],[36.27201,8.24247],[36.26357,8.24419],[36.2546,8.24852],[36.25084,8.2528],[36.25023,8.25527],[36.24686,8.25772],[36.24417,8.25593],[36.23404,8.23588],[36.21364,8.23523],[36.18905,8.23229],[36.18474,8.22989],[36.17071,8.22726],[36.16383,8.21895],[36.15963,8.21666],[36.15611,8.21787],[36.14756,8.22648],[36.14368,8.22607],[36.14144,8.22859],[36.1354,8.22741],[36.12974,8.22923],[36.12807,8.2282],[36.12427,8.23097],[36.12044,8.23019],[36.1175,8.23291],[36.11188,8.23336],[36.10944,8.23474],[36.10664,8.2387],[36.10271,8.23792],[36.10056,8.24057],[36.09597,8.24048],[36.0949,8.24637],[36.08991,8.25274],[36.0907,8.25532],[36.08679,8.2594],[36.08696,8.26247],[36.08508,8.26269],[36.08275,8.26515],[36.08031,8.25859],[36.0726,8.25502],[36.07138,8.24397],[36.06725,8.241],[36.06693,8.23828],[36.06742,8.2312],[36.06924,8.22775],[36.06972,8.21119],[36.0717,8.2091],[36.07516,8.20875],[36.0757,8.20708],[36.075,8.20406],[36.07065,8.19956],[36.06966,8.19635],[36.07416,8.19189],[36.07415,8.18336],[36.08051,8.17953],[36.08142,8.17698],[36.07845,8.16845],[36.07328,8.1637],[36.06982,8.15833],[36.06869,8.15511],[36.07019,8.15013],[36.06656,8.14771],[36.06595,8.15363],[36.05857,8.14723],[36.05667,8.1407],[36.05231,8.13673],[36.04647,8.13578],[36.03707,8.13788],[36.0346,8.14056],[36.02337,8.1424],[36.01666,8.14626],[36.01156,8.14663],[36.00591,8.13874],[35.99967,8.13364],[35.99284,8.12949],[35.98772,8.12819],[35.98552,8.11779],[35.98126,8.11746],[35.97611,8.1192],[35.96825,8.11565],[35.96276,8.10473],[35.95696,8.10084],[35.95461,8.09568],[35.93547,8.08643],[35.92293,8.08371],[35.91158,8.08283],[35.92889,8.01681],[35.884,8.01652],[35.88804,8.00052],[35.89879,7.97109],[35.90513,7.94602],[35.90243,7.92621],[35.88687,7.89254],[35.87422,7.87578],[35.85908,7.86014],[35.85113,7.84795],[35.84862,7.83896],[35.85999,7.82933],[35.87506,7.82179],[35.89779,7.80691],[35.92256,7.7867],[35.94163,7.77392],[35.98636,7.75466],[35.99724,7.74512],[36.02056,7.69202],[36.0419,7.67437],[36.05191,7.65391],[36.04713,7.63432],[36.03249,7.59145],[36.03533,7.57258],[36.04507,7.56548],[36.0622,7.55748],[36.08695,7.55389],[36.12762,7.55564],[36.15656,7.54262],[36.18089,7.5236],[36.2006,7.50364],[36.2247,7.48439],[36.27953,7.46329],[36.30176,7.44988],[36.32371,7.44696],[36.34867,7.44542],[36.37464,7.41557],[36.4063,7.40854],[36.45316,7.41742],[36.47015,7.4154],[36.48392,7.41601],[36.50655,7.40583],[36.54123,7.39304],[36.59833,7.36903],[36.60596,7.36836],[36.62279,7.37922],[36.63295,7.37786],[36.63805,7.3712],[36.65174,7.34501],[36.67256,7.32804],[36.69407,7.31313],[36.71418,7.30214]]]}},{"type":"Feature","id":"west_shewa","properties":{"zone_id":"west_shewa","prototype_id":"w-shewa","pcode":"ET0405","name_en":"West Shewa","name_om":"Shawaa Lixaa","name_am":"ምዕራብ ሸዋ","name_om_verification":"pending_bureau_signoff","name_am_verification":"pending_bureau_signoff","source_dataset_id":"cod-ab-eth-v04","source_organization":"UN-OCHA FIS / Ethiopia CSA + BoFED","admin_level":"zone","area_sqkm":14705.73794301,"valid_on":"2025-01-01"},"geometry":{"type":"Polygon","coordinates":[[[37.60245,8.61408],[37.60348,8.61722],[37.60037,8.61774],[37.60092,8.6195],[37.60532,8.62283],[37.60393,8.62515],[37.6002,8.62716],[37.60341,8.6357],[37.60863,8.64131],[37.60849,8.64308],[37.6048,8.64591],[37.60391,8.65249],[37.60685,8.65328],[37.60955,8.65049],[37.61119,8.6523],[37.60922,8.65781],[37.60509,8.66331],[37.6065,8.66805],[37.60861,8.66943],[37.60711,8.67727],[37.6052,8.67877],[37.60187,8.677],[37.60353,8.68163],[37.6058,8.68234],[37.60513,8.68086],[37.60834,8.68097],[37.60932,8.67793],[37.61456,8.67557],[37.61683,8.67089],[37.61645,8.66131],[37.61991,8.65868],[37.6248,8.65812],[37.62416,8.66652],[37.62605,8.67178],[37.62548,8.6735],[37.62872,8.67571],[37.62935,8.67877],[37.63751,8.68567],[37.63911,8.69478],[37.64445,8.70073],[37.64085,8.7059],[37.64839,8.70575],[37.64811,8.70252],[37.64948,8.70209],[37.65653,8.7036],[37.65845,8.69739],[37.66502,8.69389],[37.66634,8.68887],[37.66843,8.68895],[37.66973,8.68745],[37.67282,8.68881],[37.6734,8.71057],[37.67964,8.71613],[37.68039,8.71874],[37.68605,8.72015],[37.68925,8.72376],[37.69859,8.72259],[37.70694,8.72788],[37.71255,8.73348],[37.7222,8.7365],[37.7262,8.73636],[37.73195,8.74131],[37.74853,8.74565],[37.7597,8.74702],[37.76677,8.75639],[37.76948,8.75839],[37.77511,8.7588],[37.77929,8.7654],[37.7827,8.76744],[37.78443,8.77345],[37.78079,8.78551],[37.78146,8.78745],[37.78289,8.78779],[37.78455,8.7947],[37.78618,8.79434],[37.78587,8.78974],[37.79044,8.78518],[37.79389,8.78414],[37.80668,8.78555],[37.80951,8.78986],[37.80827,8.7946],[37.80896,8.79855],[37.79596,8.81004],[37.79522,8.81434],[37.80322,8.80915],[37.80844,8.80835],[37.81643,8.80273],[37.82519,8.80088],[37.83255,8.80257],[37.84034,8.80185],[37.84,8.8057],[37.84256,8.81455],[37.8453,8.81971],[37.8474,8.82063],[37.85403,8.82261],[37.85826,8.8147],[37.86971,8.81175],[37.87118,8.81358],[37.87143,8.81967],[37.8906,8.82257],[37.88864,8.81636],[37.88601,8.81438],[37.89232,8.81571],[37.89498,8.81801],[37.89603,8.81426],[37.89934,8.81108],[37.90516,8.81106],[37.90667,8.80876],[37.91395,8.805],[37.91594,8.80035],[37.91655,8.79251],[37.91837,8.78918],[37.9227,8.78691],[37.92555,8.78251],[37.94657,8.77999],[37.94793,8.77731],[37.94798,8.77243],[37.96064,8.77487],[37.96113,8.77358],[37.96271,8.77378],[37.96266,8.77607],[37.96482,8.77627],[37.96562,8.77555],[37.96478,8.77393],[37.9669,8.77207],[37.9694,8.77255],[37.97291,8.77107],[37.97453,8.7723],[37.97626,8.77077],[37.97747,8.7714],[37.97781,8.76987],[37.98242,8.77036],[37.99997,8.76617],[38.00257,8.7668],[38.00902,8.76246],[38.00949,8.75751],[38.00791,8.75636],[38.00869,8.75186],[38.01261,8.7504],[38.01554,8.75236],[38.01878,8.75238],[38.01808,8.75573],[38.02007,8.76498],[38.02466,8.77234],[38.02257,8.77541],[38.02731,8.77886],[38.0333,8.7802],[38.03559,8.78452],[38.03456,8.78583],[38.03239,8.78592],[38.02937,8.784],[38.0258,8.78552],[38.02182,8.78889],[38.01979,8.79281],[38.0169,8.79486],[38.01377,8.7948],[38.01853,8.79778],[38.01991,8.803],[38.02446,8.80179],[38.02291,8.80418],[38.02159,8.81203],[38.0239,8.81328],[38.02761,8.81147],[38.03931,8.81684],[38.04599,8.82903],[38.0483,8.82914],[38.05132,8.83373],[38.05551,8.8333],[38.05951,8.82977],[38.06316,8.82873],[38.06601,8.82988],[38.06787,8.83376],[38.07615,8.83464],[38.0771,8.83924],[38.082,8.84035],[38.09069,8.84006],[38.09666,8.8361],[38.10737,8.83773],[38.10992,8.83712],[38.11142,8.83463],[38.11941,8.83025],[38.12003,8.82223],[38.12668,8.8199],[38.13351,8.82179],[38.13438,8.81719],[38.14412,8.817],[38.14463,8.82254],[38.14607,8.82377],[38.14567,8.82653],[38.14212,8.82766],[38.14119,8.8373],[38.14227,8.84862],[38.13972,8.85285],[38.13435,8.85037],[38.12936,8.85839],[38.12933,8.8629],[38.12712,8.86533],[38.12592,8.87037],[38.12773,8.87393],[38.12107,8.87609],[38.11625,8.88897],[38.1071,8.89255],[38.10498,8.88897],[38.10041,8.89149],[38.09564,8.8914],[38.08615,8.88821],[38.08057,8.89265],[38.08224,8.89573],[38.08271,8.90224],[38.08636,8.90282],[38.08958,8.90538],[38.09073,8.90903],[38.09494,8.9131],[38.09586,8.91579],[38.10126,8.91039],[38.10813,8.915],[38.11307,8.92279],[38.1216,8.93152],[38.12584,8.92524],[38.12969,8.92321],[38.13501,8.92364],[38.1384,8.92098],[38.13735,8.91485],[38.13503,8.91266],[38.13152,8.90002],[38.12365,8.89437],[38.12462,8.89244],[38.131,8.88899],[38.14224,8.88712],[38.14394,8.88549],[38.14694,8.88579],[38.14812,8.88804],[38.1525,8.88524],[38.1568,8.88511],[38.15819,8.88552],[38.16144,8.89558],[38.16529,8.9021],[38.18732,8.89471],[38.19813,8.89385],[38.19938,8.89223],[38.19928,8.88896],[38.20251,8.88721],[38.22328,8.88037],[38.23075,8.8821],[38.23335,8.88159],[38.23233,8.87958],[38.23916,8.87938],[38.24893,8.87143],[38.25071,8.86451],[38.25292,8.86381],[38.25258,8.85218],[38.25971,8.85249],[38.26823,8.85657],[38.27527,8.85799],[38.27988,8.8652],[38.28083,8.8696],[38.2799,8.87088],[38.282,8.87523],[38.28441,8.87557],[38.28589,8.87778],[38.28733,8.88364],[38.29186,8.88537],[38.29478,8.89408],[38.31693,8.90037],[38.31996,8.9021],[38.32324,8.90834],[38.32784,8.90909],[38.32845,8.91149],[38.33458,8.91369],[38.33849,8.91046],[38.34366,8.90949],[38.34401,8.90617],[38.34632,8.90667],[38.34647,8.90289],[38.34402,8.89551],[38.34682,8.89276],[38.35655,8.89081],[38.36225,8.89156],[38.36813,8.88925],[38.37685,8.89092],[38.37824,8.88995],[38.37959,8.88226],[38.39103,8.87431],[38.39127,8.86882],[38.39312,8.86372],[38.40188,8.85978],[38.40548,8.85429],[38.40884,8.85207],[38.41617,8.85265],[38.41424,8.8554],[38.41635,8.86149],[38.42074,8.86069],[38.42239,8.86241],[38.42786,8.86312],[38.43098,8.86186],[38.43336,8.8709],[38.43664,8.87601],[38.44402,8.87952],[38.46045,8.87887],[38.50226,8.8584],[38.51817,8.86132],[38.52521,8.88472],[38.5275,8.89892],[38.52987,8.90426],[38.5286,8.90545],[38.52939,8.91632],[38.53082,8.91869],[38.53597,8.91805],[38.53793,8.92388],[38.53835,8.93073],[38.54557,8.93857],[38.53618,8.93951],[38.53587,8.94202],[38.53038,8.94284],[38.53228,8.94559],[38.529,8.94798],[38.52525,8.94878],[38.52154,8.95581],[38.52158,8.95888],[38.52514,8.96625],[38.52308,8.96851],[38.52421,8.98128],[38.52336,8.98433],[38.52572,8.98672],[38.53004,8.98794],[38.54159,9.00005],[38.54381,9.00394],[38.54858,9.00744],[38.55221,9.01343],[38.55011,9.01635],[38.53361,9.02124],[38.53167,9.02511],[38.53377,9.03212],[38.527,9.03584],[38.5289,9.03947],[38.52693,9.0468],[38.53793,9.05806],[38.54283,9.06117],[38.54324,9.06765],[38.54568,9.06875],[38.54738,9.07313],[38.5417,9.08781],[38.54251,9.09307],[38.54434,9.09599],[38.54419,9.09955],[38.54197,9.10081],[38.54416,9.11573],[38.54892,9.11837],[38.55233,9.12309],[38.55462,9.13095],[38.56383,9.1287],[38.5648,9.13117],[38.57075,9.1357],[38.57548,9.13498],[38.59307,9.13836],[38.60422,9.14519],[38.61554,9.15805],[38.61993,9.16143],[38.62514,9.1576],[38.63267,9.16021],[38.64456,9.15366],[38.65255,9.15075],[38.66063,9.14955],[38.66516,9.15163],[38.67186,9.15961],[38.67367,9.16445],[38.67161,9.17106],[38.6722,9.17376],[38.67003,9.1715],[38.66636,9.17244],[38.66352,9.17533],[38.65771,9.17313],[38.65128,9.17904],[38.65261,9.18268],[38.64922,9.18675],[38.64402,9.18655],[38.63877,9.18459],[38.63441,9.18695],[38.62926,9.18494],[38.62419,9.18866],[38.62209,9.19266],[38.61742,9.19327],[38.61434,9.19184],[38.61333,9.18896],[38.61356,9.18047],[38.61253,9.17796],[38.61137,9.18175],[38.60475,9.17921],[38.59791,9.18049],[38.5857,9.17408],[38.58151,9.17442],[38.57862,9.17273],[38.57607,9.17466],[38.57399,9.17905],[38.56484,9.16842],[38.56232,9.16979],[38.55957,9.17409],[38.55541,9.1718],[38.5537,9.17231],[38.55233,9.17376],[38.55219,9.18524],[38.54625,9.18729],[38.54394,9.19001],[38.53869,9.19105],[38.53458,9.20215],[38.54127,9.20513],[38.54874,9.20217],[38.54619,9.20465],[38.54873,9.2088],[38.54042,9.21362],[38.53589,9.21467],[38.53709,9.20916],[38.53424,9.2054],[38.53073,9.20396],[38.53052,9.21267],[38.5258,9.20711],[38.5202,9.20441],[38.51858,9.19919],[38.51592,9.20101],[38.51276,9.1994],[38.50886,9.20091],[38.50583,9.2186],[38.50726,9.22041],[38.50561,9.23253],[38.50344,9.23535],[38.50438,9.2381],[38.509,9.23906],[38.50991,9.24141],[38.50254,9.24159],[38.50216,9.24283],[38.49577,9.2462],[38.49726,9.24845],[38.49422,9.25002],[38.49436,9.25103],[38.48726,9.25157],[38.48388,9.25338],[38.48245,9.26216],[38.48564,9.27095],[38.48406,9.277],[38.4869,9.2827],[38.4969,9.29597],[38.49698,9.30707],[38.49931,9.3138],[38.4993,9.3184],[38.50404,9.32474],[38.50857,9.3243],[38.51051,9.32704],[38.49817,9.33447],[38.49862,9.34287],[38.505,9.34745],[38.50678,9.34688],[38.50964,9.35265],[38.51595,9.35649],[38.51808,9.36125],[38.52189,9.36198],[38.5242,9.36083],[38.5328,9.36393],[38.53405,9.36556],[38.54517,9.36839],[38.5438,9.37541],[38.5474,9.38747],[38.5473,9.39144],[38.54491,9.39345],[38.53631,9.41184],[38.53192,9.41432],[38.53102,9.41631],[38.53412,9.42284],[38.54469,9.4314],[38.5478,9.43175],[38.55177,9.43696],[38.55521,9.43732],[38.55555,9.44109],[38.54633,9.45249],[38.54062,9.4541],[38.52806,9.4622],[38.52166,9.46079],[38.52083,9.46592],[38.52483,9.46837],[38.52615,9.47165],[38.52779,9.47198],[38.52847,9.47007],[38.5304,9.47186],[38.53957,9.47485],[38.54039,9.47781],[38.54473,9.47796],[38.55168,9.48355],[38.55549,9.48307],[38.55781,9.48447],[38.56173,9.49152],[38.56158,9.4889],[38.56279,9.48785],[38.5675,9.48954],[38.56804,9.49235],[38.5538,9.49796],[38.54935,9.50332],[38.53912,9.52527],[38.5373,9.53833],[38.5386,9.5412],[38.5383,9.54574],[38.53485,9.55089],[38.53125,9.55242],[38.53126,9.55786],[38.5282,9.55997],[38.52842,9.5651],[38.52718,9.5665],[38.51853,9.57213],[38.51839,9.57391],[38.51324,9.57508],[38.50901,9.57944],[38.50316,9.57805],[38.49729,9.58055],[38.49441,9.57881],[38.48852,9.57876],[38.48095,9.58234],[38.47451,9.58139],[38.4679,9.58416],[38.46308,9.58849],[38.45856,9.58852],[38.4573,9.59129],[38.45793,9.59431],[38.45276,9.59784],[38.44935,9.60313],[38.44457,9.60564],[38.44239,9.60287],[38.43991,9.60234],[38.43333,9.60734],[38.42846,9.60885],[38.41668,9.60867],[38.40908,9.61043],[38.39653,9.60905],[38.39465,9.61125],[38.39434,9.61394],[38.39125,9.61491],[38.39166,9.61602],[38.37229,9.63026],[38.36912,9.63513],[38.36348,9.63646],[38.35804,9.64366],[38.34965,9.64499],[38.34015,9.65006],[38.33236,9.65875],[38.32839,9.66686],[38.32124,9.67506],[38.31667,9.67228],[38.30586,9.67154],[38.3038,9.67383],[38.2945,9.67654],[38.29163,9.67885],[38.28871,9.67811],[38.28272,9.68324],[38.27165,9.6852],[38.24607,9.69326],[38.23409,9.6927],[38.20758,9.69671],[38.18766,9.69192],[38.17776,9.688],[38.17141,9.67715],[38.16211,9.66744],[38.15848,9.65806],[38.15091,9.64538],[38.14245,9.6412],[38.13323,9.6386],[38.13012,9.63905],[38.13042,9.6377],[38.12567,9.63987],[38.12106,9.64592],[38.10655,9.65883],[38.10313,9.66549],[38.10265,9.67114],[38.09954,9.67555],[38.0995,9.68272],[38.09178,9.69095],[38.08836,9.70322],[38.08452,9.71137],[38.08436,9.71557],[38.0773,9.7277],[38.07572,9.73932],[38.07257,9.74525],[38.06892,9.7477],[38.06707,9.75339],[38.05593,9.7693],[38.05537,9.77219],[38.0581,9.77808],[38.05661,9.7849],[38.05863,9.78763],[38.05463,9.79391],[38.05547,9.79705],[38.05451,9.80516],[38.04976,9.81541],[38.0505,9.82295],[38.04656,9.82996],[38.04059,9.83012],[38.03597,9.8328],[38.03332,9.84847],[38.02762,9.85037],[38.02542,9.85259],[38.02258,9.85202],[38.01824,9.85345],[38.01263,9.86162],[37.99973,9.87026],[37.97949,9.87109],[37.9712,9.86992],[37.97014,9.87487],[37.95827,9.89048],[37.95436,9.89919],[37.94875,9.902],[37.9433,9.90981],[37.93578,9.91412],[37.93352,9.91762],[37.93007,9.91459],[37.9234,9.91475],[37.9144,9.92358],[37.90933,9.93045],[37.90139,9.93037],[37.88016,9.92151],[37.87593,9.91631],[37.87446,9.91116],[37.86993,9.90753],[37.86446,9.91286],[37.86039,9.91279],[37.85876,9.90583],[37.85922,9.90022],[37.85594,9.89594],[37.84842,9.89758],[37.84268,9.8967],[37.83641,9.88789],[37.83082,9.88464],[37.82325,9.87389],[37.81602,9.86715],[37.80699,9.86529],[37.80058,9.86182],[37.77459,9.8565],[37.76909,9.85144],[37.76097,9.85193],[37.75396,9.85708],[37.74853,9.85594],[37.74823,9.84666],[37.74289,9.84066],[37.736,9.84079],[37.7307,9.84486],[37.72435,9.84454],[37.71701,9.84256],[37.71066,9.84261],[37.70065,9.83671],[37.69457,9.8427],[37.68512,9.85751],[37.68039,9.86232],[37.67449,9.86192],[37.66912,9.86018],[37.66908,9.85212],[37.65723,9.84875],[37.64635,9.84384],[37.63673,9.83339],[37.63607,9.81539],[37.63274,9.79207],[37.63745,9.7836],[37.63912,9.76511],[37.64213,9.75122],[37.6407,9.74661],[37.63135,9.7387],[37.62944,9.71914],[37.63038,9.71052],[37.62839,9.6936],[37.62312,9.68689],[37.61858,9.6845],[37.6163,9.67123],[37.62058,9.65961],[37.62352,9.64187],[37.62709,9.63753],[37.62913,9.6222],[37.62501,9.6167],[37.62106,9.6058],[37.61667,9.59799],[37.61865,9.57725],[37.62066,9.5725],[37.62498,9.56874],[37.62546,9.5542],[37.62033,9.54473],[37.6207,9.54266],[37.62516,9.53557],[37.62524,9.53287],[37.62723,9.5299],[37.62597,9.52826],[37.62833,9.52547],[37.63057,9.51849],[37.63202,9.51689],[37.63608,9.51612],[37.63774,9.50981],[37.63718,9.50503],[37.63914,9.49604],[37.63553,9.48368],[37.64018,9.47815],[37.6373,9.46335],[37.63427,9.45982],[37.63635,9.45858],[37.63533,9.4541],[37.6427,9.44669],[37.64367,9.43921],[37.65292,9.4249],[37.65358,9.42015],[37.65604,9.41925],[37.65728,9.41696],[37.66297,9.41738],[37.66445,9.41574],[37.66385,9.41336],[37.65807,9.41248],[37.66001,9.41067],[37.65741,9.40814],[37.65722,9.4067],[37.6591,9.40585],[37.65849,9.40329],[37.65667,9.40243],[37.65374,9.40322],[37.65324,9.39489],[37.65019,9.39237],[37.65174,9.38945],[37.651,9.38779],[37.65346,9.38514],[37.64995,9.3807],[37.65182,9.37351],[37.65364,9.37283],[37.6499,9.36934],[37.64586,9.3677],[37.64799,9.36483],[37.6455,9.36071],[37.64387,9.36085],[37.63993,9.35782],[37.63639,9.35856],[37.63542,9.36083],[37.62719,9.36135],[37.62435,9.35623],[37.61265,9.348],[37.6088,9.34645],[37.60436,9.34787],[37.60242,9.34091],[37.59295,9.33452],[37.58979,9.32801],[37.58787,9.32781],[37.58559,9.32142],[37.58247,9.32164],[37.57835,9.31671],[37.56254,9.31985],[37.55355,9.324],[37.54778,9.32312],[37.53785,9.32419],[37.53214,9.32102],[37.51223,9.32679],[37.4982,9.32922],[37.49148,9.32583],[37.47742,9.32437],[37.46676,9.31991],[37.46095,9.31408],[37.4577,9.30748],[37.4472,9.29594],[37.4431,9.28736],[37.43993,9.28481],[37.43308,9.26187],[37.42512,9.25577],[37.41786,9.24489],[37.41813,9.23876],[37.40919,9.21844],[37.40403,9.19919],[37.3916,9.18404],[37.39167,9.17449],[37.3898,9.16602],[37.39056,9.16343],[37.38951,9.16306],[37.36541,9.15826],[37.34165,9.15981],[37.33705,9.15882],[37.33365,9.1605],[37.32926,9.16053],[37.32604,9.16321],[37.32028,9.16487],[37.31795,9.16402],[37.31635,9.16554],[37.31236,9.16428],[37.30312,9.17033],[37.29541,9.17054],[37.29141,9.17195],[37.28834,9.17459],[37.28409,9.17591],[37.28109,9.1802],[37.27525,9.1822],[37.25543,9.19698],[37.24724,9.20081],[37.24574,9.20038],[37.24399,9.20533],[37.24037,9.20675],[37.23208,9.21324],[37.21069,9.21857],[37.19816,9.23829],[37.18547,9.24173],[37.18206,9.24134],[37.1708,9.24966],[37.16084,9.25097],[37.15789,9.2507],[37.15136,9.24214],[37.14778,9.2407],[37.1408,9.23385],[37.11813,9.21809],[37.11781,9.2026],[37.12069,9.20141],[37.12147,9.19931],[37.11901,9.19642],[37.11346,9.19378],[37.10309,9.19443],[37.0973,9.19657],[37.09184,9.19062],[37.0886,9.19722],[37.08775,9.20271],[37.07213,9.20526],[37.06871,9.20364],[37.06465,9.20432],[37.06167,9.20633],[37.05657,9.20588],[37.05167,9.20359],[37.04974,9.20638],[37.04859,9.20508],[37.05519,9.19901],[37.05599,9.19343],[37.05443,9.19211],[37.05424,9.18873],[37.05614,9.18391],[37.05566,9.17714],[37.052,9.17188],[37.05257,9.16947],[37.04015,9.16236],[37.03717,9.15861],[37.0356,9.15328],[37.03602,9.14078],[37.0471,9.13032],[37.04567,9.12838],[37.04862,9.12822],[37.04885,9.12498],[37.05362,9.11591],[37.0529,9.10927],[37.05396,9.10635],[37.05224,9.10297],[37.05235,9.0986],[37.05679,9.09295],[37.05474,9.08898],[37.05682,9.08605],[37.0501,9.07836],[37.04438,9.07663],[37.03489,9.08361],[37.03178,9.08346],[37.03014,9.08176],[37.0318,9.07302],[37.0296,9.06229],[37.02712,9.05424],[37.02185,9.04868],[37.0223,9.03669],[37.02706,9.03149],[37.02919,9.02532],[37.03417,9.02219],[37.03859,9.01621],[37.04147,9.01603],[37.04351,9.0136],[37.04658,9.01429],[37.05223,9.01121],[37.05427,9.00864],[37.05384,9.00711],[37.05934,9.00087],[37.05906,8.99886],[37.06577,9.00353],[37.06983,9.00006],[37.0738,9.0009],[37.08,8.98797],[37.08448,8.98708],[37.08665,8.98508],[37.09213,8.98788],[37.09331,8.99215],[37.09775,8.98887],[37.10059,8.98472],[37.10167,8.98913],[37.10539,8.98676],[37.10899,8.98702],[37.11091,8.98894],[37.11391,8.9847],[37.11463,8.98594],[37.11843,8.9826],[37.12093,8.98234],[37.12222,8.98364],[37.12477,8.98293],[37.12845,8.98013],[37.12855,8.97831],[37.1274,8.97769],[37.1288,8.97717],[37.12968,8.9743],[37.13446,8.97112],[37.13853,8.96124],[37.14206,8.96571],[37.14745,8.96678],[37.1491,8.96185],[37.14556,8.95508],[37.14464,8.94214],[37.15129,8.93437],[37.15048,8.93231],[37.15161,8.92882],[37.15289,8.93194],[37.1604,8.93135],[37.16361,8.92553],[37.16606,8.92579],[37.17328,8.92032],[37.17635,8.92191],[37.18318,8.92166],[37.19161,8.92452],[37.19402,8.92339],[37.19389,8.92095],[37.18889,8.91958],[37.18746,8.91752],[37.18781,8.91398],[37.18931,8.91346],[37.19132,8.90969],[37.18915,8.90126],[37.18516,8.90196],[37.18589,8.89895],[37.18954,8.89997],[37.19686,8.8946],[37.19938,8.8851],[37.19872,8.87999],[37.20296,8.87413],[37.20801,8.87819],[37.21004,8.87725],[37.21466,8.86737],[37.2129,8.86257],[37.20988,8.86132],[37.20994,8.85782],[37.20186,8.85245],[37.19914,8.84852],[37.19862,8.8455],[37.19997,8.83904],[37.20619,8.83748],[37.20827,8.83462],[37.21227,8.83323],[37.21308,8.83013],[37.21145,8.82295],[37.20465,8.81187],[37.2008,8.80877],[37.21011,8.80441],[37.20706,8.8001],[37.20213,8.79684],[37.20225,8.79214],[37.20421,8.78999],[37.20183,8.78259],[37.20434,8.78043],[37.18971,8.76926],[37.18998,8.76551],[37.1793,8.76431],[37.18149,8.75233],[37.17932,8.74802],[37.16915,8.74325],[37.16163,8.7436],[37.15862,8.74722],[37.15464,8.74201],[37.14749,8.74006],[37.15063,8.73763],[37.15112,8.73548],[37.14719,8.72827],[37.1465,8.72137],[37.13992,8.71948],[37.1427,8.7166],[37.13774,8.70739],[37.14153,8.70456],[37.14232,8.70107],[37.1381,8.69765],[37.13788,8.68911],[37.14262,8.68727],[37.15536,8.68697],[37.15836,8.69098],[37.15977,8.69101],[37.16282,8.68749],[37.17006,8.69216],[37.17276,8.69074],[37.17597,8.68296],[37.17372,8.67489],[37.17626,8.66576],[37.17453,8.66286],[37.17261,8.66247],[37.17525,8.65292],[37.17526,8.64576],[37.181,8.64206],[37.1847,8.63655],[37.19549,8.63205],[37.19746,8.62806],[37.20286,8.62557],[37.20849,8.6116],[37.21528,8.60395],[37.22127,8.5997],[37.22823,8.59847],[37.23139,8.6002],[37.23921,8.59785],[37.24304,8.6061],[37.24682,8.61039],[37.24831,8.61035],[37.25024,8.60927],[37.25244,8.60345],[37.2556,8.6009],[37.2562,8.59323],[37.25802,8.59157],[37.26179,8.58931],[37.27404,8.59013],[37.28194,8.58643],[37.28325,8.5822],[37.28833,8.57599],[37.29054,8.57055],[37.29589,8.56526],[37.30296,8.56305],[37.30463,8.55972],[37.30534,8.5526],[37.3079,8.55081],[37.31252,8.54074],[37.31363,8.53678],[37.31252,8.53282],[37.31489,8.52259],[37.32246,8.51475],[37.32415,8.50608],[37.33345,8.49925],[37.33858,8.49366],[37.33904,8.48477],[37.34211,8.47904],[37.35352,8.47939],[37.36333,8.46807],[37.36584,8.45141],[37.36984,8.44597],[37.37011,8.44205],[37.37556,8.43521],[37.37448,8.42581],[37.3825,8.42385],[37.38826,8.41409],[37.38579,8.40985],[37.39109,8.4049],[37.39126,8.3976],[37.3863,8.39174],[37.38638,8.3884],[37.39278,8.38391],[37.39991,8.38319],[37.40204,8.37699],[37.41197,8.373],[37.41387,8.36717],[37.4174,8.36569],[37.42314,8.35861],[37.42489,8.35122],[37.42376,8.34434],[37.423,8.34471],[37.43024,8.33763],[37.43115,8.33513],[37.43585,8.33618],[37.44031,8.34337],[37.4449,8.34266],[37.44783,8.3409],[37.4492,8.33706],[37.45485,8.33438],[37.45643,8.33158],[37.45647,8.32139],[37.46097,8.3185],[37.46418,8.31732],[37.46615,8.33132],[37.47138,8.35071],[37.49857,8.40362],[37.51221,8.41697],[37.52482,8.42065],[37.52138,8.42887],[37.52401,8.43043],[37.52491,8.43409],[37.52021,8.44222],[37.5218,8.44472],[37.5214,8.44713],[37.51958,8.44871],[37.51991,8.4507],[37.52462,8.45425],[37.52662,8.46261],[37.52659,8.46885],[37.52853,8.47256],[37.52829,8.477],[37.53493,8.49016],[37.5426,8.49104],[37.55024,8.49495],[37.55326,8.49802],[37.55635,8.505],[37.55924,8.50626],[37.55757,8.51414],[37.55829,8.51789],[37.56101,8.51958],[37.56119,8.5176],[37.56275,8.51657],[37.57102,8.51423],[37.57755,8.52588],[37.57866,8.53226],[37.58098,8.53554],[37.58027,8.54165],[37.58198,8.54631],[37.57996,8.56521],[37.58748,8.56704],[37.59389,8.56663],[37.5945,8.57645],[37.59899,8.57893],[37.59899,8.58043],[37.5957,8.58107],[37.5953,8.58227],[37.59608,8.58339],[37.59915,8.58289],[37.60015,8.58506],[37.60252,8.58557],[37.60242,8.58833],[37.60501,8.58894],[37.60163,8.60172],[37.60492,8.60311],[37.60576,8.60905],[37.60268,8.61158],[37.60245,8.61408]]]}},{"type":"Feature","id":"north_shewa","properties":{"zone_id":"north_shewa","prototype_id":"n-shewa","pcode":"ET0406","name_en":"North Shewa (OR)","name_om":"Shawaa Kaabaa","name_am":"ሰሜን ሸዋ","name_om_verification":"pending_bureau_signoff","name_am_verification":"pending_bureau_signoff","source_dataset_id":"cod-ab-eth-v04","source_organization":"UN-OCHA FIS / Ethiopia CSA + BoFED","admin_level":"zone","area_sqkm":10760.77937982,"valid_on":"2025-01-01"},"geometry":{"type":"Polygon","coordinates":[[[38.50446,9.23391],[38.50561,9.23253],[38.50726,9.22041],[38.50583,9.2186],[38.50886,9.20091],[38.51276,9.1994],[38.51592,9.20101],[38.51858,9.19919],[38.5202,9.20441],[38.5258,9.20711],[38.53052,9.21267],[38.53073,9.20396],[38.53424,9.2054],[38.53679,9.2084],[38.53589,9.21467],[38.54244,9.21267],[38.54873,9.2088],[38.54619,9.20465],[38.54874,9.20217],[38.54127,9.20513],[38.53458,9.20215],[38.53869,9.19105],[38.54394,9.19001],[38.54625,9.18729],[38.55219,9.18524],[38.55233,9.17376],[38.55541,9.1718],[38.55957,9.17409],[38.56232,9.16979],[38.56484,9.16842],[38.57399,9.17905],[38.57607,9.17466],[38.57862,9.17273],[38.58151,9.17442],[38.5857,9.17408],[38.59791,9.18049],[38.60475,9.17921],[38.61137,9.18175],[38.61253,9.17796],[38.61356,9.18047],[38.61333,9.18896],[38.61434,9.19184],[38.61742,9.19327],[38.62209,9.19266],[38.62419,9.18866],[38.62926,9.18494],[38.63441,9.18695],[38.63877,9.18459],[38.64402,9.18655],[38.64922,9.18675],[38.65261,9.18268],[38.65128,9.17904],[38.65771,9.17313],[38.66352,9.17533],[38.66636,9.17244],[38.67003,9.1715],[38.67252,9.17521],[38.68365,9.17767],[38.68758,9.18422],[38.691,9.18653],[38.70598,9.18731],[38.70576,9.1902],[38.7097,9.1929],[38.70989,9.1947],[38.7129,9.19474],[38.71172,9.19545],[38.71413,9.19991],[38.71293,9.20171],[38.71495,9.20452],[38.71334,9.2047],[38.71258,9.20773],[38.71534,9.2091],[38.71535,9.21103],[38.71744,9.21181],[38.71736,9.21377],[38.7195,9.21588],[38.72131,9.21418],[38.72252,9.21479],[38.72384,9.21214],[38.72418,9.21358],[38.72588,9.21304],[38.72521,9.20942],[38.7274,9.20916],[38.72764,9.20804],[38.72993,9.20929],[38.72875,9.21065],[38.73238,9.2097],[38.73338,9.21176],[38.73351,9.20995],[38.73613,9.20916],[38.73622,9.2121],[38.73693,9.20895],[38.7394,9.20782],[38.73804,9.2111],[38.74177,9.21186],[38.74321,9.21481],[38.74829,9.21471],[38.74989,9.21589],[38.74695,9.2169],[38.74513,9.21917],[38.74698,9.22446],[38.74517,9.22433],[38.748,9.22699],[38.74598,9.22776],[38.75175,9.23195],[38.75891,9.23139],[38.76094,9.23246],[38.77099,9.2301],[38.77364,9.22938],[38.77871,9.2239],[38.78134,9.22418],[38.78139,9.22287],[38.79094,9.22237],[38.79177,9.2205],[38.79825,9.21961],[38.79862,9.21631],[38.80086,9.21508],[38.80499,9.2084],[38.80785,9.20701],[38.80984,9.2025],[38.82617,9.19688],[38.83772,9.19543],[38.85757,9.18579],[38.86521,9.18547],[38.89415,9.18906],[38.90036,9.19333],[38.90168,9.1964],[38.90605,9.19571],[38.91257,9.19807],[38.91525,9.19517],[38.92585,9.20039],[38.93718,9.20385],[38.94624,9.19945],[38.95215,9.19182],[38.95251,9.18399],[38.95172,9.18281],[38.95076,9.1842],[38.94968,9.17826],[38.9452,9.17136],[38.94592,9.16827],[38.94469,9.16695],[38.94747,9.16358],[38.96059,9.15488],[38.96353,9.15081],[38.96215,9.14776],[38.96333,9.14391],[38.97152,9.13879],[38.97069,9.1353],[38.97477,9.13374],[38.9847,9.11859],[38.99013,9.11682],[38.99191,9.11364],[38.99362,9.11442],[38.99499,9.10579],[38.99759,9.10569],[38.99686,9.10429],[38.99993,9.10147],[38.99865,9.09496],[39.00376,9.09331],[38.99917,9.07802],[39.00048,9.07714],[38.9976,9.07665],[38.99269,9.07317],[38.9902,9.06786],[38.99899,9.04992],[38.99874,9.04187],[38.99689,9.04142],[38.9992,9.0414],[39.00371,9.03801],[39.00105,9.03487],[38.99749,9.01759],[38.98849,9.01547],[38.98784,9.00954],[38.98324,9.00823],[38.97812,9.00308],[38.97131,9.00307],[38.9675,9.00579],[38.96854,8.99229],[38.97209,8.99246],[38.97492,8.99068],[38.97733,8.98779],[38.9774,8.98242],[38.98187,8.97921],[38.98385,8.97276],[38.98863,8.97321],[38.98672,8.96965],[38.98823,8.96928],[38.98801,8.96648],[38.98962,8.96792],[38.99016,8.96711],[38.98858,8.96377],[38.99035,8.95981],[38.98383,8.9449],[38.97879,8.94251],[38.97709,8.94305],[38.96957,8.93886],[38.96968,8.93134],[38.97443,8.93307],[38.97651,8.93521],[38.97962,8.93532],[38.97829,8.92898],[38.97281,8.92138],[38.97529,8.92034],[38.97124,8.91734],[38.97088,8.91301],[38.96905,8.90942],[38.97035,8.90779],[38.9691,8.90138],[38.96561,8.89571],[38.9787,8.88927],[38.97687,8.89796],[38.98218,8.91051],[38.9879,8.9129],[38.99486,8.91973],[38.99819,8.92344],[38.99842,8.92866],[38.99966,8.92973],[39.00914,8.93055],[39.00674,8.93643],[39.00087,8.94086],[39.00082,8.9434],[39.00444,8.94962],[39.01176,8.95644],[39.01244,8.96359],[39.0201,8.96709],[39.02029,8.96919],[39.01668,8.97015],[39.01407,8.96784],[39.01762,8.97352],[39.02407,8.9753],[39.02492,8.97937],[39.0196,8.97745],[39.01887,8.97859],[39.01799,8.98696],[39.01239,9.00169],[39.02389,9.01263],[39.02844,9.01871],[39.02868,9.00899],[39.03631,9.00176],[39.04525,9.0094],[39.05462,9.01197],[39.06425,9.0208],[39.07185,9.01888],[39.0738,9.01705],[39.07632,9.01011],[39.07909,9.01044],[39.08528,9.01419],[39.09595,9.01403],[39.10394,9.02188],[39.10433,9.02358],[39.09914,9.05287],[39.09932,9.06117],[39.09494,9.07048],[39.10022,9.08278],[39.10229,9.08414],[39.1034,9.08268],[39.10462,9.08497],[39.10777,9.08322],[39.1096,9.08358],[39.11732,9.08971],[39.1185,9.0879],[39.12153,9.0884],[39.12267,9.09127],[39.12144,9.0929],[39.12376,9.09418],[39.12521,9.0993],[39.12649,9.0997],[39.13125,9.09779],[39.13324,9.0949],[39.13538,9.09552],[39.13974,9.09337],[39.14104,9.09409],[39.14337,9.09253],[39.14418,9.08881],[39.14902,9.08579],[39.15266,9.08513],[39.15534,9.08216],[39.16203,9.08304],[39.16572,9.0873],[39.17639,9.09445],[39.18485,9.1043],[39.19876,9.11145],[39.20845,9.11317],[39.22448,9.12936],[39.23506,9.13609],[39.24168,9.14499],[39.23368,9.15792],[39.21464,9.17338],[39.18859,9.20926],[39.21368,9.22812],[39.19974,9.24997],[39.19409,9.25241],[39.17774,9.27107],[39.20719,9.29194],[39.23366,9.29361],[39.26042,9.25032],[39.26617,9.24449],[39.28473,9.27754],[39.26621,9.28845],[39.26442,9.32419],[39.27828,9.31225],[39.28544,9.3158],[39.29147,9.33173],[39.29299,9.34917],[39.30303,9.35663],[39.30655,9.36609],[39.31959,9.36558],[39.3201,9.37405],[39.32512,9.38052],[39.33716,9.38051],[39.34668,9.37851],[39.35671,9.36903],[39.37301,9.37574],[39.37628,9.38395],[39.39485,9.3919],[39.40387,9.38044],[39.41189,9.37445],[39.42041,9.37145],[39.42594,9.37942],[39.44048,9.38139],[39.44564,9.38391],[39.45224,9.39392],[39.45387,9.4012],[39.44957,9.40471],[39.44309,9.41438],[39.44763,9.41881],[39.44932,9.42527],[39.44771,9.43249],[39.43773,9.43414],[39.43033,9.43388],[39.41125,9.44748],[39.39393,9.45505],[39.3879,9.44978],[39.3784,9.44608],[39.37274,9.44683],[39.37334,9.45799],[39.37692,9.46329],[39.37507,9.46706],[39.36308,9.47386],[39.35562,9.47423],[39.35039,9.47196],[39.34378,9.4723],[39.33857,9.47478],[39.31485,9.467],[39.30969,9.46768],[39.30553,9.47374],[39.30405,9.48114],[39.30106,9.48779],[39.2941,9.49174],[39.29362,9.50059],[39.30519,9.50524],[39.30254,9.512],[39.30213,9.5227],[39.31294,9.53556],[39.32294,9.52573],[39.32969,9.52656],[39.3414,9.54539],[39.35285,9.5492],[39.3606,9.54606],[39.37262,9.56404],[39.37647,9.56733],[39.37853,9.57309],[39.37793,9.58016],[39.37325,9.58289],[39.37336,9.59203],[39.37966,9.59627],[39.38419,9.6029],[39.38531,9.61072],[39.38882,9.61574],[39.38586,9.63082],[39.37545,9.62923],[39.36169,9.61892],[39.35439,9.61768],[39.35205,9.62205],[39.35333,9.63411],[39.35724,9.64786],[39.35775,9.65686],[39.36213,9.66153],[39.36818,9.66303],[39.3713,9.66997],[39.36098,9.68028],[39.36972,9.68957],[39.37011,9.69938],[39.36414,9.70145],[39.34449,9.699],[39.33935,9.70392],[39.33803,9.71021],[39.34076,9.7171],[39.34672,9.72514],[39.34178,9.72746],[39.32877,9.72437],[39.32045,9.72412],[39.31335,9.73144],[39.3081,9.74402],[39.29786,9.74803],[39.29174,9.74513],[39.28758,9.73396],[39.28039,9.73319],[39.26812,9.73974],[39.26359,9.73522],[39.26005,9.72931],[39.2552,9.7198],[39.24991,9.70491],[39.24477,9.70182],[39.23902,9.70239],[39.23281,9.69916],[39.22806,9.69371],[39.22501,9.69891],[39.2235,9.70521],[39.21675,9.7084],[39.21139,9.70475],[39.20864,9.71091],[39.20489,9.70656],[39.20013,9.70874],[39.19735,9.71635],[39.18417,9.72006],[39.18402,9.68576],[39.17863,9.68929],[39.17423,9.69485],[39.16627,9.69268],[39.16178,9.68878],[39.15569,9.68869],[39.14909,9.69077],[39.14537,9.69335],[39.14596,9.70844],[39.14774,9.71536],[39.14433,9.72071],[39.1449,9.72864],[39.14304,9.73532],[39.1393,9.74066],[39.13347,9.74139],[39.12269,9.73494],[39.117,9.73328],[39.1096,9.73248],[39.09769,9.73544],[39.0974,9.74382],[39.10453,9.7486],[39.10177,9.75505],[39.09221,9.76308],[39.08711,9.76151],[39.08209,9.75698],[39.07654,9.75458],[39.06888,9.75296],[39.05045,9.75344],[39.036,9.74701],[39.03497,9.7528],[39.03057,9.75548],[39.02362,9.75786],[39.01659,9.75773],[39.0122,9.7522],[38.9901,9.74597],[38.98076,9.75198],[38.97442,9.76111],[38.96795,9.75617],[38.96414,9.74905],[38.95209,9.73866],[38.95272,9.73268],[38.9591,9.71852],[38.96025,9.71076],[38.95382,9.71381],[38.94027,9.72516],[38.93473,9.72794],[38.92816,9.72509],[38.91775,9.71153],[38.90934,9.70873],[38.90442,9.71034],[38.87199,9.72958],[38.86654,9.73363],[38.85849,9.74494],[38.84026,9.75701],[38.83583,9.76299],[38.8289,9.76911],[38.82151,9.7845],[38.81823,9.80273],[38.8137,9.8062],[38.80778,9.81955],[38.80836,9.83532],[38.80549,9.85443],[38.80303,9.86211],[38.79864,9.87012],[38.79353,9.87625],[38.79085,9.88263],[38.79597,9.88906],[38.80246,9.90946],[38.80133,9.92218],[38.79782,9.92778],[38.7964,9.93372],[38.79732,9.94078],[38.80143,9.94651],[38.80267,9.95356],[38.80057,9.9622],[38.79687,9.96772],[38.7896,9.9719],[38.78476,9.97834],[38.77933,9.98238],[38.77122,9.9781],[38.76488,9.98064],[38.75806,9.98067],[38.75213,9.98472],[38.74024,9.98753],[38.73357,9.99288],[38.72545,9.99134],[38.71862,9.99602],[38.70985,9.99839],[38.69412,10.00782],[38.68649,10.008],[38.68112,10.01342],[38.67382,10.01515],[38.6695,10.01917],[38.66527,10.02592],[38.66082,10.03381],[38.66048,10.04547],[38.65724,10.05145],[38.66267,10.05736],[38.67447,10.05329],[38.68163,10.05278],[38.68869,10.05023],[38.69572,10.0509],[38.70146,10.04936],[38.70566,10.053],[38.72136,10.05144],[38.73385,10.05633],[38.74098,10.06109],[38.75124,10.06333],[38.75792,10.06825],[38.76495,10.07081],[38.77726,10.0828],[38.79198,10.08936],[38.79953,10.09027],[38.8053,10.0935],[38.81094,10.09441],[38.82362,10.10968],[38.829,10.10966],[38.83396,10.11294],[38.83909,10.1144],[38.84261,10.10992],[38.8526,10.11805],[38.84859,10.12389],[38.84722,10.13874],[38.84432,10.14431],[38.83921,10.14895],[38.83374,10.16185],[38.83492,10.17166],[38.8344,10.17924],[38.8381,10.19806],[38.83367,10.20395],[38.83268,10.21211],[38.83527,10.22573],[38.84072,10.23438],[38.84464,10.23816],[38.84763,10.24433],[38.84445,10.25065],[38.84458,10.25607],[38.86084,10.27798],[38.85947,10.28603],[38.85568,10.29474],[38.85535,10.31426],[38.85323,10.33378],[38.84507,10.35476],[38.84573,10.36102],[38.81565,10.36432],[38.80647,10.36884],[38.79069,10.36652],[38.77215,10.36616],[38.76123,10.37559],[38.74612,10.38375],[38.73824,10.38563],[38.71264,10.38687],[38.6974,10.37939],[38.6823,10.37904],[38.67602,10.37742],[38.67134,10.3741],[38.66416,10.37276],[38.65648,10.37361],[38.63028,10.38217],[38.62385,10.37835],[38.60466,10.3746],[38.59211,10.37439],[38.57797,10.37717],[38.56596,10.37431],[38.56021,10.37592],[38.54115,10.37029],[38.53439,10.3665],[38.52378,10.36781],[38.5153,10.36693],[38.50284,10.36326],[38.48349,10.36545],[38.47668,10.36326],[38.47609,10.35623],[38.47954,10.35113],[38.4812,10.34437],[38.47507,10.33067],[38.47531,10.3224],[38.47372,10.31461],[38.46792,10.31109],[38.46609,10.30522],[38.47253,10.2918],[38.46007,10.28997],[38.45787,10.28201],[38.46088,10.27596],[38.46267,10.26767],[38.45534,10.26114],[38.45575,10.25389],[38.45419,10.24669],[38.44807,10.24025],[38.43072,10.23162],[38.42417,10.22271],[38.41938,10.21985],[38.41939,10.21323],[38.43004,10.19313],[38.42105,10.18075],[38.42589,10.17783],[38.42572,10.17176],[38.40631,10.16037],[38.40206,10.15471],[38.40094,10.14864],[38.3975,10.14428],[38.37563,10.14035],[38.3663,10.14049],[38.35806,10.14431],[38.35701,10.15084],[38.35408,10.15507],[38.34828,10.15884],[38.34005,10.15622],[38.33332,10.15136],[38.33094,10.14309],[38.32596,10.13312],[38.32371,10.12343],[38.32652,10.11455],[38.32181,10.10719],[38.3086,10.10795],[38.30227,10.10345],[38.30035,10.09541],[38.29527,10.08925],[38.28613,10.08854],[38.28077,10.09093],[38.27176,10.0918],[38.25811,10.08765],[38.25238,10.08843],[38.25152,10.09648],[38.24779,10.10195],[38.24043,10.10263],[38.22197,10.09225],[38.21639,10.08636],[38.20374,10.08178],[38.1843,10.06684],[38.17663,10.06311],[38.17061,10.05775],[38.16991,10.05066],[38.16734,10.04608],[38.16035,10.0441],[38.15057,10.03512],[38.14513,10.03669],[38.14216,10.04325],[38.13695,10.04741],[38.13094,10.04745],[38.1253,10.04316],[38.11833,10.02899],[38.11709,10.02362],[38.11828,10.01775],[38.11313,10.01599],[38.10072,10.02226],[38.09408,10.02022],[38.08756,10.02025],[38.08028,10.01522],[38.08271,10.00751],[38.08121,10.00218],[38.0698,10.00152],[38.06432,9.9979],[38.05993,9.9818],[38.04811,9.98153],[38.04359,9.96978],[38.03388,9.96752],[38.02558,9.96831],[38.01601,9.96678],[38.00845,9.96413],[38.00256,9.95964],[37.99923,9.95358],[37.99342,9.94909],[37.97842,9.94908],[37.95707,9.93864],[37.95194,9.9384],[37.93874,9.94408],[37.93284,9.94128],[37.93079,9.93052],[37.93532,9.92596],[37.93508,9.91899],[37.93365,9.91655],[37.9433,9.90981],[37.95011,9.90081],[37.95436,9.89919],[37.95827,9.89048],[37.97014,9.87487],[37.9712,9.86992],[37.97949,9.87109],[37.98912,9.86995],[37.99641,9.87088],[38.00148,9.86961],[38.01263,9.86162],[38.01824,9.85345],[38.02258,9.85202],[38.02542,9.85259],[38.02762,9.85037],[38.03332,9.84847],[38.03597,9.8328],[38.04059,9.83012],[38.04475,9.83067],[38.04808,9.82805],[38.0505,9.82295],[38.04998,9.8142],[38.05451,9.80516],[38.05547,9.79705],[38.05463,9.79391],[38.05863,9.78763],[38.05661,9.7849],[38.0581,9.77808],[38.05537,9.77219],[38.05593,9.7693],[38.06707,9.75339],[38.06892,9.7477],[38.07257,9.74525],[38.07572,9.73932],[38.0773,9.7277],[38.08436,9.71557],[38.08452,9.71137],[38.08836,9.70322],[38.09178,9.69095],[38.0995,9.68272],[38.09954,9.67555],[38.10265,9.67114],[38.10313,9.66549],[38.10655,9.65883],[38.12106,9.64592],[38.12567,9.63987],[38.13042,9.6377],[38.13012,9.63905],[38.13323,9.6386],[38.14245,9.6412],[38.15091,9.64538],[38.15848,9.65806],[38.16211,9.66744],[38.17141,9.67715],[38.17776,9.688],[38.18766,9.69192],[38.20758,9.69671],[38.23409,9.6927],[38.24607,9.69326],[38.27165,9.6852],[38.28272,9.68324],[38.28871,9.67811],[38.29163,9.67885],[38.2945,9.67654],[38.3038,9.67383],[38.30586,9.67154],[38.31667,9.67228],[38.32124,9.67506],[38.32839,9.66686],[38.33236,9.65875],[38.34015,9.65006],[38.34965,9.64499],[38.35804,9.64366],[38.36348,9.63646],[38.36912,9.63513],[38.37229,9.63026],[38.39166,9.61602],[38.39125,9.61491],[38.39434,9.61394],[38.39465,9.61125],[38.39653,9.60905],[38.40908,9.61043],[38.41668,9.60867],[38.42846,9.60885],[38.43333,9.60734],[38.43991,9.60234],[38.44239,9.60287],[38.44457,9.60564],[38.44935,9.60313],[38.45276,9.59784],[38.45793,9.59431],[38.4573,9.59129],[38.45856,9.58852],[38.46308,9.58849],[38.4679,9.58416],[38.47451,9.58139],[38.48095,9.58234],[38.48852,9.57876],[38.49441,9.57881],[38.49729,9.58055],[38.50316,9.57805],[38.50901,9.57944],[38.51406,9.57451],[38.51839,9.57391],[38.51853,9.57213],[38.52842,9.5651],[38.52774,9.56129],[38.5282,9.55997],[38.53077,9.55916],[38.53125,9.55242],[38.53485,9.55089],[38.5383,9.54574],[38.5386,9.5412],[38.5373,9.53833],[38.53912,9.52527],[38.54935,9.50332],[38.5538,9.49796],[38.56804,9.49235],[38.5675,9.48954],[38.56279,9.48785],[38.56158,9.4889],[38.56173,9.49152],[38.55781,9.48447],[38.55549,9.48307],[38.55168,9.48355],[38.54473,9.47796],[38.54039,9.47781],[38.53957,9.47485],[38.5304,9.47186],[38.52847,9.47007],[38.52779,9.47198],[38.52615,9.47165],[38.52483,9.46837],[38.52083,9.46592],[38.52166,9.46079],[38.52806,9.4622],[38.54062,9.4541],[38.54633,9.45249],[38.55563,9.44055],[38.55521,9.43732],[38.55177,9.43696],[38.5478,9.43175],[38.54469,9.4314],[38.53412,9.42284],[38.53102,9.41631],[38.53192,9.41432],[38.53631,9.41184],[38.54491,9.39345],[38.5473,9.39144],[38.5474,9.38747],[38.5438,9.37541],[38.54517,9.36839],[38.53405,9.36556],[38.5328,9.36393],[38.5242,9.36083],[38.52189,9.36198],[38.51808,9.36125],[38.51595,9.35649],[38.50964,9.35265],[38.50678,9.34688],[38.505,9.34745],[38.49953,9.34378],[38.49804,9.34067],[38.49817,9.33447],[38.51051,9.32704],[38.50857,9.3243],[38.50404,9.32474],[38.4993,9.3184],[38.49931,9.3138],[38.49698,9.30707],[38.4969,9.29597],[38.4869,9.2827],[38.48406,9.277],[38.48564,9.27095],[38.4824,9.26092],[38.4848,9.25243],[38.49436,9.25103],[38.49422,9.25002],[38.49726,9.24845],[38.49577,9.2462],[38.50216,9.24283],[38.50254,9.24159],[38.50991,9.24141],[38.509,9.23906],[38.50438,9.2381],[38.50344,9.23535],[38.50446,9.23391]]]}},{"type":"Feature","id":"east_shewa","properties":{"zone_id":"east_shewa","prototype_id":"e-shewa","pcode":"ET0407","name_en":"East Shewa","name_om":"Shawaa Bahaa","name_am":"ምሥራቅ ሸዋ","name_om_verification":"pending_bureau_signoff","name_am_verification":"pending_bureau_signoff","source_dataset_id":"cod-ab-eth-v04","source_organization":"UN-OCHA FIS / Ethiopia CSA + BoFED","admin_level":"zone","area_sqkm":10095.87617,"valid_on":"2025-01-01"},"geometry":{"type":"Polygon","coordinates":[[[38.89763,8.00347],[38.90522,8.01592],[38.91466,8.02698],[38.9173,8.0422],[38.92729,8.08074],[38.93584,8.10548],[38.93646,8.12262],[38.94209,8.13992],[38.94318,8.1531],[38.94648,8.16241],[38.95633,8.1736],[38.97113,8.18415],[38.98276,8.18291],[38.9863,8.19107],[38.9892,8.19966],[38.98707,8.22023],[38.98198,8.24176],[38.9852,8.26072],[38.99314,8.27266],[38.99691,8.28126],[39.00317,8.28987],[39.00237,8.29219],[39.00393,8.29399],[39.03124,8.30951],[39.05608,8.31954],[39.05918,8.37211],[39.07879,8.37054],[39.10872,8.33625],[39.11011,8.33665],[39.11149,8.33103],[39.11947,8.32674],[39.12825,8.32327],[39.14168,8.3214],[39.14597,8.32293],[39.15016,8.32721],[39.15503,8.32771],[39.16085,8.32673],[39.16501,8.32321],[39.17467,8.28758],[39.17803,8.28306],[39.18604,8.27842],[39.18314,8.27225],[39.19125,8.27002],[39.18815,8.26333],[39.18658,8.25307],[39.18388,8.24647],[39.18276,8.23489],[39.2004,8.23403],[39.20614,8.23561],[39.20978,8.23829],[39.21379,8.23752],[39.21712,8.24133],[39.22191,8.24168],[39.2338,8.23846],[39.24148,8.23962],[39.2454,8.24245],[39.25092,8.25629],[39.25223,8.26949],[39.24944,8.27707],[39.24945,8.28274],[39.26127,8.31256],[39.26271,8.33083],[39.25863,8.3403],[39.26415,8.35491],[39.26381,8.36422],[39.27182,8.36673],[39.28394,8.37977],[39.28601,8.38137],[39.28968,8.38138],[39.29249,8.38902],[39.29401,8.38919],[39.29595,8.38332],[39.29975,8.38102],[39.3028,8.38257],[39.30483,8.3928],[39.30966,8.39406],[39.31251,8.3973],[39.3202,8.39588],[39.32813,8.40025],[39.34195,8.39926],[39.34516,8.39709],[39.3463,8.39381],[39.35438,8.39127],[39.35495,8.37779],[39.35619,8.37548],[39.35761,8.37558],[39.36115,8.38003],[39.36741,8.37896],[39.37596,8.38214],[39.37921,8.38146],[39.38188,8.37802],[39.38604,8.37617],[39.38924,8.37796],[39.39819,8.39213],[39.39826,8.39425],[39.39487,8.39688],[39.39152,8.40443],[39.39095,8.40964],[39.39274,8.41742],[39.39908,8.4232],[39.4032,8.4242],[39.40782,8.42042],[39.41099,8.42186],[39.41353,8.41996],[39.42119,8.41988],[39.42823,8.40709],[39.43794,8.41008],[39.44498,8.41538],[39.45375,8.41634],[39.46347,8.42298],[39.46978,8.41916],[39.47193,8.4199],[39.49389,8.43334],[39.50168,8.44327],[39.50786,8.45672],[39.51378,8.45763],[39.52138,8.46261],[39.52462,8.4706],[39.52779,8.47387],[39.52968,8.47835],[39.54128,8.48682],[39.55097,8.49916],[39.56376,8.50647],[39.56912,8.51941],[39.57353,8.5239],[39.58236,8.52394],[39.58552,8.52716],[39.59078,8.52908],[39.59036,8.53248],[39.60047,8.53276],[39.60605,8.53559],[39.60888,8.53489],[39.615,8.52916],[39.61644,8.52906],[39.61874,8.5339],[39.6221,8.52991],[39.62623,8.5284],[39.63039,8.53144],[39.63242,8.53506],[39.64022,8.54127],[39.63869,8.54184],[39.63949,8.54298],[39.63311,8.54191],[39.63618,8.55174],[39.63944,8.5528],[39.64336,8.55099],[39.64798,8.55098],[39.65281,8.55708],[39.65011,8.5615],[39.65159,8.56764],[39.66,8.57001],[39.66369,8.57365],[39.66793,8.57568],[39.67372,8.57522],[39.67715,8.58066],[39.6854,8.58057],[39.69391,8.5907],[39.69677,8.6014],[39.7009,8.60304],[39.70243,8.60676],[39.70524,8.6059],[39.71045,8.60871],[39.71472,8.61795],[39.71328,8.62531],[39.71809,8.63386],[39.72676,8.63749],[39.73101,8.63773],[39.73506,8.6426],[39.74975,8.64341],[39.7501,8.645],[39.75385,8.64727],[39.75568,8.6509],[39.75881,8.6515],[39.76471,8.65014],[39.77003,8.64515],[39.77299,8.64978],[39.77426,8.64998],[39.78017,8.64762],[39.78495,8.64748],[39.78733,8.64937],[39.78995,8.65523],[39.79759,8.66226],[39.80024,8.66246],[39.80316,8.66073],[39.81254,8.66585],[39.8364,8.67343],[39.85508,8.66744],[39.85833,8.67106],[39.85904,8.67886],[39.86135,8.68432],[39.87995,8.69469],[39.88867,8.70482],[39.90486,8.71622],[39.92013,8.70959],[39.9283,8.70857],[39.93622,8.70187],[39.94315,8.70473],[39.95159,8.67729],[39.97309,8.66349],[39.98095,8.66174],[39.99167,8.66175],[40.00149,8.66869],[40.00848,8.67811],[40.01859,8.67959],[40.02643,8.68678],[40.02716,8.68937],[40.03482,8.69293],[40.03555,8.69666],[40.03804,8.69834],[40.03993,8.70236],[40.04462,8.70407],[40.04615,8.70744],[40.05203,8.7076],[40.05398,8.70896],[40.05385,8.71441],[40.05667,8.71484],[40.05725,8.7162],[40.05659,8.72392],[40.05904,8.73593],[40.062,8.73707],[40.06523,8.74435],[40.07058,8.74721],[40.07577,8.74547],[40.07849,8.75311],[40.07771,8.75591],[40.08204,8.7574],[40.08058,8.76146],[40.08477,8.76346],[40.08579,8.76956],[40.09004,8.77848],[40.08998,8.78164],[40.08499,8.79081],[40.07609,8.79668],[40.07344,8.80329],[40.07287,8.80495],[40.07646,8.81172],[40.07382,8.81962],[40.08117,8.82868],[40.08161,8.83299],[40.08832,8.84276],[40.08742,8.84546],[40.094,8.84896],[40.09466,8.85104],[40.09196,8.85531],[40.09703,8.86004],[40.09791,8.86377],[40.09636,8.8648],[40.08097,8.85135],[40.06695,8.84397],[40.05119,8.84063],[40.04035,8.84111],[40.02422,8.84505],[40.01041,8.85609],[40.01092,8.87078],[40.01927,8.88913],[40.03662,8.90653],[40.04388,8.94232],[40.0511,8.96136],[40.04746,8.97789],[40.03482,8.99445],[40.02193,9.00228],[39.99956,9.00716],[39.96817,9.00356],[39.94763,9.0036],[39.95187,9.02999],[39.94246,9.04769],[39.9284,9.05415],[39.91875,9.06841],[39.91561,9.09734],[39.90902,9.1318],[39.89842,9.13894],[39.87766,9.14473],[39.84901,9.13813],[39.83908,9.13838],[39.80773,9.13545],[39.80196,9.12605],[39.79713,9.12147],[39.7938,9.11274],[39.76392,9.09513],[39.74245,9.09126],[39.7475,9.06313],[39.74617,9.05516],[39.74024,9.03954],[39.74116,9.02302],[39.74616,9.01526],[39.74651,9.00976],[39.74829,8.94674],[39.74801,8.91028],[39.7385,8.87206],[39.73688,8.85721],[39.73133,8.84419],[39.73328,8.82624],[39.71673,8.81608],[39.67917,8.81565],[39.66214,8.81319],[39.6501,8.80275],[39.63407,8.7988],[39.61702,8.78687],[39.59901,8.79288],[39.5915,8.79687],[39.56199,8.81784],[39.55179,8.76875],[39.53378,8.75796],[39.50075,8.71481],[39.49225,8.72528],[39.47024,8.74175],[39.44923,8.75224],[39.43973,8.76769],[39.43124,8.79012],[39.41775,8.81454],[39.40549,8.80996],[39.38618,8.79864],[39.37816,8.79117],[39.37465,8.77972],[39.37363,8.76677],[39.3771,8.7309],[39.36107,8.72095],[39.34205,8.72695],[39.33155,8.7409],[39.32454,8.74689],[39.30531,8.72173],[39.29898,8.71851],[39.28581,8.71779],[39.27045,8.72451],[39.26195,8.74694],[39.27298,8.76685],[39.27199,8.78304],[39.26649,8.79376],[39.25899,8.80373],[39.25449,8.81319],[39.24385,8.82768],[39.24399,8.83661],[39.26553,8.84308],[39.26052,8.85055],[39.23749,8.86202],[39.24102,8.88892],[39.25908,8.91002],[39.26538,8.92239],[39.2586,8.96264],[39.26964,8.98056],[39.28819,8.99898],[39.29675,9.05327],[39.3153,9.06023],[39.34703,9.06417],[39.35701,9.06208],[39.35421,9.07074],[39.34847,9.07658],[39.3486,9.08806],[39.34293,9.09964],[39.32884,9.13721],[39.32016,9.14022],[39.32317,9.14879],[39.29413,9.14927],[39.24952,9.13559],[39.24194,9.1455],[39.23506,9.13609],[39.22448,9.12936],[39.20845,9.11317],[39.19876,9.11145],[39.18485,9.1043],[39.17639,9.09445],[39.16572,9.0873],[39.16203,9.08304],[39.15534,9.08216],[39.15266,9.08513],[39.14902,9.08579],[39.14418,9.08881],[39.14337,9.09253],[39.14104,9.09409],[39.13974,9.09337],[39.13538,9.09552],[39.13324,9.0949],[39.13125,9.09779],[39.12649,9.0997],[39.12521,9.0993],[39.12376,9.09418],[39.12144,9.0929],[39.12267,9.09127],[39.12153,9.0884],[39.1185,9.0879],[39.11732,9.08971],[39.1096,9.08358],[39.10777,9.08322],[39.10462,9.08497],[39.1034,9.08268],[39.10229,9.08414],[39.10022,9.08278],[39.09494,9.07048],[39.09932,9.06117],[39.09879,9.05573],[39.10394,9.02188],[39.09595,9.01403],[39.08528,9.01419],[39.07909,9.01044],[39.07632,9.01011],[39.0738,9.01705],[39.07185,9.01888],[39.06425,9.0208],[39.05462,9.01197],[39.04525,9.0094],[39.03631,9.00176],[39.02868,9.00899],[39.02844,9.01871],[39.02389,9.01263],[39.01239,9.00169],[39.01799,8.98696],[39.01887,8.97859],[39.0196,8.97745],[39.02492,8.97937],[39.02407,8.9753],[39.01762,8.97352],[39.01407,8.96784],[39.01668,8.97015],[39.02029,8.96919],[39.0201,8.96709],[39.01244,8.96359],[39.01176,8.95644],[39.00444,8.94962],[39.00082,8.9434],[39.00087,8.94086],[39.00674,8.93643],[39.00914,8.93055],[38.99966,8.92973],[38.99842,8.92866],[38.99819,8.92344],[38.99486,8.91973],[38.9879,8.9129],[38.98218,8.91051],[38.97687,8.89796],[38.9787,8.88927],[38.96587,8.89594],[38.96313,8.89319],[38.96323,8.88046],[38.95666,8.87403],[38.95521,8.8683],[38.94424,8.85805],[38.94129,8.85148],[38.94104,8.84715],[38.93891,8.84408],[38.94047,8.84132],[38.93949,8.83809],[38.93164,8.8371],[38.92627,8.83392],[38.92241,8.8366],[38.91022,8.84045],[38.9097,8.84204],[38.90469,8.8448],[38.90305,8.84236],[38.89457,8.8438],[38.8937,8.83964],[38.89108,8.84356],[38.88686,8.8457],[38.88684,8.84124],[38.88342,8.83719],[38.88345,8.83486],[38.88044,8.83425],[38.87474,8.8235],[38.87535,8.82197],[38.87345,8.82018],[38.86808,8.81975],[38.8624,8.80832],[38.85469,8.80415],[38.84585,8.803],[38.83077,8.79564],[38.8287,8.79182],[38.82341,8.7881],[38.80437,8.78959],[38.79727,8.79333],[38.7954,8.78854],[38.78672,8.77707],[38.78332,8.77838],[38.78261,8.78013],[38.77552,8.78092],[38.77408,8.78385],[38.76985,8.78694],[38.76048,8.79187],[38.75398,8.79178],[38.7514,8.79118],[38.74874,8.78839],[38.74643,8.78761],[38.74253,8.78848],[38.73934,8.7868],[38.73455,8.78043],[38.72419,8.78194],[38.71927,8.77957],[38.71614,8.77426],[38.71282,8.77223],[38.71309,8.77032],[38.71099,8.76715],[38.70999,8.76805],[38.71482,8.75123],[38.71632,8.7482],[38.7214,8.74514],[38.72703,8.73129],[38.72143,8.72462],[38.72172,8.72352],[38.72484,8.71896],[38.73086,8.71792],[38.74212,8.71282],[38.74552,8.70764],[38.74521,8.69703],[38.7432,8.69468],[38.74056,8.6818],[38.74204,8.67938],[38.74485,8.67964],[38.74422,8.67424],[38.74845,8.67401],[38.74735,8.67248],[38.74958,8.67173],[38.74726,8.66424],[38.75163,8.66401],[38.75327,8.66228],[38.75193,8.65913],[38.75202,8.65487],[38.75029,8.65223],[38.75279,8.64703],[38.75303,8.64309],[38.74867,8.63684],[38.75019,8.63283],[38.74795,8.63055],[38.75142,8.62486],[38.75173,8.62109],[38.7503,8.61915],[38.74624,8.62288],[38.74073,8.6247],[38.72517,8.63614],[38.72221,8.63713],[38.71794,8.6374],[38.71117,8.63379],[38.69845,8.63476],[38.69624,8.61814],[38.69543,8.61612],[38.69115,8.61541],[38.68979,8.60989],[38.69188,8.60999],[38.6925,8.60771],[38.68973,8.6049],[38.68992,8.60347],[38.69305,8.60218],[38.70319,8.6037],[38.70406,8.59864],[38.7008,8.59266],[38.7061,8.59075],[38.70625,8.58894],[38.7039,8.58431],[38.70001,8.58199],[38.69748,8.57608],[38.69746,8.57309],[38.69958,8.57156],[38.7005,8.56864],[38.71208,8.5687],[38.7198,8.56695],[38.72533,8.56801],[38.7265,8.56645],[38.7314,8.56665],[38.73501,8.56488],[38.73732,8.56081],[38.74035,8.56024],[38.74247,8.55459],[38.74411,8.55249],[38.74675,8.5523],[38.7482,8.54823],[38.7508,8.54694],[38.75671,8.54747],[38.7631,8.54554],[38.76067,8.53271],[38.76144,8.52494],[38.75976,8.51422],[38.75736,8.51278],[38.75409,8.50431],[38.75371,8.49636],[38.74886,8.49047],[38.74845,8.47696],[38.75014,8.44973],[38.7535,8.44715],[38.75562,8.44715],[38.75672,8.4504],[38.76004,8.44878],[38.76106,8.44009],[38.75899,8.43724],[38.76096,8.43418],[38.76351,8.43375],[38.76339,8.42985],[38.76582,8.42619],[38.7653,8.41389],[38.76791,8.40166],[38.76551,8.39338],[38.76254,8.3934],[38.75803,8.39077],[38.7542,8.39089],[38.74655,8.38558],[38.7437,8.38773],[38.74277,8.39053],[38.74141,8.39075],[38.73465,8.38714],[38.71587,8.38497],[38.7102,8.38258],[38.7026,8.38401],[38.696,8.38373],[38.69357,8.3789],[38.69193,8.3784],[38.68655,8.37163],[38.68416,8.36357],[38.66723,8.35049],[38.66603,8.32696],[38.65095,8.28508],[38.66206,8.27084],[38.70205,8.24447],[38.71592,8.23116],[38.71602,8.21945],[38.69315,8.20338],[38.68219,8.19043],[38.67864,8.17123],[38.68451,8.12245],[38.67926,8.09581],[38.67284,8.08986],[38.66659,8.0956],[38.65409,8.11375],[38.63513,8.13234],[38.63002,8.14406],[38.60354,8.22294],[38.60072,8.24963],[38.59354,8.2602],[38.57922,8.26361],[38.56075,8.26609],[38.54926,8.26268],[38.54205,8.24611],[38.54255,8.22585],[38.55159,8.21299],[38.56802,8.19393],[38.58146,8.17188],[38.58726,8.15624],[38.58799,8.14243],[38.58848,8.12724],[38.58394,8.1081],[38.59341,8.09088],[38.62185,8.06841],[38.61611,8.05666],[38.61268,8.0433],[38.6277,8.0336],[38.62455,8.02616],[38.60997,8.01158],[38.6122,8.00684],[38.59737,7.99059],[38.58867,7.96107],[38.58651,7.93826],[38.57576,7.92428],[38.5666,7.90537],[38.56309,7.8852],[38.54949,7.87087],[38.51291,7.84891],[38.50346,7.83095],[38.49996,7.81122],[38.49244,7.79539],[38.44485,7.75953],[38.44262,7.73883],[38.43865,7.71887],[38.42582,7.69676],[38.41243,7.68155],[38.41088,7.66223],[38.41822,7.64248],[38.42026,7.62434],[38.40856,7.60514],[38.40082,7.5953],[38.40104,7.5787],[38.42282,7.56674],[38.42322,7.57224],[38.42557,7.57275],[38.42743,7.57969],[38.43083,7.58292],[38.43326,7.58196],[38.44196,7.58315],[38.44305,7.58126],[38.44397,7.58397],[38.44839,7.58359],[38.45154,7.58777],[38.45129,7.58976],[38.45843,7.59098],[38.46091,7.59334],[38.46617,7.60534],[38.46454,7.6047],[38.46426,7.60848],[38.45959,7.60767],[38.4587,7.61045],[38.47509,7.62309],[38.49916,7.6345],[38.51263,7.65034],[38.53605,7.66981],[38.53793,7.66981],[38.54578,7.68534],[38.61251,7.66724],[38.6391,7.67077],[38.6684,7.6793],[38.69704,7.68354],[38.71018,7.67958],[38.7154,7.68397],[38.71848,7.68851],[38.72304,7.69142],[38.73645,7.6958],[38.73893,7.69502],[38.73973,7.68979],[38.74545,7.68553],[38.74571,7.67923],[38.74794,7.67439],[38.7492,7.67539],[38.75047,7.68209],[38.75234,7.68383],[38.75012,7.68722],[38.75123,7.69323],[38.77937,7.68867],[38.7796,7.68296],[38.77302,7.67823],[38.76865,7.67877],[38.76723,7.67742],[38.76566,7.67911],[38.75945,7.67959],[38.75783,7.67788],[38.75536,7.67795],[38.75731,7.6711],[38.76342,7.66854],[38.76488,7.66307],[38.76707,7.6658],[38.77229,7.66769],[38.77489,7.66628],[38.77669,7.66313],[38.78228,7.66991],[38.78805,7.66756],[38.7893,7.6661],[38.79007,7.65901],[38.79895,7.64776],[38.79838,7.6588],[38.80127,7.66826],[38.80628,7.67739],[38.80508,7.6799],[38.81041,7.69938],[38.8141,7.70065],[38.81754,7.69848],[38.82131,7.69947],[38.82455,7.69881],[38.83369,7.70414],[38.83523,7.70214],[38.8398,7.70165],[38.84208,7.70663],[38.84838,7.70719],[38.85913,7.70394],[38.86367,7.70422],[38.87661,7.6932],[38.88739,7.70368],[38.89073,7.72064],[38.89245,7.72415],[38.89092,7.72913],[38.88052,7.73685],[38.87635,7.75172],[38.8784,7.75728],[38.87471,7.76349],[38.87305,7.76196],[38.8636,7.76496],[38.86576,7.77957],[38.87015,7.78517],[38.85348,7.79027],[38.85216,7.79258],[38.85285,7.79732],[38.85809,7.80843],[38.85704,7.81455],[38.85474,7.8183],[38.84966,7.82244],[38.8481,7.82899],[38.83877,7.84581],[38.83914,7.85625],[38.8301,7.8542],[38.81409,7.85682],[38.81012,7.86119],[38.80386,7.86071],[38.7998,7.86475],[38.79512,7.86599],[38.79251,7.87074],[38.78184,7.87855],[38.77728,7.88756],[38.80664,7.90937],[38.81933,7.92644],[38.87237,7.98507],[38.89418,7.99771],[38.89763,8.00347]]]}},{"type":"Feature","id":"arsi","properties":{"zone_id":"arsi","prototype_id":"arsi","pcode":"ET0408","name_en":"Arsi","name_om":"Arsii","name_am":"አርሲ","name_om_verification":"pending_bureau_signoff","name_am_verification":"pending_bureau_signoff","source_dataset_id":"cod-ab-eth-v04","source_organization":"UN-OCHA FIS / Ethiopia CSA + BoFED","admin_level":"zone","area_sqkm":20628.60119642,"valid_on":"2025-01-01"},"geometry":{"type":"Polygon","coordinates":[[[39.49847,7.35223],[39.49827,7.35545],[39.50643,7.35729],[39.51048,7.36026],[39.50984,7.37348],[39.5166,7.38341],[39.52244,7.39723],[39.52514,7.3988],[39.53194,7.39823],[39.54322,7.40385],[39.5439,7.40756],[39.54216,7.41115],[39.5431,7.42335],[39.54558,7.42817],[39.55619,7.43559],[39.55653,7.4398],[39.56631,7.44541],[39.57068,7.44655],[39.57292,7.44352],[39.57725,7.44351],[39.58434,7.44934],[39.58614,7.44754],[39.59113,7.44932],[39.59674,7.44581],[39.60022,7.44665],[39.60343,7.44581],[39.60813,7.4491],[39.60956,7.45191],[39.61662,7.45395],[39.61736,7.45636],[39.62176,7.45857],[39.62663,7.46836],[39.63185,7.47118],[39.63301,7.47554],[39.63617,7.47583],[39.63687,7.47808],[39.64192,7.47999],[39.6451,7.47735],[39.6559,7.47896],[39.65787,7.48154],[39.66297,7.48075],[39.6647,7.47936],[39.66345,7.47768],[39.6646,7.47543],[39.66767,7.47538],[39.6692,7.47662],[39.66857,7.47179],[39.67168,7.46709],[39.68135,7.46978],[39.68552,7.46939],[39.68619,7.46686],[39.69003,7.46762],[39.69888,7.4738],[39.70344,7.47193],[39.70794,7.47173],[39.7101,7.46952],[39.71278,7.4699],[39.71367,7.46657],[39.7151,7.46561],[39.7211,7.46364],[39.72273,7.46488],[39.72829,7.46459],[39.73723,7.46192],[39.73981,7.45861],[39.75342,7.45347],[39.75517,7.44951],[39.7579,7.44908],[39.7625,7.44472],[39.76465,7.44036],[39.76752,7.44073],[39.77272,7.43778],[39.77632,7.43821],[39.77685,7.44237],[39.78338,7.44533],[39.79184,7.44227],[39.80316,7.44474],[39.80576,7.4477],[39.8068,7.45222],[39.81083,7.45418],[39.81069,7.45657],[39.81494,7.46295],[39.82065,7.46423],[39.82171,7.46725],[39.82632,7.46882],[39.83507,7.46753],[39.83727,7.46595],[39.84082,7.46704],[39.84212,7.46939],[39.84409,7.46938],[39.84801,7.46559],[39.85257,7.46544],[39.85556,7.46211],[39.85801,7.46196],[39.8593,7.46397],[39.86156,7.4643],[39.86224,7.46727],[39.86708,7.46726],[39.87105,7.47297],[39.87258,7.47373],[39.87714,7.47228],[39.87643,7.47947],[39.87816,7.47965],[39.88007,7.47793],[39.88856,7.47858],[39.89541,7.48338],[39.90399,7.48431],[39.90654,7.48575],[39.90797,7.48383],[39.91419,7.48762],[39.91783,7.48618],[39.92234,7.48655],[39.92616,7.48934],[39.92937,7.48776],[39.93896,7.48869],[39.94064,7.4873],[39.94399,7.48768],[39.94553,7.48619],[39.94797,7.48666],[39.95128,7.48536],[39.95191,7.48658],[39.9493,7.48918],[39.95751,7.49055],[39.96349,7.48681],[39.96511,7.48034],[39.96799,7.47971],[39.97198,7.48187],[39.97635,7.47632],[39.98093,7.47935],[39.98443,7.47796],[39.99474,7.47894],[40.00502,7.47415],[40.01102,7.47825],[40.01533,7.47312],[40.01912,7.47436],[40.02058,7.47625],[40.02442,7.477],[40.03204,7.47263],[40.03703,7.47348],[40.04068,7.46737],[40.04833,7.46699],[40.05424,7.46217],[40.05726,7.4624],[40.06026,7.46481],[40.06323,7.46313],[40.0652,7.46604],[40.06966,7.46618],[40.07814,7.46252],[40.0816,7.45665],[40.08169,7.45378],[40.08457,7.45171],[40.08453,7.44666],[40.0863,7.44369],[40.09329,7.4409],[40.0977,7.44094],[40.10163,7.43863],[40.11117,7.44018],[40.11646,7.43536],[40.12693,7.43344],[40.13624,7.43667],[40.14398,7.43572],[40.14606,7.43873],[40.15249,7.43706],[40.15952,7.43836],[40.1656,7.44402],[40.17227,7.44405],[40.17295,7.44672],[40.18206,7.4478],[40.18406,7.45194],[40.18419,7.45655],[40.1882,7.45607],[40.18992,7.45272],[40.19323,7.45199],[40.19404,7.45233],[40.19325,7.45629],[40.20037,7.46235],[40.21305,7.464],[40.21499,7.46592],[40.21459,7.47288],[40.21584,7.47432],[40.22312,7.47372],[40.22919,7.48289],[40.23193,7.48451],[40.23525,7.489],[40.2382,7.48721],[40.24056,7.48821],[40.24319,7.49329],[40.24673,7.49605],[40.25066,7.49412],[40.25912,7.5007],[40.26584,7.5036],[40.2659,7.50671],[40.26914,7.5101],[40.2716,7.51075],[40.27696,7.50727],[40.28075,7.50769],[40.28724,7.51288],[40.29041,7.51397],[40.29242,7.51574],[40.29191,7.5216],[40.29813,7.53034],[40.30172,7.5299],[40.30364,7.53145],[40.30567,7.5368],[40.30535,7.54087],[40.31194,7.54815],[40.32118,7.54833],[40.3259,7.54992],[40.33096,7.5563],[40.33759,7.56106],[40.33896,7.56907],[40.34875,7.57225],[40.35026,7.57882],[40.35582,7.57928],[40.3626,7.58338],[40.36593,7.59102],[40.36855,7.59396],[40.37708,7.59699],[40.38045,7.60134],[40.3864,7.60364],[40.39441,7.604],[40.39634,7.60557],[40.39663,7.60777],[40.3954,7.61328],[40.40289,7.61603],[40.40722,7.61986],[40.41672,7.61974],[40.42918,7.63239],[40.43556,7.6309],[40.44122,7.6321],[40.44592,7.63146],[40.44828,7.63274],[40.45431,7.63134],[40.4629,7.6321],[40.46556,7.63725],[40.46848,7.63705],[40.47122,7.63886],[40.4719,7.64149],[40.47459,7.64182],[40.47709,7.64391],[40.48088,7.64416],[40.49411,7.6545],[40.49679,7.65349],[40.50083,7.65599],[40.50515,7.65621],[40.50976,7.6582],[40.51225,7.65714],[40.51777,7.65901],[40.51997,7.65505],[40.52346,7.65325],[40.53017,7.65356],[40.53073,7.64954],[40.53351,7.64819],[40.5504,7.64954],[40.55199,7.65145],[40.55141,7.65642],[40.56085,7.67357],[40.56023,7.67625],[40.56143,7.68029],[40.55853,7.68401],[40.5634,7.69038],[40.56812,7.69273],[40.56798,7.69553],[40.56219,7.70036],[40.56556,7.70255],[40.56735,7.70713],[40.57196,7.7085],[40.57529,7.71297],[40.57531,7.71866],[40.57657,7.72167],[40.57969,7.72438],[40.58182,7.72899],[40.58831,7.73352],[40.58671,7.73692],[40.5844,7.73855],[40.58575,7.7402],[40.58523,7.74374],[40.59728,7.74398],[40.60449,7.74908],[40.60369,7.7535],[40.60451,7.75451],[40.60283,7.75849],[40.60493,7.76014],[40.6095,7.75969],[40.60843,7.76883],[40.61021,7.76968],[40.61097,7.77221],[40.6154,7.77193],[40.61824,7.77394],[40.61913,7.78101],[40.62355,7.78453],[40.62538,7.79142],[40.62762,7.79128],[40.63237,7.7962],[40.63748,7.79545],[40.63715,7.79836],[40.64068,7.80152],[40.64601,7.80066],[40.65134,7.80553],[40.65859,7.80497],[40.66661,7.81231],[40.67071,7.81262],[40.67264,7.80786],[40.67392,7.80806],[40.67885,7.81628],[40.68427,7.8199],[40.68738,7.82465],[40.69215,7.82456],[40.69596,7.81899],[40.69697,7.82079],[40.69591,7.82435],[40.69924,7.82255],[40.70938,7.82548],[40.71161,7.83228],[40.70975,7.83379],[40.7088,7.83735],[40.71159,7.84114],[40.71394,7.85244],[40.72237,7.86006],[40.72796,7.87079],[40.72367,7.87488],[40.72483,7.87727],[40.72875,7.87828],[40.72754,7.88736],[40.7304,7.89512],[40.73391,7.89896],[40.72889,7.90627],[40.7135,7.9031],[40.71255,7.8988],[40.71044,7.89717],[40.70377,7.89854],[40.69658,7.89827],[40.69499,7.89484],[40.69236,7.89313],[40.68488,7.89802],[40.68064,7.89844],[40.67885,7.90069],[40.67305,7.89347],[40.66973,7.89312],[40.66386,7.88922],[40.66103,7.89187],[40.65625,7.89361],[40.65217,7.90097],[40.64907,7.89616],[40.64894,7.89233],[40.64707,7.88879],[40.64457,7.88838],[40.64182,7.89243],[40.63889,7.89199],[40.63512,7.8876],[40.62966,7.88956],[40.62898,7.8883],[40.63301,7.88499],[40.63179,7.88117],[40.63,7.88067],[40.62648,7.88262],[40.6176,7.87722],[40.61525,7.87843],[40.61257,7.87806],[40.61436,7.87006],[40.60558,7.87028],[40.59574,7.86362],[40.59125,7.86969],[40.58516,7.87018],[40.58191,7.8747],[40.57733,7.87559],[40.57072,7.88042],[40.56609,7.88176],[40.56423,7.88638],[40.56118,7.88986],[40.55832,7.89112],[40.55618,7.89568],[40.54493,7.89925],[40.54378,7.90589],[40.54203,7.90765],[40.54198,7.91303],[40.52916,7.91502],[40.5227,7.92196],[40.51708,7.92333],[40.5093,7.92949],[40.50565,7.92925],[40.50597,7.933],[40.50482,7.93406],[40.50118,7.93384],[40.50017,7.9312],[40.49881,7.9311],[40.49471,7.93582],[40.49323,7.94077],[40.48933,7.93806],[40.48487,7.94023],[40.48111,7.93989],[40.4794,7.94115],[40.47754,7.94688],[40.46852,7.94922],[40.46804,7.95542],[40.46597,7.95885],[40.4578,7.96233],[40.45881,7.97046],[40.45678,7.97174],[40.45447,7.9707],[40.44753,7.97195],[40.4476,7.97755],[40.44094,7.98438],[40.43633,7.99197],[40.42926,7.99615],[40.41795,7.99811],[40.40941,8.00202],[40.40787,8.00513],[40.40741,8.01196],[40.40416,8.01577],[40.40386,8.02185],[40.40199,8.02708],[40.39774,8.03185],[40.38529,8.03732],[40.39383,8.05465],[40.39183,8.05705],[40.38696,8.05742],[40.38491,8.05923],[40.38417,8.06233],[40.38722,8.06755],[40.38623,8.0711],[40.37084,8.09846],[40.36731,8.10291],[40.36598,8.10304],[40.36619,8.10618],[40.3636,8.10928],[40.36413,8.1121],[40.35742,8.12799],[40.361,8.13411],[40.37076,8.14254],[40.37322,8.14332],[40.37549,8.14785],[40.38269,8.15224],[40.38618,8.1605],[40.38348,8.16614],[40.38446,8.16808],[40.38774,8.16891],[40.38785,8.17727],[40.38957,8.18079],[40.38606,8.18583],[40.38541,8.19421],[40.38085,8.19593],[40.37949,8.20044],[40.38015,8.20423],[40.37668,8.20862],[40.3755,8.21283],[40.37694,8.21734],[40.37567,8.21951],[40.37613,8.22332],[40.37351,8.22832],[40.37608,8.23192],[40.37422,8.23439],[40.37466,8.24347],[40.36878,8.24954],[40.36661,8.25419],[40.36274,8.25735],[40.36271,8.26077],[40.35747,8.27034],[40.35957,8.27436],[40.35419,8.2781],[40.35264,8.2807],[40.35148,8.29268],[40.34106,8.30075],[40.33959,8.30725],[40.33661,8.31091],[40.33617,8.31481],[40.33081,8.31775],[40.3295,8.32177],[40.33305,8.32413],[40.33298,8.32541],[40.32998,8.32805],[40.32918,8.33102],[40.32427,8.33543],[40.32262,8.33981],[40.32227,8.34357],[40.3259,8.35126],[40.32366,8.35493],[40.32352,8.35934],[40.32174,8.36161],[40.31835,8.36168],[40.31461,8.36683],[40.31463,8.37077],[40.31263,8.37318],[40.31268,8.38198],[40.30936,8.38943],[40.31004,8.39139],[40.30679,8.3975],[40.30862,8.4088],[40.30572,8.41479],[40.30765,8.42452],[40.30373,8.4293],[40.30094,8.43074],[40.29945,8.43605],[40.3018,8.4418],[40.30097,8.44574],[40.30336,8.44857],[40.30136,8.45784],[40.30285,8.47341],[40.30788,8.48619],[40.30443,8.50028],[40.30586,8.50371],[40.30482,8.50824],[40.30736,8.51496],[40.30568,8.52105],[40.30189,8.52777],[40.30381,8.53708],[40.30154,8.54552],[40.30046,8.55657],[40.30138,8.56079],[40.3012,8.58532],[40.2982,8.59467],[40.29112,8.60661],[40.28594,8.61027],[40.2788,8.61823],[40.25824,8.60661],[40.26189,8.58355],[40.25801,8.57157],[40.23477,8.57106],[40.22748,8.56962],[40.19245,8.54213],[40.18276,8.53906],[40.17976,8.54285],[40.17624,8.54188],[40.17484,8.54774],[40.16743,8.55604],[40.16949,8.56394],[40.16933,8.57091],[40.16471,8.57863],[40.16661,8.5837],[40.17926,8.59867],[40.18061,8.60918],[40.17631,8.61482],[40.16963,8.61768],[40.15708,8.61977],[40.14288,8.62747],[40.13539,8.62544],[40.12109,8.61824],[40.11794,8.61844],[40.10561,8.62892],[40.09555,8.63541],[40.08438,8.63644],[40.07902,8.63957],[40.07415,8.63658],[40.06601,8.63647],[40.05924,8.63107],[40.04284,8.63339],[40.0355,8.63868],[40.02952,8.64692],[40.03156,8.66433],[40.0301,8.66841],[40.0311,8.66947],[40.03057,8.67312],[40.02732,8.67983],[40.02291,8.68398],[40.01859,8.67959],[40.00848,8.67811],[40.00149,8.66869],[39.99167,8.66175],[39.97626,8.66219],[39.95159,8.67729],[39.94315,8.70473],[39.93622,8.70187],[39.9283,8.70857],[39.92013,8.70959],[39.90486,8.71622],[39.88867,8.70482],[39.87995,8.69469],[39.86135,8.68432],[39.85904,8.67886],[39.85833,8.67106],[39.85508,8.66744],[39.8364,8.67343],[39.81254,8.66585],[39.80316,8.66073],[39.80024,8.66246],[39.79759,8.66226],[39.78995,8.65523],[39.78733,8.64937],[39.78495,8.64748],[39.78017,8.64762],[39.77426,8.64998],[39.77299,8.64978],[39.77003,8.64515],[39.76471,8.65014],[39.75881,8.6515],[39.75568,8.6509],[39.75385,8.64727],[39.7501,8.645],[39.74975,8.64341],[39.73506,8.6426],[39.73101,8.63773],[39.72676,8.63749],[39.71809,8.63386],[39.71328,8.62531],[39.71472,8.61795],[39.71045,8.60871],[39.70524,8.6059],[39.70243,8.60676],[39.7009,8.60304],[39.69677,8.6014],[39.69391,8.5907],[39.6854,8.58057],[39.67715,8.58066],[39.67372,8.57522],[39.66793,8.57568],[39.66369,8.57365],[39.66,8.57001],[39.65159,8.56764],[39.65011,8.5615],[39.65281,8.55708],[39.64798,8.55098],[39.64336,8.55099],[39.63944,8.5528],[39.63618,8.55174],[39.63311,8.54191],[39.63949,8.54298],[39.63869,8.54184],[39.64022,8.54127],[39.63242,8.53506],[39.63039,8.53144],[39.62623,8.5284],[39.6221,8.52991],[39.61874,8.5339],[39.61644,8.52906],[39.615,8.52916],[39.60888,8.53489],[39.60605,8.53559],[39.60047,8.53276],[39.59036,8.53248],[39.59078,8.52908],[39.58552,8.52716],[39.58236,8.52394],[39.57353,8.5239],[39.56912,8.51941],[39.56376,8.50647],[39.55097,8.49916],[39.54128,8.48682],[39.52968,8.47835],[39.52779,8.47387],[39.52462,8.4706],[39.52138,8.46261],[39.51378,8.45763],[39.50786,8.45672],[39.50168,8.44327],[39.49389,8.43334],[39.47193,8.4199],[39.46978,8.41916],[39.46347,8.42298],[39.45375,8.41634],[39.44498,8.41538],[39.43794,8.41008],[39.42823,8.40709],[39.42119,8.41988],[39.41353,8.41996],[39.41099,8.42186],[39.40782,8.42042],[39.4032,8.4242],[39.39908,8.4232],[39.39274,8.41742],[39.39095,8.40964],[39.39152,8.40443],[39.39487,8.39688],[39.39826,8.39425],[39.39819,8.39213],[39.38924,8.37796],[39.38604,8.37617],[39.38188,8.37802],[39.37921,8.38146],[39.37596,8.38214],[39.36741,8.37896],[39.36115,8.38003],[39.35761,8.37558],[39.35619,8.37548],[39.35495,8.37779],[39.35438,8.39127],[39.3463,8.39381],[39.34516,8.39709],[39.34195,8.39926],[39.32813,8.40025],[39.3202,8.39588],[39.31251,8.3973],[39.30966,8.39406],[39.30483,8.3928],[39.3028,8.38257],[39.29975,8.38102],[39.29595,8.38332],[39.29401,8.38919],[39.29249,8.38902],[39.28968,8.38138],[39.28601,8.38137],[39.28394,8.37977],[39.27182,8.36673],[39.26381,8.36422],[39.26415,8.35491],[39.25863,8.3403],[39.26271,8.33083],[39.26127,8.31256],[39.24945,8.28274],[39.24944,8.27707],[39.25223,8.26949],[39.25092,8.25629],[39.2454,8.24245],[39.24148,8.23962],[39.2338,8.23846],[39.22191,8.24168],[39.21712,8.24133],[39.21379,8.23752],[39.20978,8.23829],[39.20614,8.23561],[39.2004,8.23403],[39.18276,8.23489],[39.18388,8.24647],[39.18658,8.25307],[39.18815,8.26333],[39.19125,8.27002],[39.18314,8.27225],[39.18604,8.27842],[39.17803,8.28306],[39.17467,8.28758],[39.16501,8.32321],[39.16085,8.32673],[39.15503,8.32771],[39.15016,8.32721],[39.14597,8.32293],[39.14168,8.3214],[39.13753,8.32171],[39.12825,8.32327],[39.11224,8.33029],[39.11011,8.33665],[39.10872,8.33625],[39.07879,8.37054],[39.05918,8.37211],[39.05608,8.31954],[39.03124,8.30951],[39.01774,8.30261],[39.00261,8.29289],[39.00317,8.28987],[38.99691,8.28126],[38.99314,8.27266],[38.9852,8.26072],[38.98212,8.24469],[38.98237,8.23917],[38.98707,8.22023],[38.9892,8.19966],[38.98364,8.18355],[38.97113,8.18415],[38.95633,8.1736],[38.94648,8.16241],[38.94318,8.1531],[38.94209,8.13992],[38.93646,8.12262],[38.93584,8.10548],[38.92729,8.08074],[38.9173,8.0422],[38.91466,8.02698],[38.90522,8.01592],[38.89418,7.99771],[38.87237,7.98507],[38.81933,7.92644],[38.80664,7.90937],[38.77728,7.88756],[38.78184,7.87855],[38.79251,7.87074],[38.79512,7.86599],[38.7998,7.86475],[38.80386,7.86071],[38.81012,7.86119],[38.81409,7.85682],[38.8301,7.8542],[38.83914,7.85625],[38.83877,7.84581],[38.8481,7.82899],[38.84966,7.82244],[38.85474,7.8183],[38.85704,7.81455],[38.85809,7.80843],[38.85285,7.79732],[38.85216,7.79258],[38.85348,7.79027],[38.87015,7.78517],[38.86576,7.77957],[38.8636,7.76496],[38.87305,7.76196],[38.87471,7.76349],[38.8784,7.75728],[38.87635,7.75172],[38.88052,7.73685],[38.89092,7.72913],[38.89245,7.72415],[38.89073,7.72064],[38.88739,7.70368],[38.87577,7.69264],[38.87754,7.68393],[38.87708,7.67287],[38.88085,7.67396],[38.89625,7.66749],[38.88439,7.63494],[38.89183,7.60567],[38.89175,7.60172],[38.89102,7.60006],[38.88559,7.59688],[38.87186,7.57873],[38.8863,7.57499],[38.87666,7.54862],[38.87312,7.52575],[38.86652,7.50048],[38.86883,7.49947],[38.87297,7.49398],[38.86912,7.4906],[38.86741,7.47859],[38.86352,7.47869],[38.86338,7.47295],[38.84941,7.47287],[38.85459,7.46904],[38.85907,7.46877],[38.8548,7.4641],[38.8568,7.46256],[38.86,7.46245],[38.85843,7.45749],[38.86146,7.45506],[38.85806,7.44101],[38.85424,7.44136],[38.85101,7.43754],[38.84582,7.42034],[38.84332,7.41972],[38.84169,7.41329],[38.85564,7.40942],[38.85533,7.40189],[38.85247,7.3968],[38.85733,7.39373],[38.85886,7.3919],[38.85857,7.38964],[38.86,7.38866],[38.86132,7.36899],[38.84978,7.35226],[38.86972,7.3499],[38.87943,7.35078],[38.88538,7.34682],[38.889,7.34172],[38.89668,7.33664],[38.89958,7.33094],[38.90629,7.32658],[38.90881,7.32826],[38.9151,7.32723],[38.92609,7.32817],[38.93348,7.33389],[38.94416,7.33657],[38.9507,7.33199],[38.95138,7.32829],[38.95353,7.32868],[38.95479,7.32673],[38.95938,7.32449],[38.96953,7.32274],[38.97128,7.32109],[38.97626,7.32654],[38.98689,7.32849],[38.98933,7.33083],[38.99328,7.32756],[38.99523,7.32805],[38.99855,7.3337],[39.00157,7.33243],[39.0043,7.33458],[39.00713,7.33312],[39.00928,7.33419],[39.0123,7.33292],[39.01396,7.33],[39.02661,7.33029],[39.02914,7.33144],[39.03239,7.33697],[39.0382,7.34054],[39.04058,7.34414],[39.0432,7.34517],[39.04693,7.34035],[39.0485,7.3412],[39.05201,7.34558],[39.04957,7.34918],[39.05499,7.35303],[39.05787,7.35288],[39.0585,7.34888],[39.06538,7.35093],[39.07016,7.34606],[39.0684,7.3447],[39.06908,7.34363],[39.07613,7.34681],[39.08335,7.34685],[39.09679,7.35112],[39.11557,7.36052],[39.12719,7.36188],[39.12361,7.34737],[39.13923,7.35248],[39.16159,7.36374],[39.16938,7.36228],[39.17813,7.35492],[39.18209,7.35387],[39.18309,7.35078],[39.19432,7.34108],[39.19797,7.33468],[39.2029,7.3316],[39.20748,7.33103],[39.20944,7.32893],[39.21041,7.32367],[39.21403,7.31677],[39.21,7.30813],[39.20983,7.30167],[39.20591,7.2862],[39.20607,7.281],[39.2092,7.27815],[39.21717,7.28738],[39.22096,7.29431],[39.22448,7.29453],[39.22656,7.2906],[39.22988,7.29078],[39.2334,7.28849],[39.2362,7.28866],[39.25282,7.29696],[39.25223,7.3037],[39.26044,7.30369],[39.26167,7.30118],[39.27205,7.30524],[39.27352,7.29523],[39.27629,7.29704],[39.28175,7.29754],[39.28278,7.29207],[39.28935,7.2929],[39.29376,7.27591],[39.29829,7.27667],[39.30439,7.27519],[39.30522,7.26864],[39.31323,7.26631],[39.31681,7.26797],[39.3161,7.27083],[39.31748,7.27211],[39.32332,7.27523],[39.33172,7.27384],[39.33591,7.26369],[39.33724,7.26307],[39.33886,7.25722],[39.33749,7.25167],[39.34613,7.25252],[39.35601,7.23516],[39.36761,7.22274],[39.39167,7.19273],[39.40484,7.18574],[39.41132,7.17773],[39.42032,7.17562],[39.42396,7.1821],[39.42823,7.18358],[39.43656,7.18132],[39.43899,7.17867],[39.43999,7.18059],[39.44307,7.18194],[39.4478,7.18118],[39.44817,7.18291],[39.44457,7.18756],[39.44451,7.19491],[39.44338,7.19656],[39.44516,7.21381],[39.45035,7.21883],[39.45268,7.22558],[39.46011,7.2264],[39.46013,7.2309],[39.46468,7.23642],[39.46754,7.24282],[39.46794,7.248],[39.47084,7.25122],[39.47453,7.26629],[39.48754,7.27963],[39.4914,7.28169],[39.4932,7.28464],[39.49943,7.28745],[39.50113,7.29115],[39.50172,7.29381],[39.499,7.29861],[39.50209,7.308],[39.50178,7.31149],[39.50586,7.31756],[39.49942,7.32807],[39.50138,7.33892],[39.49879,7.34471],[39.49847,7.35223]]]}},{"type":"Feature","id":"west_hararghe","properties":{"zone_id":"west_hararghe","prototype_id":"w-hararghe","pcode":"ET0409","name_en":"West Hararge","name_om":"Harargee Lixaa","name_am":"ምዕራብ ሐረርጌ","name_om_verification":"pending_bureau_signoff","name_am_verification":"pending_bureau_signoff","source_dataset_id":"cod-ab-eth-v04","source_organization":"UN-OCHA FIS / Ethiopia CSA + BoFED","admin_level":"zone","area_sqkm":17519.29104481,"valid_on":"2025-01-01"},"geometry":{"type":"Polygon","coordinates":[[[41.15003,8.09591],[41.15541,8.10037],[41.16123,8.10173],[41.16283,8.10625],[41.16815,8.10944],[41.17295,8.11786],[41.17723,8.12099],[41.19034,8.126],[41.19571,8.13204],[41.20183,8.12988],[41.20468,8.13446],[41.21177,8.13552],[41.21451,8.1329],[41.2144,8.12535],[41.21797,8.12327],[41.21997,8.12347],[41.22607,8.13036],[41.23642,8.12767],[41.24063,8.12943],[41.24302,8.12842],[41.24808,8.13213],[41.24959,8.13116],[41.25421,8.13292],[41.25677,8.132],[41.25889,8.13242],[41.2618,8.13528],[41.27384,8.13719],[41.27755,8.13937],[41.27979,8.14445],[41.28205,8.14501],[41.28919,8.15176],[41.30215,8.15491],[41.30825,8.15297],[41.31145,8.15455],[41.31361,8.15344],[41.32058,8.15662],[41.32497,8.15454],[41.3329,8.15814],[41.34921,8.14915],[41.35263,8.1444],[41.35668,8.14204],[41.36186,8.13447],[41.36681,8.13272],[41.37473,8.1324],[41.37843,8.13025],[41.38575,8.12874],[41.39102,8.12198],[41.40094,8.12419],[41.41736,8.11315],[41.42096,8.11662],[41.42496,8.11784],[41.42688,8.11649],[41.42819,8.117],[41.43285,8.1134],[41.43868,8.11784],[41.44324,8.11632],[41.45254,8.12453],[41.45783,8.12357],[41.46189,8.12845],[41.4664,8.12842],[41.47464,8.13392],[41.47968,8.13506],[41.48456,8.13273],[41.48722,8.1329],[41.48788,8.13173],[41.49574,8.13106],[41.50258,8.12375],[41.5018,8.11929],[41.5063,8.11179],[41.51357,8.10348],[41.51283,8.09512],[41.51508,8.09051],[41.51559,8.08467],[41.52226,8.07705],[41.52352,8.05942],[41.52726,8.05206],[41.52795,8.04571],[41.52705,8.03522],[41.52809,8.02513],[41.52469,8.01401],[41.52609,8.00769],[41.52506,7.9959],[41.52868,7.97444],[41.53038,7.97237],[41.53663,7.96921],[41.53791,7.97438],[41.54084,7.97808],[41.54622,7.97647],[41.55398,7.98233],[41.55954,7.98925],[41.56618,7.99327],[41.56992,7.99966],[41.5776,8.02431],[41.57703,8.03217],[41.57903,8.03709],[41.57828,8.04044],[41.58032,8.04456],[41.57588,8.06362],[41.57218,8.06919],[41.56982,8.07568],[41.57208,8.08511],[41.57088,8.09896],[41.57384,8.11197],[41.56807,8.12461],[41.57224,8.13226],[41.57695,8.14817],[41.5707,8.16103],[41.56478,8.1658],[41.56245,8.17014],[41.56077,8.17039],[41.55301,8.16389],[41.54702,8.16586],[41.53928,8.16448],[41.53574,8.16515],[41.53158,8.16904],[41.53076,8.17574],[41.52709,8.17904],[41.52324,8.18562],[41.51708,8.18994],[41.51083,8.18902],[41.50657,8.19019],[41.50191,8.1968],[41.49778,8.19768],[41.49559,8.2008],[41.4945,8.20935],[41.49029,8.21286],[41.48868,8.21646],[41.48887,8.23033],[41.48659,8.2344],[41.489,8.24422],[41.48757,8.253],[41.48485,8.25665],[41.4827,8.25757],[41.48415,8.25981],[41.48153,8.26227],[41.46579,8.26301],[41.45927,8.26573],[41.45756,8.26837],[41.45803,8.27355],[41.45636,8.27581],[41.44842,8.27978],[41.44369,8.29179],[41.44924,8.29589],[41.45011,8.29823],[41.4486,8.30268],[41.45001,8.30468],[41.444,8.3113],[41.44397,8.31431],[41.44206,8.31576],[41.4364,8.31634],[41.4345,8.31975],[41.42225,8.32678],[41.41539,8.3273],[41.41261,8.32918],[41.409,8.3359],[41.40498,8.33752],[41.40372,8.34337],[41.39736,8.34773],[41.39662,8.35223],[41.38834,8.35699],[41.38835,8.35891],[41.38583,8.36222],[41.3803,8.36087],[41.37685,8.3628],[41.3737,8.35902],[41.3713,8.35836],[41.36684,8.35968],[41.36565,8.35395],[41.35839,8.35182],[41.35577,8.35551],[41.35208,8.35664],[41.34823,8.35613],[41.34373,8.3579],[41.33797,8.36559],[41.33489,8.3659],[41.33138,8.36439],[41.32794,8.36802],[41.32439,8.36871],[41.31899,8.37261],[41.31712,8.37296],[41.31331,8.37059],[41.31217,8.37289],[41.31411,8.37594],[41.31086,8.379],[41.29935,8.38203],[41.29462,8.38478],[41.29435,8.38921],[41.29228,8.391],[41.29056,8.39168],[41.28233,8.38972],[41.28095,8.39145],[41.28313,8.39969],[41.27652,8.40164],[41.27571,8.4046],[41.26506,8.41718],[41.26361,8.42227],[41.25773,8.42528],[41.2564,8.42825],[41.25338,8.42918],[41.25282,8.43335],[41.24601,8.44565],[41.24571,8.45604],[41.25084,8.46499],[41.25561,8.4674],[41.25975,8.46706],[41.26145,8.46898],[41.26139,8.47575],[41.26424,8.48091],[41.26266,8.48853],[41.26614,8.49506],[41.26594,8.49721],[41.27162,8.50472],[41.27252,8.50827],[41.26856,8.51665],[41.2692,8.51945],[41.27731,8.52886],[41.27696,8.53435],[41.27504,8.53735],[41.27668,8.53909],[41.27682,8.54146],[41.27225,8.54831],[41.27585,8.55259],[41.2772,8.55745],[41.27277,8.5614],[41.27397,8.56352],[41.27206,8.56871],[41.27289,8.57032],[41.27172,8.57426],[41.27214,8.58155],[41.26932,8.58584],[41.26633,8.58718],[41.26705,8.59105],[41.27014,8.59559],[41.26584,8.60119],[41.26858,8.60736],[41.26818,8.61376],[41.26593,8.62138],[41.25811,8.62988],[41.25618,8.63604],[41.25282,8.6398],[41.24354,8.65934],[41.23923,8.66197],[41.23367,8.66986],[41.22516,8.67447],[41.22096,8.68099],[41.21479,8.68177],[41.21029,8.68479],[41.20802,8.69995],[41.20491,8.70818],[41.20233,8.71307],[41.19566,8.71654],[41.19247,8.71655],[41.19089,8.71859],[41.19126,8.72012],[41.18908,8.72162],[41.18742,8.73295],[41.1842,8.73596],[41.18503,8.73959],[41.18262,8.74972],[41.17722,8.75977],[41.17492,8.76184],[41.17316,8.76823],[41.17569,8.77146],[41.17748,8.77169],[41.17886,8.77376],[41.17859,8.77803],[41.18374,8.78262],[41.18633,8.78699],[41.18813,8.79996],[41.19687,8.80549],[41.20036,8.81098],[41.2011,8.81518],[41.20613,8.82031],[41.2055,8.82346],[41.20706,8.82499],[41.20609,8.83235],[41.20795,8.83762],[41.21119,8.84119],[41.21116,8.84358],[41.21348,8.84589],[41.21334,8.84761],[41.21498,8.84808],[41.21743,8.85474],[41.22812,8.8728],[41.2325,8.89068],[41.23383,8.9036],[41.24097,8.92315],[41.24087,8.93767],[41.23955,8.94239],[41.24513,8.96516],[41.25288,8.98176],[41.25827,8.98931],[41.26002,9.00792],[41.26701,9.01046],[41.27381,9.02948],[41.27861,9.03007],[41.27995,9.03163],[41.27853,9.03706],[41.27877,9.0455],[41.27578,9.05408],[41.2786,9.05847],[41.27922,9.06596],[41.28507,9.07599],[41.28623,9.08191],[41.28846,9.0836],[41.28911,9.08599],[41.28824,9.09972],[41.28217,9.11179],[41.283,9.11715],[41.27431,9.12369],[41.26648,9.1327],[41.27173,9.14454],[41.27384,9.15176],[41.27299,9.15272],[41.26231,9.15833],[41.25769,9.15943],[41.25312,9.16677],[41.24504,9.16158],[41.2406,9.16534],[41.24149,9.17267],[41.23985,9.17453],[41.23295,9.17619],[41.23104,9.16968],[41.23761,9.16519],[41.23697,9.16285],[41.23355,9.16277],[41.22707,9.16595],[41.22496,9.16567],[41.22334,9.16879],[41.21191,9.17352],[41.20669,9.17919],[41.20695,9.18159],[41.20932,9.18372],[41.20985,9.18766],[41.21251,9.18889],[41.21281,9.19263],[41.21781,9.19429],[41.21802,9.19639],[41.2242,9.19994],[41.22505,9.20201],[41.23143,9.20508],[41.23611,9.21043],[41.23655,9.21249],[41.23906,9.21386],[41.24638,9.22873],[41.25311,9.23881],[41.26005,9.24443],[41.26655,9.24401],[41.27166,9.24811],[41.27115,9.24948],[41.27362,9.25377],[41.27693,9.25501],[41.27219,9.25904],[41.27229,9.26309],[41.27508,9.26628],[41.28083,9.26718],[41.27179,9.28426],[41.26543,9.28629],[41.26069,9.2912],[41.25739,9.29691],[41.2566,9.30136],[41.25397,9.303],[41.25508,9.30677],[41.25152,9.31339],[41.25203,9.31831],[41.25091,9.31884],[41.25096,9.3229],[41.24963,9.3252],[41.25134,9.32741],[41.25122,9.32971],[41.25427,9.32854],[41.26002,9.33243],[41.2578,9.33971],[41.25514,9.34121],[41.25075,9.34684],[41.2407,9.35067],[41.23945,9.35466],[41.24142,9.35742],[41.241,9.3622],[41.23835,9.36731],[41.23772,9.37284],[41.23337,9.37887],[41.23111,9.37888],[41.231,9.38405],[41.22731,9.38768],[41.22457,9.3878],[41.22398,9.3943],[41.22086,9.39597],[41.21868,9.40077],[41.22112,9.40671],[41.2176,9.41393],[41.21613,9.41604],[41.20723,9.41844],[41.21103,9.42566],[41.1993,9.43659],[41.19867,9.44346],[41.19208,9.45304],[41.19283,9.45748],[41.19184,9.45975],[41.17046,9.44141],[41.14545,9.42463],[41.08354,9.40442],[41.05648,9.39107],[41.03008,9.37246],[41.01407,9.35721],[40.97071,9.35151],[40.95355,9.33558],[40.92697,9.32313],[40.90296,9.31822],[40.8741,9.30945],[40.8441,9.3048],[40.82475,9.30536],[40.81256,9.31093],[40.80851,9.32676],[40.80032,9.34513],[40.79262,9.3674],[40.78882,9.3869],[40.79764,9.39556],[40.82806,9.3931],[40.85822,9.38537],[40.89121,9.38954],[40.91385,9.3972],[40.92751,9.40514],[40.91752,9.42184],[40.88999,9.44865],[40.86218,9.46302],[40.84236,9.46359],[40.81576,9.45274],[40.78322,9.44789],[40.7486,9.44487],[40.71953,9.44388],[40.69856,9.44765],[40.69356,9.44438],[40.68889,9.43836],[40.67554,9.41752],[40.65955,9.40431],[40.63597,9.39595],[40.60596,9.39105],[40.52841,9.38546],[40.49882,9.37505],[40.47102,9.35476],[40.44967,9.32963],[40.42577,9.30428],[40.40812,9.28119],[40.36953,9.21827],[40.32702,9.15466],[40.30061,9.12814],[40.25431,9.08608],[40.2455,9.07487],[40.24427,9.0556],[40.24603,9.03541],[40.24226,9.01316],[40.23781,8.99734],[40.22233,8.98775],[40.18746,8.97432],[40.16989,8.9645],[40.15225,8.93196],[40.12054,8.89578],[40.09636,8.8648],[40.09812,8.8619],[40.09196,8.85531],[40.09466,8.85104],[40.094,8.84896],[40.08742,8.84546],[40.08832,8.84276],[40.08161,8.83299],[40.08117,8.82868],[40.07382,8.81962],[40.07646,8.81172],[40.07287,8.80495],[40.07344,8.80329],[40.07609,8.79668],[40.08499,8.79081],[40.08998,8.78164],[40.09004,8.77848],[40.08579,8.76956],[40.08477,8.76346],[40.08058,8.76146],[40.08204,8.7574],[40.07771,8.75591],[40.07849,8.75311],[40.07577,8.74547],[40.07058,8.74721],[40.06523,8.74435],[40.062,8.73707],[40.05904,8.73593],[40.05659,8.72392],[40.05725,8.7162],[40.05667,8.71484],[40.05385,8.71441],[40.05398,8.70896],[40.05203,8.7076],[40.04615,8.70744],[40.04462,8.70407],[40.03993,8.70236],[40.03804,8.69834],[40.03555,8.69666],[40.03482,8.69293],[40.02716,8.68937],[40.02643,8.68678],[40.02291,8.68398],[40.02732,8.67983],[40.03057,8.67312],[40.0311,8.66947],[40.0301,8.66841],[40.03156,8.66433],[40.02952,8.64692],[40.0382,8.63631],[40.04284,8.63339],[40.04948,8.63184],[40.05975,8.6312],[40.06601,8.63647],[40.07415,8.63658],[40.07902,8.63957],[40.08438,8.63644],[40.09555,8.63541],[40.10561,8.62892],[40.11794,8.61844],[40.12109,8.61824],[40.13539,8.62544],[40.14288,8.62747],[40.15708,8.61977],[40.16963,8.61768],[40.17631,8.61482],[40.18061,8.60918],[40.17926,8.59867],[40.16661,8.5837],[40.16471,8.57863],[40.16933,8.57091],[40.16949,8.56394],[40.16743,8.55604],[40.17484,8.54774],[40.17624,8.54188],[40.17976,8.54285],[40.18317,8.53897],[40.19245,8.54213],[40.22748,8.56962],[40.23477,8.57106],[40.25801,8.57157],[40.26189,8.58355],[40.25824,8.60661],[40.2788,8.61823],[40.28594,8.61027],[40.29112,8.60661],[40.30061,8.58868],[40.30153,8.57109],[40.30046,8.55657],[40.30154,8.54552],[40.30381,8.53708],[40.30189,8.52777],[40.30568,8.52105],[40.30736,8.51496],[40.30482,8.50824],[40.30586,8.50371],[40.30443,8.50028],[40.30788,8.48619],[40.30285,8.47341],[40.30136,8.45784],[40.30336,8.44857],[40.30097,8.44574],[40.3018,8.4418],[40.29945,8.43605],[40.30094,8.43074],[40.30373,8.4293],[40.30765,8.42452],[40.30572,8.41479],[40.30862,8.4088],[40.30701,8.39648],[40.31004,8.39139],[40.30936,8.38943],[40.31268,8.38198],[40.31263,8.37318],[40.31463,8.37077],[40.31461,8.36683],[40.31835,8.36168],[40.32174,8.36161],[40.32352,8.35934],[40.32366,8.35493],[40.3259,8.35126],[40.32227,8.34357],[40.32262,8.33981],[40.32427,8.33543],[40.32918,8.33102],[40.32998,8.32805],[40.33298,8.32541],[40.33305,8.32413],[40.3295,8.32177],[40.33081,8.31775],[40.33617,8.31481],[40.33661,8.31091],[40.33959,8.30725],[40.34106,8.30075],[40.35148,8.29268],[40.35264,8.2807],[40.35419,8.2781],[40.35957,8.27436],[40.35747,8.27034],[40.36271,8.26077],[40.36274,8.25735],[40.36661,8.25419],[40.36878,8.24954],[40.37466,8.24347],[40.37422,8.23439],[40.37608,8.23192],[40.37351,8.22832],[40.37613,8.22332],[40.37567,8.21951],[40.37694,8.21734],[40.3755,8.21283],[40.37668,8.20862],[40.38015,8.20423],[40.37949,8.20044],[40.38085,8.19593],[40.38541,8.19421],[40.38606,8.18583],[40.38957,8.18079],[40.38785,8.17727],[40.38774,8.16891],[40.38446,8.16808],[40.38348,8.16614],[40.38618,8.1605],[40.38269,8.15224],[40.37549,8.14785],[40.37322,8.14332],[40.37076,8.14254],[40.361,8.13411],[40.35742,8.12799],[40.36413,8.1121],[40.3636,8.10928],[40.36619,8.10618],[40.36598,8.10304],[40.36731,8.10291],[40.37084,8.09846],[40.38623,8.0711],[40.38722,8.06755],[40.38417,8.06233],[40.38491,8.05923],[40.38696,8.05742],[40.39183,8.05705],[40.39383,8.05465],[40.38529,8.03732],[40.39774,8.03185],[40.40199,8.02708],[40.40386,8.02185],[40.40416,8.01577],[40.40741,8.01196],[40.40787,8.00513],[40.40941,8.00202],[40.41795,7.99811],[40.42926,7.99615],[40.43633,7.99197],[40.44094,7.98438],[40.4476,7.97755],[40.44753,7.97195],[40.45447,7.9707],[40.45678,7.97174],[40.45881,7.97046],[40.4578,7.96233],[40.46597,7.95885],[40.46804,7.95542],[40.46852,7.94922],[40.47754,7.94688],[40.4794,7.94115],[40.48111,7.93989],[40.48487,7.94023],[40.48933,7.93806],[40.49323,7.94077],[40.49471,7.93582],[40.49881,7.9311],[40.50017,7.9312],[40.50118,7.93384],[40.50482,7.93406],[40.50597,7.933],[40.50565,7.92925],[40.5093,7.92949],[40.51708,7.92333],[40.5227,7.92196],[40.52916,7.91502],[40.54198,7.91303],[40.54203,7.90765],[40.54378,7.90589],[40.54493,7.89925],[40.55618,7.89568],[40.55832,7.89112],[40.56118,7.88986],[40.56423,7.88638],[40.56609,7.88176],[40.57072,7.88042],[40.57733,7.87559],[40.58191,7.8747],[40.58516,7.87018],[40.59125,7.86969],[40.59574,7.86362],[40.60558,7.87028],[40.61436,7.87006],[40.61257,7.87806],[40.61525,7.87843],[40.6176,7.87722],[40.62648,7.88262],[40.63,7.88067],[40.63179,7.88117],[40.63301,7.88499],[40.62898,7.8883],[40.62966,7.88956],[40.63512,7.8876],[40.63889,7.89199],[40.64182,7.89243],[40.64457,7.88838],[40.64707,7.88879],[40.64894,7.89233],[40.64907,7.89616],[40.65217,7.90097],[40.65625,7.89361],[40.66103,7.89187],[40.66386,7.88922],[40.66973,7.89312],[40.67305,7.89347],[40.67885,7.90069],[40.68064,7.89844],[40.68488,7.89802],[40.69236,7.89313],[40.69499,7.89484],[40.69658,7.89827],[40.70377,7.89854],[40.71044,7.89717],[40.71255,7.8988],[40.7135,7.9031],[40.72356,7.90589],[40.72889,7.90627],[40.73343,7.89965],[40.73147,7.90836],[40.73201,7.91095],[40.73357,7.91445],[40.73838,7.91682],[40.74033,7.92702],[40.74319,7.92887],[40.74934,7.92818],[40.75221,7.93362],[40.75882,7.93524],[40.76422,7.93932],[40.76518,7.94235],[40.77142,7.94546],[40.77697,7.94544],[40.779,7.94685],[40.78112,7.95237],[40.78375,7.95371],[40.78862,7.95271],[40.79897,7.96108],[40.80212,7.96039],[40.80307,7.95568],[40.80539,7.95507],[40.81118,7.95721],[40.8127,7.96371],[40.81696,7.96003],[40.82206,7.95881],[40.83283,7.96186],[40.83919,7.95922],[40.84427,7.95449],[40.84907,7.95364],[40.85072,7.95431],[40.85163,7.95662],[40.85651,7.95742],[40.86035,7.95453],[40.86358,7.95444],[40.86818,7.96107],[40.86983,7.96076],[40.87199,7.95762],[40.87477,7.9576],[40.8776,7.95527],[40.88196,7.95585],[40.88707,7.96002],[40.88725,7.96239],[40.89154,7.961],[40.89467,7.95665],[40.89729,7.95679],[40.90038,7.95902],[40.90413,7.95945],[40.90955,7.96346],[40.91232,7.96195],[40.91409,7.95649],[40.91634,7.95611],[40.9202,7.95725],[40.92308,7.96179],[40.92532,7.96095],[40.93088,7.9625],[40.93677,7.96936],[40.94185,7.96828],[40.94568,7.96938],[40.95628,7.96623],[40.95808,7.96787],[40.95802,7.97004],[40.96583,7.97329],[40.97714,7.97092],[40.98283,7.97534],[40.98519,7.98047],[40.98378,7.98587],[40.98573,7.98616],[40.98822,7.98936],[40.98975,7.99541],[41.00271,8.00189],[41.01073,8.00058],[41.01886,8.00726],[41.02736,8.00457],[41.02768,8.0095],[41.03077,8.01012],[41.02999,8.01162],[41.03228,8.0143],[41.03725,8.01378],[41.04433,8.00871],[41.04726,8.01065],[41.05176,8.0114],[41.0556,8.01528],[41.05562,8.01903],[41.05769,8.02221],[41.06789,8.02818],[41.06807,8.03626],[41.06993,8.0388],[41.0752,8.04174],[41.07801,8.04796],[41.08264,8.0507],[41.08277,8.05612],[41.08639,8.06225],[41.09478,8.06153],[41.09793,8.07166],[41.10571,8.07094],[41.10881,8.07181],[41.11333,8.08064],[41.11712,8.08103],[41.12388,8.07698],[41.12747,8.0793],[41.13381,8.08002],[41.14012,8.08719],[41.1437,8.08779],[41.14603,8.08538],[41.14694,8.08654],[41.14605,8.08902],[41.15003,8.09591]]]}},{"type":"Feature","id":"east_hararghe","properties":{"zone_id":"east_hararghe","prototype_id":"e-hararghe","pcode":"ET0410","name_en":"East Hararge","name_om":"Harargee Bahaa","name_am":"ምሥራቅ ሐረርጌ","name_om_verification":"pending_bureau_signoff","name_am_verification":"pending_bureau_signoff","source_dataset_id":"cod-ab-eth-v04","source_organization":"UN-OCHA FIS / Ethiopia CSA + BoFED","admin_level":"zone","area_sqkm":24932.77514405,"valid_on":"2025-01-01"},"geometry":{"type":"Polygon","coordinates":[[[41.92216,7.97811],[41.92634,8.08056],[41.9484,8.20089],[42.02705,8.32302],[42.02601,8.42583],[42.04131,8.44746],[42.06973,8.49397],[42.09775,8.51899],[42.21562,8.6112],[42.23268,8.63503],[42.23967,8.63988],[42.26308,8.63595],[42.275,8.6151],[42.29469,8.58604],[42.30715,8.55964],[42.32304,8.53677],[42.50256,8.49208],[42.52014,8.47871],[42.52977,8.45483],[42.53873,8.39722],[42.55008,8.3505],[42.56703,8.25561],[42.5781,8.22853],[42.61598,8.1596],[42.63063,8.14043],[42.65141,8.12967],[42.66136,8.13028],[42.67852,8.14732],[42.7016,8.17961],[42.71116,8.20676],[42.71915,8.24566],[42.73488,8.29437],[42.75395,8.33712],[42.76817,8.36317],[42.77938,8.37326],[42.79819,8.37007],[42.8581,8.39169],[42.88441,8.39851],[42.89885,8.4091],[42.89703,8.45775],[42.91083,8.49878],[42.91237,8.5221],[42.90761,8.54903],[42.90532,8.58222],[42.89879,8.60267],[42.85988,8.6363],[42.83842,8.66439],[42.83199,8.69523],[42.83713,8.72783],[42.84392,8.75792],[42.85754,8.78512],[42.86536,8.80435],[42.86533,8.82511],[42.84955,8.84429],[42.82807,8.85579],[42.80516,8.87003],[42.76118,8.91771],[42.73064,8.94802],[42.70307,8.98091],[42.68013,9.01502],[42.67406,9.02848],[42.66229,9.04896],[42.64435,9.07298],[42.6193,9.08928],[42.59935,9.10617],[42.60943,9.11846],[42.62596,9.13208],[42.63511,9.14397],[42.6347,9.15852],[42.6143,9.17396],[42.59548,9.19359],[42.58359,9.21538],[42.57961,9.2375],[42.57099,9.25818],[42.56108,9.2703],[42.55136,9.28657],[42.54695,9.30523],[42.55629,9.32105],[42.55158,9.34524],[42.53745,9.37298],[42.55218,9.3821],[42.56712,9.39611],[42.58486,9.40918],[42.60354,9.41665],[42.61755,9.42692],[42.64089,9.44746],[42.65583,9.45587],[42.6661,9.45867],[42.68198,9.46987],[42.71466,9.47454],[42.72866,9.48294],[42.73613,9.49508],[42.74734,9.50162],[42.77629,9.51189],[42.78749,9.5231],[42.81364,9.57259],[42.84072,9.58286],[42.86406,9.58659],[42.87993,9.58472],[42.89207,9.57445],[42.90888,9.56325],[42.92102,9.56512],[42.94343,9.58753],[42.96864,9.59219],[42.97985,9.60713],[42.97798,9.62861],[42.96397,9.65569],[42.9509,9.6725],[42.93503,9.67997],[42.92569,9.6725],[42.91729,9.65756],[42.90795,9.65009],[42.89768,9.65009],[42.85379,9.66223],[42.82297,9.67437],[42.79029,9.69304],[42.75014,9.71078],[42.73053,9.72105],[42.71372,9.74066],[42.70345,9.7584],[42.69412,9.76868],[42.68104,9.77428],[42.66379,9.77655],[42.64743,9.77521],[42.61848,9.7584],[42.56806,9.73693],[42.49896,9.72105],[42.44854,9.72199],[42.37657,9.71384],[42.35576,9.71786],[42.34619,9.72136],[42.33977,9.71962],[42.32834,9.71338],[42.31814,9.70566],[42.28594,9.67614],[42.27185,9.66695],[42.25864,9.65158],[42.24077,9.65664],[42.22052,9.65616],[42.20053,9.65314],[42.18038,9.64434],[42.14225,9.62029],[42.12486,9.61452],[42.12785,9.59837],[42.13341,9.58249],[42.14613,9.57063],[42.1526,9.55637],[42.1389,9.53469],[42.10968,9.50796],[42.09626,9.50131],[42.08106,9.48816],[42.07477,9.47372],[42.06761,9.47481],[42.05214,9.49195],[42.04391,9.49831],[42.03172,9.5044],[42.0191,9.50817],[41.99536,9.50646],[41.98252,9.50849],[41.93875,9.47954],[41.91338,9.47246],[41.85971,9.48801],[41.83868,9.47791],[41.8152,9.47674],[41.79255,9.48951],[41.773,9.49105],[41.75453,9.48457],[41.73462,9.47148],[41.72195,9.46753],[41.70228,9.46665],[41.6702,9.47063],[41.65416,9.48123],[41.6426,9.51514],[41.63274,9.51332],[41.59773,9.51141],[41.56416,9.50694],[41.54061,9.49958],[41.52207,9.48532],[41.49097,9.45742],[41.47904,9.46002],[41.43262,9.47585],[41.39309,9.48575],[41.35904,9.49012],[41.3365,9.49463],[41.3087,9.50308],[41.27968,9.50154],[41.26756,9.49937],[41.25225,9.50038],[41.23932,9.4988],[41.23059,9.49568],[41.21989,9.49072],[41.19184,9.45975],[41.19283,9.45748],[41.19208,9.45304],[41.19867,9.44346],[41.1993,9.43659],[41.21103,9.42566],[41.20723,9.41844],[41.21613,9.41604],[41.2176,9.41393],[41.22112,9.40671],[41.21868,9.40077],[41.22086,9.39597],[41.22398,9.3943],[41.22457,9.3878],[41.22731,9.38768],[41.231,9.38405],[41.23111,9.37888],[41.23337,9.37887],[41.23772,9.37284],[41.23835,9.36731],[41.241,9.3622],[41.24142,9.35742],[41.23945,9.35466],[41.2407,9.35067],[41.25075,9.34684],[41.25514,9.34121],[41.2578,9.33971],[41.26002,9.33243],[41.25427,9.32854],[41.25122,9.32971],[41.25134,9.32741],[41.24963,9.3252],[41.25096,9.3229],[41.25091,9.31884],[41.25203,9.31831],[41.25152,9.31339],[41.25508,9.30677],[41.25397,9.303],[41.2566,9.30136],[41.25739,9.29691],[41.26069,9.2912],[41.26543,9.28629],[41.27179,9.28426],[41.28083,9.26718],[41.27508,9.26628],[41.27229,9.26309],[41.27219,9.25904],[41.27693,9.25501],[41.27362,9.25377],[41.27115,9.24948],[41.27166,9.24811],[41.26655,9.24401],[41.26005,9.24443],[41.25311,9.23881],[41.24638,9.22873],[41.23906,9.21386],[41.23655,9.21249],[41.23611,9.21043],[41.23143,9.20508],[41.22505,9.20201],[41.2242,9.19994],[41.21802,9.19639],[41.21781,9.19429],[41.21353,9.1934],[41.21251,9.18889],[41.20985,9.18766],[41.20932,9.18372],[41.20695,9.18159],[41.20669,9.17919],[41.20856,9.17641],[41.21441,9.17203],[41.22334,9.16879],[41.22496,9.16567],[41.22707,9.16595],[41.23355,9.16277],[41.23755,9.16347],[41.23723,9.16615],[41.23104,9.16968],[41.23295,9.17619],[41.23416,9.17671],[41.24086,9.17371],[41.2406,9.16534],[41.24504,9.16158],[41.25312,9.16677],[41.25769,9.15943],[41.26231,9.15833],[41.27384,9.15176],[41.26648,9.1327],[41.27431,9.12369],[41.283,9.11715],[41.28217,9.11179],[41.28824,9.09972],[41.28911,9.08599],[41.28846,9.0836],[41.28623,9.08191],[41.28507,9.07599],[41.27922,9.06596],[41.2786,9.05847],[41.27578,9.05408],[41.27877,9.0455],[41.27853,9.03706],[41.27995,9.03163],[41.27861,9.03007],[41.27381,9.02948],[41.26701,9.01046],[41.26002,9.00792],[41.25827,8.98931],[41.25288,8.98176],[41.24513,8.96516],[41.23955,8.94239],[41.24087,8.93767],[41.24097,8.92315],[41.23383,8.9036],[41.2325,8.89068],[41.22812,8.8728],[41.21743,8.85474],[41.21498,8.84808],[41.21334,8.84761],[41.21348,8.84589],[41.21116,8.84358],[41.21119,8.84119],[41.20795,8.83762],[41.20609,8.83235],[41.20706,8.82499],[41.2055,8.82346],[41.20613,8.82031],[41.2011,8.81518],[41.20036,8.81098],[41.19687,8.80549],[41.18813,8.79996],[41.18633,8.78699],[41.18374,8.78262],[41.17859,8.77803],[41.17886,8.77376],[41.17748,8.77169],[41.17569,8.77146],[41.17316,8.76823],[41.17492,8.76184],[41.17722,8.75977],[41.18262,8.74972],[41.18503,8.73959],[41.1842,8.73596],[41.18742,8.73295],[41.18908,8.72162],[41.19126,8.72012],[41.19089,8.71859],[41.19247,8.71655],[41.19566,8.71654],[41.20233,8.71307],[41.20491,8.70818],[41.20802,8.69995],[41.21029,8.68479],[41.21479,8.68177],[41.22096,8.68099],[41.22516,8.67447],[41.23367,8.66986],[41.23923,8.66197],[41.24354,8.65934],[41.25282,8.6398],[41.25618,8.63604],[41.25811,8.62988],[41.26593,8.62138],[41.26818,8.61376],[41.26858,8.60736],[41.26584,8.60119],[41.27014,8.59559],[41.26705,8.59105],[41.26633,8.58718],[41.26932,8.58584],[41.27214,8.58155],[41.27172,8.57426],[41.27289,8.57032],[41.27206,8.56871],[41.27397,8.56352],[41.27277,8.5614],[41.2772,8.55745],[41.27585,8.55259],[41.27225,8.54831],[41.27682,8.54146],[41.27668,8.53909],[41.27504,8.53735],[41.27696,8.53435],[41.27731,8.52886],[41.2692,8.51945],[41.26856,8.51665],[41.27252,8.50827],[41.27162,8.50472],[41.26594,8.49721],[41.26614,8.49506],[41.26266,8.48853],[41.26424,8.48091],[41.26139,8.47575],[41.26145,8.46898],[41.25906,8.46682],[41.25712,8.46758],[41.25191,8.46617],[41.24621,8.4577],[41.24518,8.44911],[41.24671,8.44339],[41.25083,8.43768],[41.25338,8.42918],[41.2564,8.42825],[41.25773,8.42528],[41.26361,8.42227],[41.26506,8.41718],[41.27571,8.4046],[41.27652,8.40164],[41.28313,8.39969],[41.28095,8.39145],[41.28233,8.38972],[41.29056,8.39168],[41.29228,8.391],[41.29435,8.38921],[41.29462,8.38478],[41.29935,8.38203],[41.31086,8.379],[41.31411,8.37594],[41.31217,8.37289],[41.31331,8.37059],[41.31712,8.37296],[41.31899,8.37261],[41.32439,8.36871],[41.32794,8.36802],[41.33138,8.36439],[41.33489,8.3659],[41.33797,8.36559],[41.34373,8.3579],[41.34823,8.35613],[41.35208,8.35664],[41.35577,8.35551],[41.35839,8.35182],[41.36565,8.35395],[41.36684,8.35968],[41.3713,8.35836],[41.3737,8.35902],[41.37685,8.3628],[41.3803,8.36087],[41.38583,8.36222],[41.38835,8.35891],[41.38834,8.35699],[41.39662,8.35223],[41.39736,8.34773],[41.40372,8.34337],[41.40498,8.33752],[41.409,8.3359],[41.41261,8.32918],[41.41539,8.3273],[41.42225,8.32678],[41.4345,8.31975],[41.4364,8.31634],[41.44206,8.31576],[41.44397,8.31431],[41.444,8.3113],[41.45001,8.30468],[41.4486,8.30268],[41.45011,8.29823],[41.44924,8.29589],[41.44369,8.29179],[41.44842,8.27978],[41.45636,8.27581],[41.45803,8.27355],[41.45756,8.26837],[41.45927,8.26573],[41.46579,8.26301],[41.48153,8.26227],[41.48415,8.25981],[41.4827,8.25757],[41.48485,8.25665],[41.48757,8.253],[41.489,8.24422],[41.48659,8.2344],[41.48887,8.23033],[41.48868,8.21646],[41.49029,8.21286],[41.4945,8.20935],[41.49559,8.2008],[41.49778,8.19768],[41.50191,8.1968],[41.50657,8.19019],[41.51083,8.18902],[41.51708,8.18994],[41.52324,8.18562],[41.52709,8.17904],[41.53076,8.17574],[41.53158,8.16904],[41.53574,8.16515],[41.53928,8.16448],[41.54702,8.16586],[41.55301,8.16389],[41.56077,8.17039],[41.56245,8.17014],[41.56478,8.1658],[41.5707,8.16103],[41.57695,8.14817],[41.57224,8.13226],[41.56807,8.12461],[41.57384,8.11197],[41.57088,8.09896],[41.57208,8.08511],[41.56982,8.07568],[41.57218,8.06919],[41.57588,8.06362],[41.58032,8.04456],[41.57828,8.04044],[41.57903,8.03709],[41.57703,8.03217],[41.5776,8.02431],[41.56992,7.99966],[41.56618,7.99327],[41.55954,7.98925],[41.55398,7.98233],[41.54622,7.97647],[41.54084,7.97808],[41.53791,7.97438],[41.53663,7.96921],[41.53757,7.96684],[41.53593,7.95111],[41.5385,7.94417],[41.53655,7.93529],[41.53908,7.93185],[41.54287,7.93014],[41.54624,7.92641],[41.55249,7.9286],[41.55895,7.92173],[41.55962,7.91909],[41.55666,7.91259],[41.55637,7.90881],[41.56408,7.89626],[41.5623,7.88799],[41.56269,7.8788],[41.57009,7.86829],[41.57084,7.86016],[41.56998,7.85142],[41.57158,7.84796],[41.57372,7.84704],[41.57538,7.84814],[41.58318,7.86095],[41.58478,7.86247],[41.58756,7.86245],[41.60373,7.84117],[41.60433,7.82833],[41.60144,7.81095],[41.60318,7.80742],[41.60737,7.80415],[41.61113,7.79872],[41.61241,7.78716],[41.6113,7.78288],[41.60536,7.77507],[41.60388,7.76691],[41.60765,7.76161],[41.61561,7.75656],[41.61884,7.75306],[41.62333,7.73357],[41.63343,7.7271],[41.63447,7.72776],[41.64169,7.72544],[41.64839,7.71861],[41.64841,7.71098],[41.67385,7.69542],[41.67649,7.67039],[41.70568,7.65855],[41.70074,7.634],[41.75291,7.61287],[41.81944,7.56181],[41.84608,7.55701],[41.86143,7.53061],[41.86746,7.53123],[41.86779,7.53818],[41.87807,7.56262],[41.9048,7.63593],[41.94249,7.72747],[41.95714,7.77479],[41.9124,7.8444],[41.92216,7.97811]],[[42.06291,9.27684],[42.07047,9.30394],[42.08526,9.32911],[42.11423,9.37251],[42.12915,9.38867],[42.14662,9.38751],[42.16858,9.36283],[42.18744,9.36168],[42.22188,9.37947],[42.23808,9.38494],[42.253,9.3838],[42.27031,9.36166],[42.25852,9.33441],[42.26497,9.32132],[42.26605,9.30977],[42.25991,9.29883],[42.25031,9.28553],[42.24935,9.27003],[42.25365,9.26153],[42.25633,9.25255],[42.26226,9.24362],[42.26872,9.2296],[42.27204,9.21567],[42.26472,9.19789],[42.25945,9.19227],[42.24603,9.187],[42.23372,9.18591],[42.22079,9.19637],[42.20849,9.21193],[42.19746,9.21987],[42.18215,9.21689],[42.16572,9.21042],[42.14856,9.20626],[42.13727,9.21582],[42.12735,9.22655],[42.11241,9.23074],[42.07369,9.22096],[42.06133,9.22646],[42.05888,9.24943],[42.06291,9.27684]]]}},{"type":"Feature","id":"bale","properties":{"zone_id":"bale","prototype_id":"bale","pcode":"ET0411","name_en":"Bale","name_om":"Baale","name_am":"ባሌ","name_om_verification":"pending_bureau_signoff","name_am_verification":"pending_bureau_signoff","source_dataset_id":"cod-ab-eth-v04","source_organization":"UN-OCHA FIS / Ethiopia CSA + BoFED","admin_level":"zone","area_sqkm":20640.77171767,"valid_on":"2025-01-01"},"geometry":{"type":"Polygon","coordinates":[[[39.77497,6.24173],[39.7753,6.24289],[39.77755,6.24126],[39.78948,6.23974],[39.80475,6.22843],[39.81375,6.23085],[39.81628,6.22831],[39.82989,6.22946],[39.84325,6.22334],[39.84726,6.22267],[39.85033,6.22457],[39.85315,6.22337],[39.85572,6.21868],[39.86253,6.21328],[39.86353,6.21113],[39.87337,6.20532],[39.87874,6.19677],[39.87907,6.19485],[39.87545,6.18748],[39.87876,6.17932],[39.88057,6.17769],[39.88272,6.17826],[39.88626,6.17485],[39.88946,6.17504],[39.89166,6.17283],[39.89383,6.1685],[39.89463,6.16204],[39.89182,6.15489],[39.89697,6.14818],[39.90548,6.14505],[39.90631,6.14268],[39.90626,6.13708],[39.90405,6.13099],[39.90574,6.12666],[39.9076,6.10849],[39.90584,6.10301],[39.90641,6.09784],[39.89489,6.07441],[39.89003,6.07143],[39.88998,6.06932],[39.88759,6.06717],[39.88763,6.06212],[39.88122,6.05876],[39.87664,6.05343],[39.87438,6.04803],[39.87447,6.04239],[39.87176,6.03709],[39.86841,6.03672],[39.86016,6.0313],[39.86106,6.027],[39.86545,6.02263],[39.86183,6.01816],[39.86207,6.01602],[39.869,6.01289],[39.86913,6.00936],[39.86834,6.00377],[39.86108,5.99409],[39.86064,5.98898],[39.86704,5.98192],[39.87795,5.97637],[39.883,5.97188],[39.89632,5.96818],[39.89909,5.96469],[39.9009,5.96444],[39.902,5.9609],[39.90116,5.95896],[39.90544,5.94891],[39.9085,5.94785],[39.90755,5.94662],[39.91737,5.94361],[39.92751,5.93615],[39.92952,5.93653],[39.92981,5.93806],[39.93292,5.93762],[39.93483,5.9391],[39.94684,5.9325],[39.95067,5.93249],[39.95463,5.93038],[39.95753,5.93131],[39.96288,5.93006],[39.96518,5.93379],[39.96972,5.93162],[39.9744,5.93142],[39.97574,5.93018],[39.97534,5.92467],[39.97937,5.91856],[39.98489,5.90132],[39.98789,5.89754],[39.99229,5.89499],[39.99496,5.89499],[39.9972,5.89154],[40.0075,5.89169],[40.01046,5.88613],[40.01408,5.88282],[40.02065,5.88106],[40.02819,5.87521],[40.03493,5.87386],[40.04547,5.8751],[40.0591,5.86567],[40.07244,5.86646],[40.07591,5.87174],[40.08141,5.87015],[40.09116,5.87114],[40.0992,5.86718],[40.10441,5.8664],[40.1139,5.86602],[40.11476,5.86813],[40.11777,5.86774],[40.12861,5.8602],[40.12977,5.85697],[40.13249,5.85438],[40.14272,5.85508],[40.15573,5.8477],[40.15845,5.84746],[40.17005,5.8509],[40.17191,5.84803],[40.17831,5.84696],[40.18165,5.84475],[40.18875,5.84572],[40.19081,5.84744],[40.19149,5.85342],[40.19556,5.85561],[40.20762,5.85398],[40.21631,5.84961],[40.21851,5.85152],[40.2257,5.84885],[40.22781,5.8508],[40.2312,5.85094],[40.23224,5.84821],[40.23544,5.84605],[40.24051,5.84738],[40.24383,5.84495],[40.24975,5.84413],[40.25755,5.84751],[40.26519,5.85608],[40.26534,5.86053],[40.27733,5.86828],[40.29782,5.87084],[40.30194,5.87528],[40.30352,5.87538],[40.3085,5.86979],[40.31223,5.87141],[40.3182,5.87149],[40.32012,5.87574],[40.324,5.87717],[40.32611,5.88118],[40.33288,5.88392],[40.33622,5.88281],[40.33937,5.87854],[40.34347,5.87715],[40.35053,5.88165],[40.35222,5.8861],[40.37051,5.89015],[40.37884,5.89568],[40.38895,5.89716],[40.39429,5.89116],[40.3988,5.88902],[40.40735,5.88785],[40.41183,5.88229],[40.4173,5.8822],[40.42269,5.87683],[40.43129,5.87705],[40.44034,5.87341],[40.44359,5.8745],[40.44647,5.87818],[40.45172,5.87807],[40.4529,5.88015],[40.46166,5.88582],[40.46781,5.88174],[40.47166,5.88137],[40.47585,5.87595],[40.482,5.87144],[40.49261,5.87088],[40.50001,5.86377],[40.51049,5.86294],[40.5178,5.85749],[40.53185,5.8625],[40.53633,5.86629],[40.53842,5.86299],[40.54218,5.86201],[40.54576,5.85716],[40.54856,5.85666],[40.55682,5.86834],[40.56457,5.86495],[40.56904,5.85869],[40.57158,5.85745],[40.57383,5.85909],[40.58115,5.85938],[40.58239,5.86109],[40.58234,5.86587],[40.5887,5.87052],[40.59134,5.8692],[40.59693,5.86958],[40.60355,5.86813],[40.60851,5.8583],[40.6255,5.86358],[40.6316,5.87263],[40.63483,5.87418],[40.63723,5.87172],[40.63454,5.86302],[40.63634,5.86183],[40.63987,5.86311],[40.64466,5.86047],[40.65776,5.86694],[40.66486,5.87896],[40.66995,5.88553],[40.6725,5.88681],[40.67869,5.88336],[40.68223,5.87276],[40.68845,5.87195],[40.6971,5.86525],[40.7004,5.86662],[40.70833,5.86321],[40.71534,5.8637],[40.7163,5.86769],[40.71504,5.87245],[40.7169,5.87342],[40.72697,5.8656],[40.72971,5.85804],[40.74084,5.85304],[40.74956,5.85303],[40.75565,5.85764],[40.7629,5.85642],[40.76411,5.85138],[40.76778,5.84875],[40.77069,5.84352],[40.77814,5.84126],[40.78123,5.83568],[40.78623,5.83172],[40.78619,5.82675],[40.78948,5.82185],[40.78839,5.82149],[40.7886,5.81804],[40.7921,5.81607],[40.79595,5.80822],[40.80218,5.80605],[40.80446,5.81121],[40.81811,5.81532],[40.81849,5.82048],[40.82021,5.82101],[40.82285,5.8127],[40.82508,5.80991],[40.82297,5.80647],[40.82566,5.80321],[40.82578,5.79951],[40.82699,5.79834],[40.83387,5.79728],[40.83501,5.78716],[40.83744,5.7833],[40.84458,5.78634],[40.84594,5.78349],[40.84939,5.78342],[40.85313,5.77931],[40.86151,5.77623],[40.86435,5.77664],[40.86676,5.77867],[40.86956,5.77691],[40.87305,5.77798],[40.88023,5.77715],[40.88249,5.77148],[40.88889,5.76639],[40.89061,5.76194],[40.8931,5.76105],[40.8748,5.8079],[40.87841,5.98752],[40.87119,6.05577],[40.86668,6.07664],[40.86952,6.0945],[40.86644,6.11377],[40.86643,6.13365],[40.86788,6.15129],[40.87798,6.18767],[40.88162,6.24434],[40.8797,6.26651],[40.86451,6.32026],[40.86195,6.34572],[40.86396,6.35103],[40.85869,6.34704],[40.85055,6.34413],[40.8468,6.34756],[40.83868,6.35077],[40.83409,6.35067],[40.83055,6.34785],[40.82432,6.35011],[40.81735,6.34342],[40.81228,6.34202],[40.8052,6.32769],[40.80051,6.33418],[40.79911,6.33796],[40.7997,6.33984],[40.79795,6.34244],[40.79512,6.34233],[40.7943,6.3441],[40.79692,6.35163],[40.79539,6.35234],[40.7954,6.35587],[40.79059,6.36013],[40.78694,6.36026],[40.78414,6.36699],[40.7812,6.36864],[40.77805,6.37725],[40.77605,6.37844],[40.77477,6.38174],[40.76925,6.38541],[40.76678,6.38872],[40.76658,6.39814],[40.7639,6.4077],[40.7592,6.40995],[40.7538,6.41574],[40.75299,6.41987],[40.751,6.42093],[40.7512,6.42202],[40.74535,6.42366],[40.73995,6.42851],[40.73959,6.4258],[40.73688,6.42652],[40.72514,6.43716],[40.72409,6.44011],[40.72279,6.43964],[40.72103,6.44189],[40.72128,6.44424],[40.71798,6.44425],[40.71822,6.44614],[40.71599,6.44673],[40.71517,6.44909],[40.71258,6.44981],[40.7101,6.44887],[40.7094,6.45052],[40.70693,6.45053],[40.70693,6.45183],[40.70552,6.45136],[40.70229,6.45361],[40.70017,6.45302],[40.69816,6.45588],[40.69549,6.45594],[40.69368,6.45965],[40.68987,6.46026],[40.68362,6.46983],[40.68059,6.47122],[40.68124,6.47425],[40.67779,6.47537],[40.67719,6.4745],[40.67571,6.47696],[40.67313,6.47752],[40.67085,6.4836],[40.6715,6.48452],[40.67033,6.48524],[40.67125,6.4857],[40.67066,6.48993],[40.6667,6.49494],[40.66772,6.49802],[40.66717,6.50389],[40.66506,6.50578],[40.66483,6.51478],[40.66217,6.51727],[40.66113,6.52142],[40.65628,6.52316],[40.65381,6.52897],[40.6447,6.53657],[40.64526,6.53831],[40.64323,6.54299],[40.64407,6.54602],[40.64037,6.54942],[40.64426,6.55677],[40.64371,6.56305],[40.64802,6.5673],[40.64794,6.57084],[40.65195,6.57932],[40.65224,6.583],[40.65573,6.586],[40.65508,6.5932],[40.65853,6.59509],[40.65358,6.59573],[40.653,6.59773],[40.6576,6.59948],[40.65962,6.6056],[40.66174,6.60536],[40.66048,6.61467],[40.656,6.61586],[40.65614,6.62199],[40.65403,6.62541],[40.65132,6.6266],[40.6511,6.62895],[40.65239,6.62954],[40.65075,6.63143],[40.65099,6.63343],[40.64772,6.6411],[40.64914,6.64416],[40.64539,6.64818],[40.66301,6.66885],[40.65349,6.67583],[40.65034,6.6855],[40.65853,6.69358],[40.64331,6.72264],[40.65968,6.72894],[40.67617,6.73199],[40.68937,6.72964],[40.69205,6.7303],[40.75355,6.77732],[40.75191,6.78116],[40.74568,6.7866],[40.74535,6.79178],[40.7489,6.79613],[40.74821,6.80273],[40.75117,6.80472],[40.75071,6.80943],[40.75178,6.81108],[40.75519,6.81],[40.75624,6.80694],[40.76307,6.8055],[40.7658,6.80961],[40.76606,6.81491],[40.76772,6.81773],[40.76549,6.82186],[40.76279,6.82317],[40.7635,6.82599],[40.76044,6.82754],[40.7614,6.83225],[40.75846,6.83414],[40.75872,6.83944],[40.75459,6.86938],[40.76477,6.88916],[40.73998,6.89256],[40.72982,6.89021],[40.728,6.89155],[40.72567,6.89116],[40.70148,6.91911],[40.70341,6.92226],[40.71032,6.92654],[40.72182,6.94387],[40.72181,6.94614],[40.71243,6.94817],[40.71081,6.96692],[40.70681,6.97298],[40.69392,6.9798],[40.69262,6.98277],[40.68086,6.98523],[40.67196,6.98326],[40.66755,6.98665],[40.65494,6.9909],[40.64887,6.99541],[40.6446,7.00307],[40.64768,7.01457],[40.64635,7.02015],[40.64234,7.02228],[40.63398,7.0218],[40.63062,7.02422],[40.62523,7.02445],[40.61658,7.03065],[40.61468,7.03391],[40.61431,7.03888],[40.61682,7.04309],[40.61332,7.05697],[40.61784,7.07461],[40.61555,7.07816],[40.61694,7.09165],[40.61551,7.09472],[40.61677,7.0973],[40.61343,7.1019],[40.59388,7.10005],[40.5889,7.10122],[40.57819,7.10786],[40.56752,7.1111],[40.53956,7.14421],[40.53795,7.14852],[40.53555,7.14882],[40.53303,7.15318],[40.51784,7.13792],[40.52012,7.13303],[40.50706,7.12051],[40.46673,7.14282],[40.44672,7.14362],[40.43372,7.13864],[40.43643,7.1318],[40.46479,7.12868],[40.46748,7.12805],[40.46995,7.12543],[40.47091,7.12218],[40.46681,7.11809],[40.47221,7.1097],[40.46764,7.1091],[40.4662,7.11036],[40.45464,7.10707],[40.46123,7.10054],[40.46079,7.09556],[40.45477,7.10147],[40.43793,7.10889],[40.43404,7.12105],[40.40085,7.12551],[40.39845,7.11393],[40.39584,7.11653],[40.39161,7.11525],[40.38917,7.12217],[40.38142,7.12894],[40.37334,7.13394],[40.37461,7.13891],[40.37175,7.14165],[40.37131,7.14544],[40.36719,7.15076],[40.36712,7.15332],[40.36451,7.15774],[40.36454,7.16532],[40.36056,7.17079],[40.35319,7.17527],[40.34649,7.17551],[40.34468,7.17786],[40.33505,7.17691],[40.33089,7.17848],[40.3294,7.18138],[40.32363,7.18148],[40.32105,7.18359],[40.31366,7.18256],[40.31214,7.18534],[40.30746,7.18375],[40.29499,7.19422],[40.29952,7.19707],[40.29506,7.21354],[40.28942,7.21839],[40.29154,7.22164],[40.28323,7.23104],[40.28353,7.23554],[40.28191,7.23822],[40.28116,7.24564],[40.27963,7.24784],[40.27671,7.24847],[40.27552,7.25173],[40.27692,7.25393],[40.28191,7.2564],[40.28771,7.25667],[40.2905,7.26222],[40.29133,7.26576],[40.29047,7.26681],[40.29619,7.27182],[40.29576,7.27407],[40.29721,7.2766],[40.29999,7.2786],[40.30177,7.27643],[40.32229,7.29467],[40.3237,7.29466],[40.32355,7.30305],[40.32505,7.31034],[40.33681,7.31304],[40.32276,7.32711],[40.32162,7.34243],[40.32281,7.34538],[40.32146,7.3461],[40.32245,7.35092],[40.32648,7.35542],[40.32857,7.3536],[40.3308,7.35507],[40.33253,7.35385],[40.33528,7.35545],[40.33603,7.35836],[40.34125,7.35653],[40.35418,7.35684],[40.35478,7.35496],[40.35605,7.35522],[40.35604,7.35693],[40.36494,7.35727],[40.36351,7.35902],[40.37066,7.36817],[40.36787,7.37709],[40.36546,7.38045],[40.36955,7.39434],[40.36894,7.39707],[40.3542,7.38879],[40.35161,7.38908],[40.33045,7.4001],[40.34407,7.40088],[40.36024,7.41225],[40.3471,7.41411],[40.35794,7.43797],[40.35056,7.43923],[40.33961,7.42619],[40.34231,7.43954],[40.33789,7.44478],[40.34808,7.45943],[40.37222,7.46501],[40.38472,7.48915],[40.3633,7.51564],[40.36568,7.52087],[40.3661,7.53268],[40.36415,7.538],[40.36129,7.54246],[40.35607,7.54592],[40.35225,7.55033],[40.34634,7.56399],[40.34424,7.56538],[40.34163,7.57019],[40.33896,7.56907],[40.33785,7.56697],[40.33759,7.56106],[40.33096,7.5563],[40.32792,7.55147],[40.32282,7.54862],[40.31194,7.54815],[40.3066,7.54264],[40.30535,7.54087],[40.30437,7.53255],[40.30172,7.5299],[40.29851,7.53058],[40.29745,7.52967],[40.29191,7.5216],[40.29242,7.51574],[40.29041,7.51397],[40.28724,7.51288],[40.28075,7.50769],[40.27696,7.50727],[40.2716,7.51075],[40.26914,7.5101],[40.2659,7.50671],[40.26584,7.5036],[40.25912,7.5007],[40.25066,7.49412],[40.24673,7.49605],[40.24319,7.49329],[40.24056,7.48821],[40.2382,7.48721],[40.23525,7.489],[40.23193,7.48451],[40.22919,7.48289],[40.22312,7.47372],[40.21584,7.47432],[40.21459,7.47288],[40.21499,7.46592],[40.21305,7.464],[40.20037,7.46235],[40.19325,7.45629],[40.19404,7.45233],[40.19323,7.45199],[40.18992,7.45272],[40.1882,7.45607],[40.18419,7.45655],[40.18406,7.45194],[40.18206,7.4478],[40.17295,7.44672],[40.17227,7.44405],[40.1656,7.44402],[40.15952,7.43836],[40.15249,7.43706],[40.14606,7.43873],[40.14398,7.43572],[40.13624,7.43667],[40.12693,7.43344],[40.11646,7.43536],[40.11117,7.44018],[40.10163,7.43863],[40.0977,7.44094],[40.09329,7.4409],[40.0863,7.44369],[40.08453,7.44666],[40.08457,7.45171],[40.08169,7.45378],[40.0816,7.45665],[40.07814,7.46252],[40.06966,7.46618],[40.0652,7.46604],[40.06323,7.46313],[40.06026,7.46481],[40.05726,7.4624],[40.05424,7.46217],[40.04833,7.46699],[40.04068,7.46737],[40.03703,7.47348],[40.03204,7.47263],[40.02442,7.477],[40.02058,7.47625],[40.01912,7.47436],[40.01533,7.47312],[40.01102,7.47825],[40.00502,7.47415],[39.99474,7.47894],[39.98443,7.47796],[39.98093,7.47935],[39.97635,7.47632],[39.97198,7.48187],[39.96799,7.47971],[39.96511,7.48034],[39.96349,7.48681],[39.95751,7.49055],[39.9493,7.48918],[39.95191,7.48658],[39.95128,7.48536],[39.94797,7.48666],[39.94553,7.48619],[39.94399,7.48768],[39.94064,7.4873],[39.93896,7.48869],[39.92937,7.48776],[39.92616,7.48934],[39.92234,7.48655],[39.91783,7.48618],[39.91419,7.48762],[39.90797,7.48383],[39.90654,7.48575],[39.90399,7.48431],[39.89541,7.48338],[39.88856,7.47858],[39.88007,7.47793],[39.87816,7.47965],[39.87643,7.47947],[39.87714,7.47228],[39.87258,7.47373],[39.87105,7.47297],[39.86708,7.46726],[39.86224,7.46727],[39.86156,7.4643],[39.8593,7.46397],[39.85801,7.46196],[39.85556,7.46211],[39.85257,7.46544],[39.84801,7.46559],[39.84409,7.46938],[39.84212,7.46939],[39.84082,7.46704],[39.83727,7.46595],[39.83507,7.46753],[39.82632,7.46882],[39.82171,7.46725],[39.82065,7.46423],[39.81494,7.46295],[39.81069,7.45657],[39.81083,7.45418],[39.8068,7.45222],[39.80576,7.4477],[39.80316,7.44474],[39.79184,7.44227],[39.78338,7.44533],[39.77685,7.44237],[39.77632,7.43821],[39.77272,7.43778],[39.76752,7.44073],[39.76465,7.44036],[39.7625,7.44472],[39.7579,7.44908],[39.75517,7.44951],[39.75342,7.45347],[39.73981,7.45861],[39.73723,7.46192],[39.72829,7.46459],[39.71966,7.46403],[39.71367,7.46657],[39.7125,7.47004],[39.7101,7.46952],[39.70794,7.47173],[39.70344,7.47193],[39.69888,7.4738],[39.69003,7.46762],[39.68619,7.46686],[39.68552,7.46939],[39.68135,7.46978],[39.67168,7.46709],[39.66857,7.47179],[39.6692,7.47662],[39.66767,7.47538],[39.6646,7.47543],[39.66345,7.47682],[39.66427,7.48003],[39.65787,7.48154],[39.6559,7.47896],[39.6451,7.47735],[39.64192,7.47999],[39.63687,7.47808],[39.63617,7.47583],[39.63301,7.47554],[39.63082,7.46989],[39.62663,7.46836],[39.62176,7.45857],[39.61736,7.45636],[39.61572,7.45328],[39.60956,7.45191],[39.60813,7.4491],[39.60343,7.44581],[39.60022,7.44665],[39.59674,7.44581],[39.59113,7.44932],[39.58614,7.44754],[39.58434,7.44934],[39.57725,7.44351],[39.57292,7.44352],[39.57068,7.44655],[39.55872,7.4412],[39.55653,7.4398],[39.55619,7.43559],[39.54558,7.42817],[39.5431,7.42335],[39.54216,7.41115],[39.5439,7.40756],[39.54322,7.40385],[39.53194,7.39823],[39.52412,7.39829],[39.53051,7.38071],[39.53128,7.36091],[39.53566,7.35183],[39.55247,7.35169],[39.55632,7.35288],[39.55842,7.3586],[39.56793,7.36482],[39.57748,7.36313],[39.5787,7.35383],[39.58309,7.3519],[39.58549,7.3477],[39.58543,7.34419],[39.58368,7.34379],[39.5815,7.34034],[39.58655,7.32676],[39.5918,7.32308],[39.59654,7.32375],[39.59924,7.32225],[39.60389,7.31639],[39.60359,7.31474],[39.61323,7.30918],[39.61209,7.30818],[39.61815,7.30331],[39.61809,7.30085],[39.62178,7.29311],[39.62408,7.28248],[39.62053,7.28129],[39.62683,7.2742],[39.63338,7.27719],[39.63439,7.26813],[39.64054,7.26086],[39.6347,7.25259],[39.64557,7.25036],[39.64844,7.23715],[39.65598,7.23438],[39.66387,7.22797],[39.66934,7.2302],[39.68413,7.22858],[39.68888,7.21977],[39.68504,7.2017],[39.69311,7.19283],[39.69293,7.19142],[39.68811,7.18899],[39.68049,7.18857],[39.6646,7.19102],[39.62822,7.14787],[39.62023,7.14764],[39.61408,7.14322],[39.60567,7.14373],[39.60265,7.14539],[39.59893,7.14481],[39.59533,7.14355],[39.59352,7.14117],[39.59767,7.13809],[39.60098,7.13272],[39.60277,7.12561],[39.60752,7.12349],[39.61663,7.12724],[39.61529,7.11868],[39.61126,7.11872],[39.61423,7.10802],[39.61272,7.10382],[39.62067,7.09923],[39.62097,7.09301],[39.62323,7.09064],[39.62802,7.0897],[39.63627,7.08116],[39.64297,7.08761],[39.64771,7.0866],[39.65575,7.08149],[39.66127,7.06953],[39.66081,7.05373],[39.67367,7.05273],[39.6801,7.03586],[39.67212,7.02093],[39.67483,7.0132],[39.67881,7.01712],[39.68394,7.01623],[39.69714,7.01827],[39.70155,7.02236],[39.70579,7.01825],[39.70682,7.01942],[39.71562,7.02],[39.71943,7.01838],[39.72048,7.01614],[39.71478,7.00272],[39.71169,6.99885],[39.70995,6.99275],[39.73133,6.97143],[39.72715,6.96196],[39.72922,6.95159],[39.73682,6.93844],[39.74246,6.93309],[39.74513,6.92826],[39.75217,6.92466],[39.75777,6.91906],[39.76832,6.91717],[39.77071,6.91512],[39.76658,6.90743],[39.75998,6.90172],[39.75045,6.88501],[39.74044,6.87079],[39.72229,6.85791],[39.70449,6.84959],[39.68518,6.83608],[39.62909,6.78328],[39.61561,6.7613],[39.61584,6.75943],[39.62044,6.75802],[39.62249,6.75277],[39.62792,6.74638],[39.63405,6.73522],[39.63657,6.72415],[39.64411,6.71308],[39.64232,6.70633],[39.63809,6.70531],[39.64184,6.70212],[39.64052,6.69565],[39.64202,6.69133],[39.64136,6.69021],[39.63742,6.69143],[39.63432,6.68994],[39.63197,6.68563],[39.61486,6.68987],[39.59832,6.69069],[39.59707,6.69026],[39.59739,6.68836],[39.59581,6.68589],[39.59818,6.68417],[39.57967,6.67107],[39.52875,6.71997],[39.51929,6.71282],[39.52176,6.69519],[39.50949,6.6744],[39.50519,6.67389],[39.49989,6.67046],[39.49663,6.67046],[39.4931,6.66703],[39.48863,6.66789],[39.4863,6.66643],[39.48424,6.66747],[39.47848,6.66412],[39.46953,6.66481],[39.46389,6.65751],[39.4603,6.65742],[39.45638,6.64861],[39.45505,6.64229],[39.44944,6.63761],[39.44982,6.63574],[39.44434,6.63256],[39.44291,6.62981],[39.43619,6.62756],[39.43534,6.62462],[39.43337,6.62529],[39.42763,6.6195],[39.42654,6.61309],[39.42041,6.60467],[39.41983,6.60166],[39.42143,6.59811],[39.42205,6.58978],[39.42101,6.58122],[39.42256,6.57447],[39.42462,6.5725],[39.4248,6.56796],[39.42667,6.56537],[39.42655,6.56168],[39.42946,6.55565],[39.42951,6.5535],[39.42594,6.54737],[39.42692,6.54469],[39.4012,6.55554],[39.39123,6.55068],[39.3745,6.54004],[39.3561,6.53119],[39.34075,6.51994],[39.33707,6.51482],[39.33944,6.5079],[39.3387,6.49888],[39.34008,6.49733],[39.3375,6.49071],[39.33784,6.48701],[39.33525,6.4816],[39.3377,6.47403],[39.32575,6.46501],[39.30544,6.43549],[39.29652,6.42996],[39.29573,6.41234],[39.2868,6.39199],[39.27981,6.37005],[39.2783,6.36867],[39.28615,6.3662],[39.29102,6.35999],[39.2969,6.35658],[39.30377,6.3605],[39.34348,6.35626],[39.35992,6.36211],[39.36842,6.36381],[39.40317,6.35078],[39.40746,6.30874],[39.41391,6.29136],[39.41507,6.2808],[39.41902,6.2757],[39.42696,6.27378],[39.43465,6.26702],[39.45108,6.25684],[39.45588,6.25202],[39.46105,6.25092],[39.46358,6.249],[39.46391,6.24641],[39.46152,6.24292],[39.46749,6.22236],[39.46972,6.21956],[39.46652,6.213],[39.4678,6.20966],[39.48079,6.18887],[39.4939,6.17134],[39.5085,6.15822],[39.55656,6.12835],[39.55929,6.12849],[39.57578,6.14254],[39.59225,6.15956],[39.60109,6.17114],[39.60909,6.18716],[39.61071,6.17965],[39.61603,6.16729],[39.62162,6.16628],[39.62536,6.16719],[39.62982,6.16321],[39.63465,6.16268],[39.64235,6.15707],[39.64897,6.15634],[39.65165,6.15969],[39.6527,6.15873],[39.65476,6.16069],[39.65835,6.16111],[39.65979,6.16375],[39.6618,6.1646],[39.66259,6.16719],[39.6679,6.1713],[39.67191,6.17718],[39.67186,6.18134],[39.6743,6.18139],[39.67478,6.18364],[39.68163,6.18535],[39.68268,6.18674],[39.68352,6.2065],[39.68955,6.20937],[39.70254,6.21036],[39.71912,6.21555],[39.72447,6.21535],[39.73235,6.22008],[39.73765,6.21768],[39.74399,6.2177],[39.7527,6.22338],[39.75629,6.2218],[39.76392,6.22803],[39.76355,6.23057],[39.76709,6.23262],[39.76652,6.23406],[39.76927,6.23901],[39.77358,6.23996],[39.77497,6.24173]]]}},{"type":"Feature","id":"borena","properties":{"zone_id":"borena","prototype_id":"borena","pcode":"ET0412","name_en":"Borena","name_om":"Boorana","name_am":"ቦረና","name_om_verification":"pending_bureau_signoff","name_am_verification":"pending_bureau_signoff","source_dataset_id":"cod-ab-eth-v04","source_organization":"UN-OCHA FIS / Ethiopia CSA + BoFED","admin_level":"zone","area_sqkm":31482.24109007,"valid_on":"2025-01-01"},"geometry":{"type":"Polygon","coordinates":[[[37.64826,3.95571],[37.99805,3.72861],[38.03361,3.69806],[38.05611,3.65194],[38.12111,3.61167],[38.32388,3.60889],[38.44805,3.59944],[38.51694,3.62694],[38.62194,3.60167],[38.72944,3.56722],[38.91361,3.51389],[39.04611,3.52889],[39.08472,3.53444],[39.09112,3.5311],[39.09792,3.53669],[39.2205,3.60248],[39.2847,3.62308],[39.39962,3.79566],[39.48285,3.942],[39.49968,3.96573],[39.47828,4.04033],[39.5091,4.11442],[39.52879,4.16674],[39.53969,4.23517],[39.56697,4.26459],[39.57504,4.27831],[39.52982,4.23548],[39.50916,4.21829],[39.48967,4.20249],[39.45801,4.18008],[39.42255,4.14983],[39.40592,4.14001],[39.39351,4.13446],[39.39034,4.13446],[39.29749,4.10885],[39.13975,4.10885],[39.12465,4.10271],[39.11769,4.09802],[39.11173,4.08567],[39.10119,4.0715],[39.0906,4.0614],[39.07291,4.04877],[39.0496,4.02895],[39.04803,4.02666],[39.04782,4.00511],[39.02321,4.00125],[38.90883,4.01455],[38.84738,4.01981],[38.83734,4.02051],[38.83838,4.01299],[38.79649,4.0181],[38.79566,4.02278],[38.79646,4.02698],[38.76359,4.07141],[38.75628,4.0675],[38.74429,4.05131],[38.70272,4.06936],[38.65577,4.10516],[38.58282,4.15285],[38.55339,4.15399],[38.49329,4.13361],[38.47042,4.13408],[38.45206,4.13245],[38.44976,4.13352],[38.45213,4.1476],[38.44582,4.18031],[38.4206,4.20532],[38.43453,4.26056],[38.39696,4.26644],[38.39049,4.31304],[38.41453,4.3344],[38.46147,4.36669],[38.46157,4.40021],[38.4662,4.39874],[38.48119,4.40675],[38.46673,4.42335],[38.46515,4.42771],[38.45742,4.43799],[38.44596,4.45086],[38.42893,4.51116],[38.42092,4.51278],[38.41977,4.51407],[38.39521,4.57297],[38.38983,4.57451],[38.40872,4.60532],[38.41603,4.60917],[38.43904,4.64711],[38.4404,4.65544],[38.43649,4.66643],[38.4413,4.70509],[38.44226,4.72219],[38.4442,4.72999],[38.44083,4.77353],[38.45178,4.77582],[38.45715,4.78619],[38.46168,4.7918],[38.46775,4.79577],[38.45821,4.81963],[38.46107,4.82388],[38.45855,4.8292],[38.45179,4.83223],[38.4496,4.83851],[38.45028,4.85411],[38.45635,4.85915],[38.45677,4.86163],[38.45551,4.87386],[38.457,4.98237],[38.45964,4.98763],[38.45437,4.99077],[38.45977,4.99426],[38.45967,4.99556],[38.4543,4.99832],[38.45039,5.00358],[38.45092,5.04104],[38.48673,5.04299],[38.49409,5.03711],[38.5096,5.0433],[38.51113,5.04234],[38.51881,5.04278],[38.52442,5.04598],[38.52975,5.05361],[38.54582,5.0683],[38.5514,5.06755],[38.5767,5.07312],[38.58864,5.07087],[38.59379,5.07356],[38.59527,5.07552],[38.59317,5.07723],[38.59652,5.07961],[38.60267,5.08748],[38.60939,5.09227],[38.60951,5.09958],[38.61664,5.10148],[38.62142,5.10119],[38.62285,5.10301],[38.62786,5.10436],[38.63063,5.10819],[38.63196,5.10771],[38.63139,5.11013],[38.62909,5.11109],[38.62857,5.11496],[38.62634,5.11786],[38.62144,5.12024],[38.61879,5.12009],[38.61308,5.1244],[38.61414,5.12982],[38.6181,5.13347],[38.61535,5.13444],[38.61112,5.13297],[38.61032,5.13679],[38.60815,5.13696],[38.60577,5.14247],[38.60106,5.14115],[38.59909,5.14484],[38.59516,5.14573],[38.5916,5.14395],[38.58878,5.14766],[38.58663,5.14625],[38.58708,5.14238],[38.58441,5.14164],[38.58188,5.1426],[38.58106,5.14505],[38.57661,5.14706],[38.5735,5.14527],[38.56986,5.14527],[38.56793,5.14624],[38.56563,5.15055],[38.56103,5.14965],[38.56103,5.14512],[38.55896,5.14311],[38.55458,5.14533],[38.55235,5.14905],[38.54589,5.14689],[38.54359,5.14853],[38.53945,5.14501],[38.53923,5.14126],[38.53668,5.13955],[38.53368,5.14023],[38.53396,5.14364],[38.52925,5.14381],[38.53028,5.14085],[38.52835,5.13818],[38.53,5.1354],[38.52756,5.13432],[38.52864,5.13307],[38.52756,5.13114],[38.53017,5.12858],[38.5227,5.1229],[38.51964,5.12511],[38.51777,5.12386],[38.51476,5.12414],[38.51323,5.12953],[38.51187,5.1301],[38.51193,5.12408],[38.51029,5.12414],[38.50847,5.12624],[38.50547,5.12351],[38.49929,5.12577],[38.49505,5.12151],[38.49193,5.12327],[38.49334,5.12611],[38.48994,5.12588],[38.48768,5.12815],[38.48127,5.1257],[38.47816,5.12684],[38.47544,5.12507],[38.47164,5.12581],[38.46796,5.12416],[38.46326,5.12717],[38.4594,5.12739],[38.45832,5.1299],[38.44876,5.1382],[38.44379,5.1445],[38.44322,5.14676],[38.44435,5.14859],[38.44918,5.14982],[38.44311,5.15958],[38.43993,5.16793],[38.44015,5.17475],[38.43766,5.17747],[38.42904,5.18212],[38.42603,5.19121],[38.42238,5.19106],[38.41744,5.19527],[38.41282,5.19658],[38.40715,5.20226],[38.40127,5.2056],[38.39217,5.2149],[38.39421,5.21847],[38.39828,5.21943],[38.39976,5.22419],[38.40053,5.23214],[38.39727,5.23761],[38.39316,5.24059],[38.3916,5.23988],[38.38919,5.24151],[38.38522,5.24065],[38.38115,5.24194],[38.37403,5.24717],[38.3733,5.24913],[38.36728,5.24706],[38.35424,5.25422],[38.34842,5.25933],[38.34481,5.25755],[38.33758,5.25981],[38.33673,5.26265],[38.33928,5.26556],[38.33864,5.2684],[38.32957,5.27088],[38.32659,5.27485],[38.32545,5.27421],[38.32389,5.27542],[38.32127,5.27797],[38.32261,5.28174],[38.32077,5.28408],[38.3157,5.28543],[38.31157,5.29056],[38.30867,5.28878],[38.30881,5.28274],[38.30559,5.2826],[38.30256,5.27905],[38.29734,5.27977],[38.29516,5.28427],[38.29194,5.28431],[38.28787,5.28751],[38.28606,5.28751],[38.28425,5.28563],[38.272,5.28704],[38.26775,5.29033],[38.26367,5.29134],[38.2593,5.28952],[38.25273,5.28895],[38.24905,5.28922],[38.24526,5.29225],[38.23069,5.2921],[38.22807,5.29501],[38.22856,5.30104],[38.22558,5.30345],[38.2238,5.30913],[38.21869,5.31367],[38.21488,5.31433],[38.21243,5.31141],[38.20921,5.31091],[38.19842,5.31144],[38.1932,5.31398],[38.18894,5.31752],[38.18816,5.31983],[38.18417,5.32087],[38.1815,5.3191],[38.17728,5.31923],[38.17211,5.32349],[38.16794,5.31904],[38.15947,5.31634],[38.15186,5.31106],[38.1491,5.30547],[38.14493,5.3026],[38.13874,5.29005],[38.13693,5.28936],[38.12699,5.29371],[38.12441,5.29764],[38.12307,5.30457],[38.12356,5.31507],[38.12156,5.3245],[38.10581,5.30739],[38.10171,5.2967],[38.10685,5.26003],[38.10038,5.24496],[38.09543,5.24355],[38.08369,5.24606],[38.07958,5.24812],[38.07602,5.24802],[38.06612,5.2436],[38.06369,5.239],[38.05921,5.23571],[38.04958,5.23701],[38.04621,5.23466],[38.04509,5.23588],[38.04229,5.23438],[38.03889,5.23719],[38.03533,5.23793],[38.03431,5.2355],[38.02852,5.23258],[38.02768,5.22883],[38.02134,5.22029],[38.02087,5.21767],[38.01228,5.214],[38.00741,5.21718],[38.00379,5.22701],[38.00145,5.23113],[37.99855,5.2331],[37.9964,5.23309],[37.99612,5.23009],[37.99351,5.22746],[37.99192,5.22877],[37.98659,5.22839],[37.97928,5.23503],[37.97311,5.23774],[37.96796,5.23811],[37.96777,5.23989],[37.96955,5.2413],[37.96852,5.24204],[37.96132,5.24363],[37.96047,5.24503],[37.96391,5.25778],[37.96316,5.26078],[37.96176,5.25984],[37.95689,5.26021],[37.95364,5.26255],[37.95003,5.26164],[37.94338,5.2654],[37.94224,5.26336],[37.93883,5.2633],[37.93656,5.26053],[37.93315,5.25963],[37.93022,5.26022],[37.92564,5.26429],[37.92085,5.26375],[37.91857,5.26506],[37.91457,5.2632],[37.91266,5.26085],[37.91062,5.24633],[37.90769,5.24327],[37.89369,5.23941],[37.88509,5.23431],[37.85266,5.23465],[37.82713,5.24974],[37.81008,5.2683],[37.79261,5.27422],[37.77283,5.28335],[37.74713,5.27661],[37.72894,5.29218],[37.70088,5.30588],[37.67423,5.30764],[37.64671,5.29929],[37.63729,5.28317],[37.62973,5.26601],[37.57983,5.24768],[37.57785,5.24239],[37.55135,5.23393],[37.51786,5.22048],[37.49127,5.20291],[37.46558,5.19317],[37.41721,5.16655],[37.36718,5.1551],[37.34074,5.1596],[37.31725,5.17353],[37.29236,5.19436],[37.23811,5.19943],[37.21691,5.21268],[37.19716,5.21031],[37.18183,5.19392],[37.14531,5.18894],[37.11223,5.18627],[37.08212,5.18638],[37.00331,5.19908],[36.9831,5.19241],[36.94897,5.19469],[36.92123,5.14513],[36.89297,5.10979],[36.88219,5.07498],[36.86071,4.97877],[36.8648,4.9442],[36.86085,4.93507],[36.86348,4.79304],[36.85474,4.73606],[36.82848,4.70917],[36.64641,4.71076],[36.68084,4.6043],[36.65753,4.58037],[36.69149,4.49551],[36.71425,4.43385],[36.88777,4.43472],[37.03972,4.37555],[37.09916,4.33167],[37.13027,4.28639],[37.28055,4.19444],[37.64826,3.95571]]]}},{"type":"Feature","id":"south_west_shewa","properties":{"zone_id":"south_west_shewa","prototype_id":"sw-shewa","pcode":"ET0413","name_en":"South West Shewa","name_om":"Shawaa Kibba Lixaa","name_am":"ደቡብ ምዕራብ ሸዋ","name_om_verification":"pending_bureau_signoff","name_am_verification":"pending_bureau_signoff","source_dataset_id":"cod-ab-eth-v04","source_organization":"UN-OCHA FIS / Ethiopia CSA + BoFED","admin_level":"zone","area_sqkm":6238.17756615,"valid_on":"2025-01-01"},"geometry":{"type":"Polygon","coordinates":[[[37.98817,8.35953],[38.00824,8.37251],[38.02804,8.39028],[38.03893,8.38922],[38.06671,8.37597],[38.0771,8.38062],[38.08654,8.3901],[38.10296,8.38901],[38.11,8.39037],[38.12255,8.40659],[38.13896,8.40942],[38.16418,8.40805],[38.18003,8.39287],[38.21754,8.40878],[38.23833,8.40931],[38.26631,8.40664],[38.28204,8.39956],[38.28925,8.3807],[38.30082,8.37636],[38.31146,8.36995],[38.3122,8.35245],[38.30787,8.32986],[38.30703,8.29969],[38.32188,8.27234],[38.33318,8.25855],[38.34734,8.25424],[38.3755,8.26594],[38.3824,8.27347],[38.40086,8.27951],[38.42163,8.28902],[38.43021,8.29875],[38.43247,8.31221],[38.44073,8.33527],[38.45171,8.38503],[38.46161,8.39979],[38.46829,8.43501],[38.47788,8.44736],[38.50145,8.44397],[38.52684,8.45762],[38.5481,8.45307],[38.57578,8.44489],[38.58417,8.43268],[38.59088,8.42602],[38.60427,8.43157],[38.61675,8.43114],[38.63964,8.4121],[38.65445,8.39464],[38.66164,8.37602],[38.66723,8.35049],[38.68416,8.36357],[38.68655,8.37163],[38.69193,8.3784],[38.69357,8.3789],[38.696,8.38373],[38.7026,8.38401],[38.7102,8.38258],[38.71587,8.38497],[38.73465,8.38714],[38.74141,8.39075],[38.74277,8.39053],[38.7437,8.38773],[38.74655,8.38558],[38.7542,8.39089],[38.75803,8.39077],[38.76254,8.3934],[38.76551,8.39338],[38.76791,8.40166],[38.7653,8.41389],[38.76582,8.42619],[38.76339,8.42985],[38.76351,8.43375],[38.76096,8.43418],[38.75899,8.43724],[38.76106,8.44009],[38.76004,8.44878],[38.75672,8.4504],[38.75562,8.44715],[38.7535,8.44715],[38.75014,8.44973],[38.74834,8.48395],[38.74886,8.49047],[38.75371,8.49636],[38.75323,8.50144],[38.75664,8.51139],[38.75976,8.51422],[38.76144,8.52494],[38.76067,8.53271],[38.7631,8.54554],[38.75671,8.54747],[38.7508,8.54694],[38.7482,8.54823],[38.74675,8.5523],[38.74411,8.55249],[38.74247,8.55459],[38.74035,8.56024],[38.73732,8.56081],[38.73501,8.56488],[38.7314,8.56665],[38.7265,8.56645],[38.72533,8.56801],[38.7198,8.56695],[38.71208,8.5687],[38.7005,8.56864],[38.69958,8.57156],[38.69746,8.57309],[38.69748,8.57608],[38.70001,8.58199],[38.7039,8.58431],[38.70625,8.58894],[38.7061,8.59075],[38.7008,8.59266],[38.70406,8.59864],[38.70319,8.6037],[38.69305,8.60218],[38.68992,8.60347],[38.68973,8.6049],[38.6925,8.60771],[38.69188,8.60999],[38.68979,8.60989],[38.69115,8.61541],[38.69543,8.61612],[38.69624,8.61814],[38.69845,8.63476],[38.71117,8.63379],[38.71794,8.6374],[38.72221,8.63713],[38.72517,8.63614],[38.74073,8.6247],[38.74624,8.62288],[38.7503,8.61915],[38.75173,8.62109],[38.75142,8.62486],[38.74795,8.63055],[38.75019,8.63283],[38.74867,8.63684],[38.75303,8.64309],[38.75279,8.64703],[38.75029,8.65223],[38.75202,8.65487],[38.75193,8.65913],[38.75327,8.66228],[38.75163,8.66401],[38.74726,8.66424],[38.74958,8.67173],[38.74735,8.67248],[38.74845,8.67401],[38.74422,8.67424],[38.74485,8.67964],[38.74204,8.67938],[38.74056,8.6818],[38.7432,8.69468],[38.74521,8.69703],[38.74552,8.70764],[38.74212,8.71282],[38.73086,8.71792],[38.72484,8.71896],[38.72172,8.72352],[38.72143,8.72462],[38.72703,8.73129],[38.7214,8.74514],[38.71593,8.74897],[38.71034,8.76726],[38.70765,8.77045],[38.7041,8.77156],[38.69515,8.7659],[38.67921,8.76397],[38.6733,8.76062],[38.66984,8.76068],[38.6652,8.76368],[38.65842,8.76479],[38.65676,8.76704],[38.65119,8.76629],[38.64748,8.77033],[38.64346,8.77079],[38.6436,8.77382],[38.63985,8.77569],[38.63955,8.78477],[38.63672,8.79151],[38.63755,8.79606],[38.63446,8.80094],[38.6348,8.80478],[38.62848,8.80555],[38.62877,8.81202],[38.62698,8.81173],[38.62626,8.80814],[38.60825,8.80522],[38.60126,8.80739],[38.60128,8.8119],[38.59611,8.81233],[38.59296,8.8158],[38.59319,8.81789],[38.57668,8.81836],[38.57077,8.81967],[38.54538,8.82906],[38.53408,8.83513],[38.53578,8.83837],[38.52858,8.84145],[38.51592,8.85039],[38.51337,8.8582],[38.51464,8.85994],[38.50226,8.8584],[38.46045,8.87887],[38.44402,8.87952],[38.43664,8.87601],[38.43336,8.8709],[38.43098,8.86186],[38.42786,8.86312],[38.42239,8.86241],[38.42074,8.86069],[38.41635,8.86149],[38.41424,8.8554],[38.41617,8.85265],[38.40884,8.85207],[38.40548,8.85429],[38.40188,8.85978],[38.39312,8.86372],[38.39127,8.86882],[38.39103,8.87431],[38.37959,8.88226],[38.37824,8.88995],[38.37685,8.89092],[38.36813,8.88925],[38.36225,8.89156],[38.35655,8.89081],[38.34682,8.89276],[38.34402,8.89551],[38.34647,8.90289],[38.34632,8.90667],[38.34401,8.90617],[38.34366,8.90949],[38.33849,8.91046],[38.33458,8.91369],[38.32845,8.91149],[38.32784,8.90909],[38.32324,8.90834],[38.31996,8.9021],[38.31693,8.90037],[38.29478,8.89408],[38.29186,8.88537],[38.28733,8.88364],[38.28589,8.87778],[38.28441,8.87557],[38.282,8.87523],[38.2799,8.87088],[38.28083,8.8696],[38.27988,8.8652],[38.27527,8.85799],[38.26823,8.85657],[38.25971,8.85249],[38.25258,8.85218],[38.25292,8.86381],[38.25071,8.86451],[38.24893,8.87143],[38.23916,8.87938],[38.23233,8.87958],[38.23335,8.88159],[38.23075,8.8821],[38.22328,8.88037],[38.20251,8.88721],[38.19928,8.88896],[38.19938,8.89223],[38.19813,8.89385],[38.18732,8.89471],[38.16529,8.9021],[38.16144,8.89558],[38.15819,8.88552],[38.1568,8.88511],[38.1525,8.88524],[38.14812,8.88804],[38.14694,8.88579],[38.14394,8.88549],[38.14224,8.88712],[38.131,8.88899],[38.12462,8.89244],[38.12365,8.89437],[38.13152,8.90002],[38.13503,8.91266],[38.13735,8.91485],[38.1384,8.92098],[38.13501,8.92364],[38.12969,8.92321],[38.12584,8.92524],[38.1216,8.93152],[38.11307,8.92279],[38.10813,8.915],[38.10126,8.91039],[38.09586,8.91579],[38.09494,8.9131],[38.09073,8.90903],[38.08958,8.90538],[38.08636,8.90282],[38.08271,8.90224],[38.08224,8.89573],[38.08057,8.89265],[38.08615,8.88821],[38.09564,8.8914],[38.10041,8.89149],[38.10498,8.88897],[38.1071,8.89255],[38.11625,8.88897],[38.12107,8.87609],[38.12773,8.87393],[38.12592,8.87037],[38.12712,8.86533],[38.12933,8.8629],[38.12936,8.85839],[38.13435,8.85037],[38.13972,8.85285],[38.14227,8.84862],[38.14119,8.8373],[38.14212,8.82766],[38.14567,8.82653],[38.14607,8.82377],[38.14463,8.82254],[38.14412,8.817],[38.13438,8.81719],[38.13351,8.82179],[38.12668,8.8199],[38.12003,8.82223],[38.11941,8.83025],[38.11142,8.83463],[38.10992,8.83712],[38.10737,8.83773],[38.09666,8.8361],[38.09069,8.84006],[38.082,8.84035],[38.0771,8.83924],[38.07615,8.83464],[38.06787,8.83376],[38.06601,8.82988],[38.06316,8.82873],[38.05951,8.82977],[38.05551,8.8333],[38.05132,8.83373],[38.0483,8.82914],[38.04599,8.82903],[38.03931,8.81684],[38.02761,8.81147],[38.0239,8.81328],[38.02159,8.81203],[38.02291,8.80418],[38.02446,8.80179],[38.01991,8.803],[38.01853,8.79778],[38.01377,8.7948],[38.0169,8.79486],[38.01979,8.79281],[38.02182,8.78889],[38.0258,8.78552],[38.02937,8.784],[38.03239,8.78592],[38.03456,8.78583],[38.03559,8.78452],[38.0333,8.7802],[38.02731,8.77886],[38.02257,8.77541],[38.02466,8.77234],[38.02007,8.76498],[38.01808,8.75573],[38.01878,8.75238],[38.01554,8.75236],[38.01261,8.7504],[38.00869,8.75186],[38.00791,8.75636],[38.00949,8.75751],[38.00902,8.76246],[38.00257,8.7668],[37.99997,8.76617],[37.98242,8.77036],[37.97781,8.76987],[37.97747,8.7714],[37.97626,8.77077],[37.97453,8.7723],[37.97291,8.77107],[37.9694,8.77255],[37.9669,8.77207],[37.96478,8.77393],[37.96562,8.77555],[37.96482,8.77627],[37.96266,8.77607],[37.96271,8.77378],[37.96113,8.77358],[37.96064,8.77487],[37.94798,8.77243],[37.94793,8.77731],[37.94657,8.77999],[37.92933,8.7825],[37.92704,8.78165],[37.91724,8.79117],[37.91594,8.80035],[37.91395,8.805],[37.90667,8.80876],[37.90516,8.81106],[37.89934,8.81108],[37.89603,8.81426],[37.89498,8.81801],[37.89232,8.81571],[37.88601,8.81438],[37.88864,8.81636],[37.8906,8.82257],[37.87143,8.81967],[37.87118,8.81358],[37.86971,8.81175],[37.85826,8.8147],[37.85403,8.82261],[37.8474,8.82063],[37.8453,8.81971],[37.84256,8.81455],[37.84,8.8057],[37.84034,8.80185],[37.83255,8.80257],[37.82519,8.80088],[37.81643,8.80273],[37.80844,8.80835],[37.80322,8.80915],[37.79522,8.81434],[37.79596,8.81004],[37.80896,8.79855],[37.80827,8.7946],[37.80951,8.78986],[37.80668,8.78555],[37.79389,8.78414],[37.79044,8.78518],[37.78587,8.78974],[37.78618,8.79434],[37.78455,8.7947],[37.78289,8.78779],[37.78146,8.78745],[37.78079,8.78551],[37.78443,8.77345],[37.7827,8.76744],[37.77929,8.7654],[37.77511,8.7588],[37.76948,8.75839],[37.76677,8.75639],[37.7597,8.74702],[37.74853,8.74565],[37.73195,8.74131],[37.7262,8.73636],[37.7222,8.7365],[37.71255,8.73348],[37.70694,8.72788],[37.69859,8.72259],[37.68925,8.72376],[37.68605,8.72015],[37.68039,8.71874],[37.67964,8.71613],[37.6734,8.71057],[37.67282,8.68881],[37.66973,8.68745],[37.66843,8.68895],[37.66634,8.68887],[37.66502,8.69389],[37.65845,8.69739],[37.65653,8.7036],[37.64948,8.70209],[37.64811,8.70252],[37.64839,8.70575],[37.64085,8.7059],[37.64445,8.70073],[37.63911,8.69478],[37.63751,8.68567],[37.62935,8.67877],[37.62872,8.67571],[37.62548,8.6735],[37.62605,8.67178],[37.62416,8.66652],[37.6248,8.65812],[37.61991,8.65868],[37.61645,8.66131],[37.61683,8.67089],[37.61456,8.67557],[37.60932,8.67793],[37.60834,8.68097],[37.60513,8.68086],[37.6058,8.68234],[37.60353,8.68163],[37.60187,8.677],[37.6052,8.67877],[37.60711,8.67727],[37.60861,8.66943],[37.6065,8.66805],[37.60509,8.66331],[37.60922,8.65781],[37.61119,8.6523],[37.60955,8.65049],[37.60685,8.65328],[37.60391,8.65249],[37.6048,8.64591],[37.60849,8.64308],[37.60863,8.64131],[37.60341,8.6357],[37.6002,8.62716],[37.60393,8.62515],[37.60532,8.62283],[37.60148,8.62066],[37.60037,8.61774],[37.60348,8.61722],[37.60237,8.61253],[37.60576,8.60905],[37.60492,8.60311],[37.60163,8.60172],[37.60501,8.58894],[37.60242,8.58833],[37.60252,8.58557],[37.60015,8.58506],[37.59915,8.58289],[37.59608,8.58339],[37.5953,8.58227],[37.5957,8.58107],[37.59899,8.58043],[37.59899,8.57893],[37.5945,8.57645],[37.59389,8.56663],[37.58748,8.56704],[37.57996,8.56521],[37.58198,8.54631],[37.58027,8.54165],[37.58098,8.53554],[37.57866,8.53226],[37.57755,8.52588],[37.57141,8.51445],[37.56275,8.51657],[37.56119,8.5176],[37.56101,8.51958],[37.55829,8.51789],[37.55757,8.51414],[37.55924,8.50626],[37.55635,8.505],[37.55326,8.49802],[37.55024,8.49495],[37.5426,8.49104],[37.53493,8.49016],[37.52936,8.47941],[37.52804,8.476],[37.52853,8.47256],[37.52659,8.46885],[37.52492,8.45511],[37.51991,8.4507],[37.51958,8.44871],[37.5214,8.44713],[37.5218,8.44472],[37.52021,8.44222],[37.52491,8.43409],[37.52401,8.43043],[37.52138,8.42887],[37.52482,8.42065],[37.53493,8.42359],[37.55798,8.42551],[37.57608,8.41407],[37.59804,8.36532],[37.61197,8.35409],[37.66606,8.38354],[37.67871,8.37771],[37.69222,8.35357],[37.70455,8.33704],[37.71705,8.3341],[37.73089,8.34316],[37.74797,8.35177],[37.76545,8.34712],[37.779,8.3397],[37.79659,8.33472],[37.81626,8.3318],[37.83915,8.33214],[37.86295,8.33571],[37.88763,8.34988],[37.90999,8.37049],[37.92799,8.37817],[37.94838,8.36742],[37.98817,8.35953]]]}},{"type":"Feature","id":"guji","properties":{"zone_id":"guji","prototype_id":"guji","pcode":"ET0414","name_en":"Guji","name_om":"Gujii","name_am":"ጉጂ","name_om_verification":"pending_bureau_signoff","name_am_verification":"pending_bureau_signoff","source_dataset_id":"cod-ab-eth-v04","source_organization":"UN-OCHA FIS / Ethiopia CSA + BoFED","admin_level":"zone","area_sqkm":9710.8285625,"valid_on":"2025-01-01"},"geometry":{"type":"Polygon","coordinates":[[[38.74115,5.60886],[38.74048,5.60148],[38.74429,5.60015],[38.74529,5.59758],[38.74956,5.59487],[38.74738,5.59263],[38.74909,5.59149],[38.74819,5.58764],[38.74962,5.58597],[38.74833,5.58421],[38.7471,5.58449],[38.74544,5.57959],[38.74834,5.57621],[38.75437,5.57274],[38.75376,5.56769],[38.75651,5.5635],[38.75576,5.5507],[38.75312,5.54843],[38.7535,5.54343],[38.75156,5.53951],[38.75278,5.5366],[38.75074,5.53498],[38.75231,5.53156],[38.7505,5.52818],[38.75079,5.51742],[38.74728,5.50661],[38.74719,5.5019],[38.74961,5.49961],[38.74667,5.49295],[38.74325,5.49038],[38.74225,5.48514],[38.7385,5.47885],[38.73532,5.47871],[38.7318,5.48194],[38.73009,5.48013],[38.72197,5.47794],[38.71584,5.47403],[38.7165,5.46949],[38.71517,5.46698],[38.71532,5.46218],[38.71711,5.45483],[38.7162,5.44718],[38.71712,5.44539],[38.72008,5.44409],[38.72062,5.43343],[38.72263,5.43141],[38.72511,5.42372],[38.72431,5.42151],[38.72686,5.41751],[38.72534,5.41486],[38.73047,5.41238],[38.72957,5.40976],[38.73086,5.40633],[38.72915,5.40385],[38.73456,5.40395],[38.73708,5.40062],[38.73347,5.39891],[38.73756,5.39048],[38.73585,5.38781],[38.73923,5.3871],[38.73969,5.3839],[38.74551,5.38241],[38.74914,5.37938],[38.76066,5.38033],[38.76024,5.37539],[38.76594,5.37302],[38.76583,5.37081],[38.76785,5.36903],[38.7666,5.36677],[38.76963,5.36296],[38.76595,5.35124],[38.7707,5.35195],[38.77373,5.34922],[38.77836,5.34981],[38.7802,5.34892],[38.77872,5.3466],[38.77878,5.34214],[38.78454,5.34178],[38.78704,5.33732],[38.78573,5.33244],[38.78751,5.32958],[38.7849,5.32661],[38.792,5.32673],[38.79702,5.32584],[38.79823,5.32435],[38.79637,5.32212],[38.79355,5.32145],[38.78984,5.31646],[38.7914,5.31118],[38.79729,5.30996],[38.79794,5.31425],[38.80329,5.31377],[38.80483,5.31651],[38.80863,5.31723],[38.8081,5.31449],[38.81124,5.31443],[38.81267,5.31241],[38.81107,5.30991],[38.81071,5.3039],[38.81291,5.29789],[38.81535,5.29593],[38.81748,5.30326],[38.82199,5.30581],[38.82579,5.30259],[38.83518,5.30075],[38.83868,5.29611],[38.83886,5.29212],[38.84052,5.29022],[38.8385,5.2832],[38.83874,5.27576],[38.8372,5.27362],[38.83964,5.26445],[38.83857,5.26082],[38.84314,5.26213],[38.85015,5.25493],[38.85508,5.25256],[38.85638,5.24994],[38.85448,5.24482],[38.85888,5.24292],[38.85953,5.24149],[38.85633,5.23726],[38.85841,5.23417],[38.85781,5.2322],[38.85467,5.23095],[38.85305,5.23277],[38.84973,5.23027],[38.84849,5.22191],[38.84648,5.21971],[38.83677,5.22114],[38.8364,5.21943],[38.84033,5.21661],[38.84055,5.21512],[38.83402,5.21207],[38.83529,5.20768],[38.83833,5.20612],[38.83766,5.20359],[38.84115,5.19809],[38.84872,5.19742],[38.84961,5.194],[38.85295,5.19154],[38.85228,5.18946],[38.85347,5.18701],[38.85058,5.18254],[38.85088,5.17882],[38.8465,5.17719],[38.84583,5.17428],[38.84316,5.17309],[38.84305,5.17184],[38.84894,5.16648],[38.84932,5.16432],[38.8478,5.16208],[38.85363,5.16117],[38.85835,5.16625],[38.86107,5.16577],[38.86174,5.1594],[38.86614,5.15844],[38.86547,5.15557],[38.87034,5.15395],[38.88099,5.13629],[38.88352,5.13466],[38.8893,5.12327],[38.89699,5.12241],[38.89747,5.11982],[38.89517,5.11532],[38.89732,5.1146],[38.90138,5.10972],[38.90458,5.10857],[38.90998,5.10929],[38.9105,5.10719],[38.90506,5.10297],[38.90473,5.10029],[38.90754,5.10226],[38.91012,5.10202],[38.91045,5.10412],[38.91394,5.10479],[38.91306,5.10756],[38.91609,5.11288],[38.91485,5.11619],[38.91642,5.11935],[38.93165,5.12225],[38.93406,5.12187],[38.93611,5.11943],[38.94774,5.11916],[38.95046,5.12141],[38.94989,5.1249],[38.95108,5.12562],[38.95887,5.12552],[38.95839,5.1317],[38.96278,5.13687],[38.96736,5.13907],[38.98481,5.14174],[38.98827,5.14002],[38.99157,5.13528],[38.99826,5.13309],[39.00064,5.13394],[39.00305,5.13312],[39.0072,5.12561],[39.01185,5.12437],[39.00954,5.12168],[39.00966,5.11962],[39.01286,5.11235],[39.01732,5.09588],[39.02045,5.09636],[39.01978,5.0932],[39.02351,5.09129],[39.02408,5.08832],[39.02895,5.08923],[39.03072,5.08817],[39.02981,5.08425],[39.03055,5.08181],[39.04996,5.06856],[39.04781,5.06483],[39.05335,5.06148],[39.05478,5.0575],[39.06175,5.0541],[39.06552,5.04745],[39.0744,5.0464],[39.09581,5.05241],[39.10968,5.05083],[39.11154,5.05294],[39.11281,5.06174],[39.11675,5.06369],[39.11634,5.06677],[39.11905,5.06846],[39.11756,5.07567],[39.12321,5.07962],[39.12167,5.09218],[39.12631,5.09479],[39.1252,5.10085],[39.13182,5.10309],[39.13477,5.10996],[39.13394,5.11683],[39.13612,5.11772],[39.13642,5.12049],[39.13992,5.12508],[39.13793,5.12971],[39.13741,5.13775],[39.13982,5.13842],[39.14851,5.13349],[39.15142,5.13435],[39.15331,5.1321],[39.1574,5.13289],[39.15836,5.13445],[39.15788,5.1391],[39.15054,5.14284],[39.15006,5.14869],[39.14823,5.15186],[39.14865,5.15687],[39.14602,5.15817],[39.14632,5.15991],[39.1553,5.17714],[39.15997,5.18284],[39.16215,5.19155],[39.1654,5.19519],[39.16609,5.19906],[39.16173,5.20859],[39.16474,5.20859],[39.16572,5.20601],[39.16841,5.20931],[39.16994,5.21486],[39.16937,5.2185],[39.1746,5.22965],[39.17358,5.23352],[39.17461,5.24377],[39.18024,5.24305],[39.18328,5.24868],[39.18294,5.25554],[39.19109,5.26401],[39.19064,5.26999],[39.19384,5.27655],[39.19358,5.28057],[39.19836,5.28952],[39.19781,5.29651],[39.20154,5.2984],[39.20024,5.30501],[39.19698,5.30417],[39.19533,5.31006],[39.19925,5.31164],[39.20185,5.32169],[39.20558,5.32183],[39.20904,5.33131],[39.2142,5.33939],[39.2127,5.34523],[39.21464,5.35184],[39.21481,5.3673],[39.22374,5.36691],[39.22971,5.37408],[39.22592,5.37778],[39.22392,5.38242],[39.22703,5.39735],[39.23166,5.39932],[39.23374,5.40429],[39.23695,5.42732],[39.23375,5.43177],[39.23593,5.44933],[39.23856,5.44957],[39.23863,5.45355],[39.24159,5.45728],[39.2443,5.46814],[39.2496,5.47106],[39.25355,5.47991],[39.25869,5.48685],[39.26031,5.49092],[39.25993,5.49331],[39.26188,5.49597],[39.24665,5.50569],[39.24283,5.50971],[39.24186,5.51248],[39.24064,5.51196],[39.23679,5.51716],[39.23622,5.52037],[39.23842,5.52496],[39.23833,5.52841],[39.23443,5.532],[39.23046,5.53194],[39.23004,5.53599],[39.22516,5.54353],[39.22047,5.54756],[39.21839,5.55197],[39.22288,5.5557],[39.22836,5.56407],[39.22332,5.5792],[39.21979,5.59801],[39.21944,5.60668],[39.22272,5.62568],[39.22386,5.62879],[39.22723,5.63157],[39.22652,5.63482],[39.22269,5.63814],[39.22761,5.64272],[39.22177,5.64875],[39.22249,5.66134],[39.23133,5.66631],[39.23253,5.6626],[39.2428,5.66516],[39.24394,5.66618],[39.24401,5.66926],[39.25027,5.6765],[39.2575,5.67511],[39.26826,5.68032],[39.27271,5.67947],[39.27723,5.68092],[39.28175,5.6811],[39.2869,5.67787],[39.28932,5.67909],[39.29373,5.67832],[39.29907,5.68058],[39.30485,5.67985],[39.30956,5.68998],[39.31314,5.68578],[39.31494,5.68664],[39.3158,5.69421],[39.3137,5.69854],[39.31633,5.69885],[39.31471,5.70015],[39.31622,5.70202],[39.32007,5.70304],[39.3226,5.70901],[39.32119,5.7158],[39.32343,5.72672],[39.32933,5.73015],[39.33828,5.7338],[39.34394,5.73356],[39.35208,5.73566],[39.35455,5.73717],[39.35678,5.74139],[39.36319,5.74075],[39.36639,5.74166],[39.37723,5.73797],[39.3809,5.73272],[39.38394,5.72514],[39.39213,5.72212],[39.39161,5.72498],[39.393,5.72747],[39.39888,5.72953],[39.40195,5.73285],[39.40167,5.74929],[39.41381,5.75285],[39.41628,5.752],[39.41832,5.74922],[39.42145,5.74844],[39.42585,5.75373],[39.43233,5.7531],[39.43842,5.7569],[39.44023,5.75895],[39.44197,5.76831],[39.44255,5.76932],[39.44542,5.7683],[39.44695,5.77621],[39.44891,5.7775],[39.45044,5.7818],[39.45328,5.78368],[39.4491,5.78755],[39.44782,5.79133],[39.44911,5.79526],[39.45751,5.80614],[39.4589,5.81035],[39.45639,5.81406],[39.45089,5.81593],[39.4476,5.81933],[39.44703,5.82154],[39.44988,5.83166],[39.44427,5.84207],[39.44351,5.84585],[39.44758,5.85279],[39.45033,5.86133],[39.45806,5.87346],[39.46141,5.87604],[39.46675,5.88405],[39.46623,5.88937],[39.46527,5.89119],[39.46186,5.89294],[39.45225,5.8939],[39.44656,5.89726],[39.43235,5.91098],[39.42927,5.91757],[39.42421,5.92298],[39.41991,5.92619],[39.41496,5.92703],[39.40946,5.93072],[39.4065,5.93412],[39.40056,5.94765],[39.38379,5.96815],[39.38289,5.9747],[39.38409,5.97719],[39.38421,5.98057],[39.38309,5.98121],[39.38475,5.98283],[39.38429,5.9859],[39.38209,5.98837],[39.37621,5.98811],[39.37683,5.99074],[39.38195,5.99505],[39.38029,5.99713],[39.38353,6.00358],[39.383,6.00552],[39.3796,6.00772],[39.37098,6.00706],[39.36985,6.00807],[39.37025,6.01428],[39.3748,6.02023],[39.37386,6.02196],[39.3739,6.03216],[39.36483,6.04032],[39.35689,6.05041],[39.34818,6.05486],[39.34317,6.05513],[39.34007,6.05824],[39.34049,6.06874],[39.33748,6.07549],[39.3383,6.0797],[39.34357,6.08199],[39.34416,6.0914],[39.34928,6.09283],[39.35387,6.09206],[39.35784,6.09527],[39.35203,6.10742],[39.34523,6.11127],[39.34335,6.11392],[39.33566,6.11757],[39.32969,6.12541],[39.32928,6.12939],[39.33109,6.1365],[39.33028,6.14187],[39.33215,6.14736],[39.33509,6.14936],[39.33657,6.15436],[39.33524,6.1559],[39.33091,6.1563],[39.32864,6.15995],[39.32418,6.1605],[39.32212,6.16517],[39.3173,6.16733],[39.3172,6.17615],[39.31335,6.18039],[39.31258,6.18351],[39.31372,6.18973],[39.31718,6.19296],[39.31651,6.1962],[39.3183,6.19898],[39.31813,6.20166],[39.3097,6.21391],[39.3102,6.21815],[39.30636,6.22467],[39.29898,6.23346],[39.2953,6.23319],[39.29226,6.23868],[39.28976,6.23946],[39.29034,6.24826],[39.28578,6.25608],[39.2782,6.2627],[39.27687,6.26504],[39.27768,6.26859],[39.27539,6.27246],[39.26673,6.2751],[39.25837,6.28095],[39.25316,6.28209],[39.24831,6.28098],[39.24229,6.28232],[39.23788,6.27959],[39.22126,6.2784],[39.21361,6.28477],[39.20799,6.29375],[39.20847,6.29557],[39.20632,6.29859],[39.20331,6.30023],[39.19576,6.29838],[39.17981,6.28509],[39.17512,6.28492],[39.16623,6.2914],[39.15856,6.30764],[39.15408,6.31005],[39.14931,6.3156],[39.13783,6.32458],[39.13856,6.32675],[39.13536,6.33548],[39.13629,6.33957],[39.13466,6.34301],[39.13594,6.34763],[39.13748,6.3484],[39.136,6.34987],[39.13653,6.3516],[39.13854,6.35149],[39.13976,6.35467],[39.13915,6.35567],[39.13501,6.35475],[39.13519,6.35935],[39.12527,6.35696],[39.12739,6.34435],[39.12575,6.32189],[39.11955,6.29899],[39.10945,6.28733],[39.09085,6.2708],[39.08597,6.25201],[39.09971,6.21853],[39.1036,6.20225],[39.11321,6.17656],[39.13042,6.166],[39.13186,6.15879],[39.1029,6.15734],[39.07972,6.153],[39.05562,6.14591],[39.03449,6.13744],[38.98813,6.1471],[38.9606,6.15927],[38.95005,6.18037],[38.93651,6.20033],[38.92092,6.22856],[38.89774,6.25861],[38.88558,6.28477],[38.87411,6.30083],[38.85254,6.32034],[38.83203,6.34322],[38.81213,6.35592],[38.79552,6.37252],[38.78343,6.38805],[38.77149,6.39976],[38.75796,6.40907],[38.73865,6.40895],[38.70716,6.39245],[38.69062,6.40622],[38.67201,6.40898],[38.66145,6.41908],[38.64502,6.42318],[38.62674,6.41703],[38.60632,6.42284],[38.58331,6.43702],[38.56655,6.44046],[38.53758,6.4368],[38.5038,6.43635],[38.47529,6.43038],[38.45329,6.41677],[38.44104,6.40536],[38.42765,6.38595],[38.42375,6.36555],[38.42177,6.34823],[38.42493,6.30661],[38.42746,6.30019],[38.42539,6.29009],[38.43298,6.26553],[38.43897,6.21688],[38.43468,6.19877],[38.39422,6.18177],[38.37697,6.16452],[38.36528,6.1428],[38.36251,6.12019],[38.35151,6.09623],[38.34217,6.08242],[38.35321,6.07907],[38.35589,6.07606],[38.35895,6.07477],[38.36294,6.07429],[38.36522,6.07666],[38.36497,6.07839],[38.36723,6.07978],[38.37433,6.07767],[38.3758,6.08279],[38.37446,6.08592],[38.37737,6.08735],[38.38686,6.07842],[38.38835,6.08052],[38.3887,6.09404],[38.39229,6.09744],[38.39518,6.09837],[38.39673,6.09532],[38.3978,6.08709],[38.4005,6.08512],[38.3991,6.08419],[38.39896,6.07884],[38.40194,6.07364],[38.40489,6.07188],[38.4153,6.07555],[38.41702,6.07524],[38.42042,6.07143],[38.4221,6.07483],[38.42364,6.07483],[38.43215,6.07061],[38.44154,6.06272],[38.44145,6.06101],[38.44572,6.05957],[38.44504,6.05721],[38.44626,6.05042],[38.44368,6.04812],[38.4439,6.04576],[38.45252,6.03724],[38.45402,6.03377],[38.45574,6.03223],[38.45707,6.03325],[38.46179,6.02527],[38.46333,6.02785],[38.47787,6.02768],[38.48045,6.02342],[38.48165,6.02447],[38.48447,6.02189],[38.48734,6.0218],[38.48997,6.01917],[38.49098,6.01567],[38.50012,6.01008],[38.50562,6.00291],[38.50538,5.99999],[38.51189,5.99626],[38.51394,5.99856],[38.51758,5.99914],[38.5183,5.99804],[38.51858,6.00072],[38.52241,5.99952],[38.52356,5.9968],[38.52829,5.99493],[38.52834,5.99134],[38.53069,5.99106],[38.5383,5.98235],[38.5415,5.98102],[38.54213,5.97709],[38.54418,5.97599],[38.54485,5.97317],[38.54787,5.97375],[38.54921,5.97265],[38.55237,5.96356],[38.5571,5.9616],[38.56088,5.95705],[38.56744,5.95443],[38.56921,5.9516],[38.5715,5.95093],[38.57117,5.94821],[38.57404,5.94869],[38.57562,5.94448],[38.57859,5.94223],[38.58327,5.94458],[38.58571,5.94013],[38.58772,5.93898],[38.58963,5.94176],[38.59111,5.94071],[38.59278,5.94286],[38.60373,5.94316],[38.60526,5.94],[38.60379,5.9365],[38.60709,5.93301],[38.6059,5.92741],[38.60924,5.92545],[38.60967,5.92368],[38.61297,5.92268],[38.61245,5.92038],[38.61843,5.9177],[38.61905,5.91598],[38.61728,5.91402],[38.61724,5.90827],[38.61939,5.90803],[38.62484,5.91053],[38.62948,5.90871],[38.63072,5.90685],[38.62943,5.90512],[38.63072,5.9035],[38.62939,5.90105],[38.64206,5.89273],[38.64221,5.89044],[38.64579,5.88584],[38.64751,5.88876],[38.65115,5.88594],[38.6534,5.87694],[38.6566,5.87604],[38.6577,5.87857],[38.66014,5.87886],[38.6642,5.88274],[38.67223,5.88433],[38.67233,5.88008],[38.67609,5.87803],[38.67662,5.87353],[38.67456,5.87147],[38.67547,5.86951],[38.67963,5.86764],[38.68178,5.86807],[38.68721,5.86276],[38.68698,5.85573],[38.68997,5.84592],[38.69119,5.83611],[38.69425,5.83414],[38.69832,5.83764],[38.70047,5.83745],[38.70295,5.83334],[38.70386,5.8296],[38.7015,5.82548],[38.70167,5.81221],[38.70028,5.8113],[38.69746,5.81264],[38.69689,5.81541],[38.69144,5.81177],[38.68977,5.81471],[38.68756,5.80384],[38.6835,5.80219],[38.67594,5.80197],[38.66708,5.79392],[38.65991,5.79368],[38.65403,5.79136],[38.64064,5.78997],[38.63505,5.79413],[38.6351,5.79738],[38.63237,5.80164],[38.63213,5.80647],[38.6294,5.807],[38.62194,5.81259],[38.62203,5.82489],[38.61371,5.82924],[38.61146,5.83168],[38.59688,5.83718],[38.59109,5.84139],[38.58687,5.84161],[38.58531,5.84057],[38.58192,5.83549],[38.57566,5.83027],[38.57246,5.81907],[38.5745,5.81516],[38.57988,5.81282],[38.57902,5.81214],[38.57974,5.81049],[38.58232,5.80905],[38.5839,5.80959],[38.58483,5.80629],[38.5872,5.80615],[38.58821,5.80445],[38.58739,5.80148],[38.59387,5.79301],[38.59438,5.79014],[38.5933,5.7895],[38.60082,5.77966],[38.60302,5.7799],[38.60488,5.78278],[38.60468,5.78704],[38.60583,5.78742],[38.60775,5.78364],[38.61052,5.78269],[38.61066,5.77806],[38.61224,5.77626],[38.61669,5.77497],[38.61826,5.77289],[38.61683,5.7721],[38.61898,5.76851],[38.61554,5.76729],[38.6156,5.76398],[38.61935,5.76054],[38.62066,5.75709],[38.62179,5.75753],[38.62115,5.75265],[38.62366,5.74708],[38.62074,5.74355],[38.62567,5.73711],[38.62511,5.71926],[38.62418,5.71876],[38.62426,5.71201],[38.6229,5.70899],[38.62526,5.70361],[38.62513,5.69686],[38.6279,5.69247],[38.62948,5.69156],[38.63015,5.69271],[38.63749,5.68378],[38.63768,5.68147],[38.63549,5.68089],[38.63948,5.67529],[38.63771,5.673],[38.63896,5.6708],[38.64208,5.67033],[38.64385,5.67354],[38.64528,5.67378],[38.64855,5.6714],[38.65342,5.67242],[38.65502,5.66778],[38.65693,5.66879],[38.65781,5.66746],[38.66013,5.6698],[38.66399,5.66987],[38.66578,5.66493],[38.6725,5.65886],[38.67161,5.65261],[38.67351,5.65143],[38.67304,5.64738],[38.67999,5.63346],[38.68879,5.63174],[38.69,5.62845],[38.69281,5.62841],[38.69913,5.62436],[38.70583,5.62994],[38.71339,5.61975],[38.72023,5.61452],[38.7228,5.61519],[38.72423,5.61309],[38.7295,5.61081],[38.73387,5.61305],[38.74115,5.60886]]]}},{"type":"Feature","id":"west_guji","properties":{"zone_id":"west_guji","prototype_id":"w-guji","pcode":"ET0415","name_en":"West Guji","name_om":"Gujii Lixaa","name_am":"ምዕራብ ጉጂ","name_om_verification":"pending_bureau_signoff","name_am_verification":"pending_bureau_signoff","source_dataset_id":"cod-ab-eth-v04","source_organization":"UN-OCHA FIS / Ethiopia CSA + BoFED","admin_level":"zone","area_sqkm":9607.38832722,"valid_on":"2025-01-01"},"geometry":{"type":"Polygon","coordinates":[[[38.84442,5.17087],[38.84316,5.17309],[38.84583,5.17428],[38.8465,5.17719],[38.85088,5.17882],[38.85058,5.18254],[38.85347,5.18701],[38.85228,5.18946],[38.85295,5.19154],[38.84961,5.194],[38.84872,5.19742],[38.84115,5.19809],[38.83766,5.20359],[38.83833,5.20612],[38.83529,5.20768],[38.83402,5.21207],[38.84055,5.21512],[38.84033,5.21661],[38.8364,5.21943],[38.83677,5.22114],[38.84648,5.21971],[38.84849,5.22191],[38.84973,5.23027],[38.85305,5.23277],[38.85467,5.23095],[38.85781,5.2322],[38.85841,5.23417],[38.85633,5.23726],[38.85953,5.24149],[38.85888,5.24292],[38.85448,5.24482],[38.85638,5.24994],[38.85508,5.25256],[38.85015,5.25493],[38.84314,5.26213],[38.83857,5.26082],[38.83964,5.26445],[38.8372,5.27362],[38.83874,5.27576],[38.8385,5.2832],[38.84052,5.29022],[38.83886,5.29212],[38.83868,5.29611],[38.83518,5.30075],[38.82579,5.30259],[38.82199,5.30581],[38.81748,5.30326],[38.81535,5.29593],[38.81291,5.29789],[38.81071,5.3039],[38.81107,5.30991],[38.81267,5.31241],[38.81124,5.31443],[38.8081,5.31449],[38.80863,5.31723],[38.80483,5.31651],[38.80329,5.31377],[38.79794,5.31425],[38.79729,5.30996],[38.7914,5.31118],[38.78984,5.31646],[38.79355,5.32145],[38.79637,5.32212],[38.79823,5.32435],[38.79702,5.32584],[38.792,5.32673],[38.7849,5.32661],[38.78751,5.32958],[38.78573,5.33244],[38.78704,5.33732],[38.78454,5.34178],[38.77878,5.34214],[38.77872,5.3466],[38.7802,5.34892],[38.77836,5.34981],[38.77373,5.34922],[38.7707,5.35195],[38.76595,5.35124],[38.76963,5.36296],[38.7666,5.36677],[38.76785,5.36903],[38.76583,5.37081],[38.76594,5.37302],[38.76024,5.37539],[38.76066,5.38033],[38.74914,5.37938],[38.74551,5.38241],[38.73969,5.3839],[38.73923,5.3871],[38.73585,5.38781],[38.73756,5.39048],[38.73347,5.39891],[38.73708,5.40062],[38.73456,5.40395],[38.72915,5.40385],[38.73086,5.40633],[38.72957,5.40976],[38.73047,5.41238],[38.72534,5.41486],[38.72686,5.41751],[38.72431,5.42151],[38.72511,5.42372],[38.72263,5.43141],[38.72062,5.43343],[38.72008,5.44409],[38.71712,5.44539],[38.7162,5.44718],[38.71711,5.45483],[38.71532,5.46218],[38.71517,5.46698],[38.7165,5.46949],[38.71584,5.47403],[38.72197,5.47794],[38.73009,5.48013],[38.7318,5.48194],[38.73532,5.47871],[38.7385,5.47885],[38.74225,5.48514],[38.74325,5.49038],[38.74667,5.49295],[38.74961,5.49961],[38.74719,5.5019],[38.74728,5.50661],[38.75079,5.51742],[38.7505,5.52818],[38.75231,5.53156],[38.75074,5.53498],[38.75278,5.5366],[38.7516,5.54048],[38.7535,5.54343],[38.7534,5.54923],[38.75576,5.5507],[38.75538,5.55579],[38.75685,5.55912],[38.75613,5.56488],[38.75376,5.56769],[38.75437,5.57274],[38.74834,5.57621],[38.74544,5.57959],[38.7471,5.58449],[38.74833,5.58421],[38.74962,5.58597],[38.74819,5.58764],[38.74909,5.59149],[38.74738,5.59263],[38.74933,5.59387],[38.74937,5.59544],[38.74529,5.59758],[38.74429,5.60015],[38.74048,5.60148],[38.74153,5.60772],[38.74043,5.60996],[38.73387,5.61305],[38.73055,5.61091],[38.72708,5.61129],[38.7228,5.61519],[38.72023,5.61452],[38.71339,5.61975],[38.70583,5.62994],[38.69913,5.62436],[38.69281,5.62841],[38.69,5.62845],[38.68879,5.63174],[38.67999,5.63346],[38.67304,5.64738],[38.67351,5.65143],[38.67161,5.65261],[38.6725,5.65886],[38.66578,5.66493],[38.66399,5.66987],[38.66013,5.6698],[38.65781,5.66746],[38.65693,5.66879],[38.65502,5.66778],[38.65342,5.67242],[38.64855,5.6714],[38.64528,5.67378],[38.64385,5.67354],[38.64208,5.67033],[38.63896,5.6708],[38.63771,5.673],[38.63948,5.67529],[38.63549,5.68089],[38.63768,5.68147],[38.63749,5.68378],[38.63015,5.69271],[38.62948,5.69156],[38.6279,5.69247],[38.62513,5.69686],[38.62526,5.70361],[38.6229,5.70899],[38.62426,5.71201],[38.62418,5.71876],[38.62511,5.71926],[38.62567,5.73711],[38.62074,5.74355],[38.62366,5.74708],[38.62115,5.75265],[38.62179,5.75753],[38.62066,5.75709],[38.61935,5.76054],[38.6156,5.76398],[38.61554,5.76729],[38.61898,5.76851],[38.61683,5.7721],[38.61826,5.77289],[38.61669,5.77497],[38.61224,5.77626],[38.61066,5.77806],[38.61052,5.78269],[38.60775,5.78364],[38.60583,5.78742],[38.60468,5.78704],[38.60488,5.78278],[38.60302,5.7799],[38.60082,5.77966],[38.5933,5.7895],[38.59438,5.79014],[38.59387,5.79301],[38.58739,5.80148],[38.58821,5.80445],[38.5872,5.80615],[38.58483,5.80629],[38.5839,5.80959],[38.58232,5.80905],[38.57974,5.81049],[38.57902,5.81214],[38.57988,5.81282],[38.5745,5.81516],[38.57246,5.81907],[38.57566,5.83027],[38.58192,5.83549],[38.58531,5.84057],[38.58687,5.84161],[38.59109,5.84139],[38.59688,5.83718],[38.61146,5.83168],[38.61371,5.82924],[38.62203,5.82489],[38.62194,5.81259],[38.6294,5.807],[38.63213,5.80647],[38.63237,5.80164],[38.6351,5.79738],[38.63505,5.79413],[38.63935,5.79054],[38.65403,5.79136],[38.65991,5.79368],[38.66708,5.79392],[38.67594,5.80197],[38.6835,5.80219],[38.68756,5.80384],[38.68977,5.81471],[38.69144,5.81177],[38.69689,5.81541],[38.69746,5.81264],[38.70028,5.8113],[38.70167,5.81221],[38.7015,5.82548],[38.70386,5.8296],[38.70295,5.83334],[38.70047,5.83745],[38.69832,5.83764],[38.69425,5.83414],[38.69119,5.83611],[38.68997,5.84592],[38.68698,5.85573],[38.68721,5.86276],[38.68178,5.86807],[38.67963,5.86764],[38.67547,5.86951],[38.67456,5.87147],[38.67662,5.87353],[38.67609,5.87803],[38.67233,5.88008],[38.673,5.88285],[38.67175,5.88466],[38.6642,5.88274],[38.66014,5.87886],[38.6577,5.87857],[38.6566,5.87604],[38.6534,5.87694],[38.65115,5.88594],[38.64751,5.88876],[38.64579,5.88584],[38.64221,5.89044],[38.64206,5.89273],[38.62939,5.90105],[38.63072,5.9035],[38.62943,5.90512],[38.63072,5.90685],[38.62948,5.90871],[38.62484,5.91053],[38.61939,5.90803],[38.61724,5.90827],[38.61728,5.91402],[38.61905,5.91598],[38.61843,5.9177],[38.61245,5.92038],[38.61297,5.92268],[38.60967,5.92368],[38.60924,5.92545],[38.6059,5.92741],[38.60709,5.93301],[38.60379,5.9365],[38.60526,5.94],[38.60373,5.94316],[38.59278,5.94286],[38.59111,5.94071],[38.58963,5.94176],[38.58772,5.93898],[38.58571,5.94013],[38.58327,5.94458],[38.57859,5.94223],[38.57562,5.94448],[38.57404,5.94869],[38.57117,5.94821],[38.5715,5.95093],[38.56921,5.9516],[38.56744,5.95443],[38.56088,5.95705],[38.5571,5.9616],[38.55237,5.96356],[38.54921,5.97265],[38.54787,5.97375],[38.54485,5.97317],[38.54418,5.97599],[38.54213,5.97709],[38.5415,5.98102],[38.5383,5.98235],[38.53069,5.99106],[38.52834,5.99134],[38.52829,5.99493],[38.52356,5.9968],[38.52241,5.99952],[38.51858,6.00072],[38.5183,5.99804],[38.51758,5.99914],[38.51394,5.99856],[38.51189,5.99626],[38.50538,5.99999],[38.50562,6.00291],[38.50012,6.01008],[38.49098,6.01567],[38.48997,6.01917],[38.48734,6.0218],[38.48447,6.02189],[38.48165,6.02447],[38.48045,6.02342],[38.47787,6.02768],[38.46333,6.02785],[38.46179,6.02527],[38.45707,6.03325],[38.45574,6.03223],[38.45402,6.03377],[38.45252,6.03724],[38.4439,6.04576],[38.44368,6.04812],[38.44626,6.05042],[38.44504,6.05721],[38.44572,6.05957],[38.44145,6.06101],[38.44154,6.06272],[38.42601,6.07441],[38.4221,6.07483],[38.42042,6.07143],[38.41702,6.07524],[38.4153,6.07555],[38.40718,6.07239],[38.40349,6.07245],[38.39914,6.07798],[38.3991,6.08419],[38.4005,6.08512],[38.39845,6.08566],[38.39673,6.09532],[38.39518,6.09837],[38.39407,6.09837],[38.3887,6.09404],[38.38835,6.08052],[38.38686,6.07842],[38.37737,6.08735],[38.37446,6.08592],[38.3758,6.08279],[38.37433,6.07767],[38.36723,6.07978],[38.36497,6.07839],[38.36522,6.07666],[38.36294,6.07429],[38.35895,6.07477],[38.35589,6.07606],[38.35321,6.07907],[38.34217,6.08242],[38.31987,6.04742],[38.31388,6.02783],[38.27924,6.00629],[38.27171,5.98658],[38.28226,5.9707],[38.29313,5.97334],[38.30454,5.97998],[38.31895,5.97506],[38.32753,5.95537],[38.33825,5.95558],[38.37481,5.94304],[38.38843,5.933],[38.39609,5.92005],[38.38088,5.904],[38.35814,5.90214],[38.32533,5.86881],[38.30375,5.86144],[38.27043,5.86852],[38.2545,5.85851],[38.23923,5.84437],[38.22338,5.83861],[38.20799,5.84019],[38.19839,5.84945],[38.1997,5.8648],[38.20888,5.87906],[38.21481,5.89325],[38.21179,5.91667],[38.20373,5.93502],[38.18097,5.94165],[38.17015,5.95702],[38.15932,5.98502],[38.15034,6.00041],[38.13883,6.01027],[38.12159,6.01668],[38.11649,6.0502],[38.10498,6.06603],[38.10014,6.07727],[38.09859,6.08708],[38.07986,6.11699],[38.08673,6.16104],[38.1023,6.18045],[38.117,6.16706],[38.12506,6.15513],[38.14138,6.15446],[38.15839,6.15953],[38.17103,6.16689],[38.1874,6.18221],[38.19792,6.20643],[38.19331,6.22618],[38.17905,6.23834],[38.17191,6.25533],[38.17374,6.26681],[38.18177,6.28427],[38.18842,6.30425],[38.19758,6.319],[38.21389,6.33017],[38.23136,6.3311],[38.2486,6.33628],[38.27251,6.34789],[38.28823,6.35984],[38.29323,6.37204],[38.29315,6.39795],[38.29051,6.40193],[38.28293,6.4083],[38.28494,6.41037],[38.28286,6.41447],[38.28101,6.41549],[38.28244,6.4176],[38.28217,6.42437],[38.28365,6.42667],[38.28226,6.43117],[38.2824,6.43777],[38.26008,6.45216],[38.24559,6.46823],[38.22145,6.4611],[38.2155,6.46347],[38.17062,6.44983],[38.15522,6.43926],[38.14349,6.45819],[38.14968,6.49659],[38.13928,6.506],[38.11451,6.49956],[38.10113,6.51269],[38.09073,6.52607],[38.07339,6.52904],[38.0516,6.53474],[38.03351,6.56149],[38.01885,6.57327],[38.00744,6.56912],[38.00098,6.56847],[37.98959,6.55819],[37.98093,6.55635],[37.97722,6.55085],[37.97366,6.54972],[37.97238,6.55093],[37.96877,6.54895],[37.95266,6.54962],[37.9327,6.55721],[37.91846,6.57438],[37.91261,6.59067],[37.89278,6.59607],[37.87148,6.58223],[37.84248,6.54169],[37.81459,6.51057],[37.80777,6.50066],[37.79993,6.47818],[37.79629,6.44946],[37.79746,6.42924],[37.80784,6.41018],[37.8196,6.39343],[37.84009,6.37875],[37.84821,6.33166],[37.85029,6.32684],[37.85216,6.30478],[37.84805,6.27882],[37.84027,6.24825],[37.82557,6.22073],[37.8098,6.19609],[37.79053,6.17246],[37.7781,6.1496],[37.7747,6.12386],[37.77574,6.11358],[37.77773,6.09812],[37.78514,6.07263],[37.78978,6.04944],[37.78318,6.0106],[37.79149,5.99591],[37.80374,5.99318],[37.81333,5.99779],[37.8271,6.00999],[37.84297,6.01094],[37.85655,5.99901],[37.86554,5.98663],[37.88049,5.98504],[37.89499,5.9745],[37.90398,5.96051],[37.92282,5.96008],[37.95269,5.96335],[37.96857,5.95602],[37.97758,5.92778],[37.97899,5.90758],[37.98247,5.88782],[38.00713,5.84927],[38.01227,5.80427],[38.01987,5.79004],[38.03921,5.77239],[38.05415,5.76415],[38.07208,5.76256],[38.08888,5.74561],[38.08708,5.72126],[38.07516,5.68894],[38.04081,5.67365],[38.02407,5.66007],[38.00801,5.65015],[37.97747,5.6494],[37.94352,5.63946],[37.93017,5.61667],[37.94113,5.58511],[37.94153,5.56845],[37.94781,5.53769],[37.94925,5.5076],[37.94681,5.47429],[37.94021,5.44992],[37.93522,5.42303],[37.91927,5.39598],[37.90121,5.37325],[37.89637,5.34988],[37.90477,5.30396],[37.90438,5.27938],[37.90206,5.2543],[37.90082,5.24485],[37.88676,5.23543],[37.89369,5.23941],[37.90009,5.24068],[37.90984,5.24477],[37.91266,5.26085],[37.91457,5.2632],[37.91857,5.26506],[37.92085,5.26375],[37.92564,5.26429],[37.93022,5.26022],[37.93459,5.25963],[37.93883,5.2633],[37.94224,5.26336],[37.94338,5.2654],[37.95003,5.26164],[37.95364,5.26255],[37.95689,5.26021],[37.96372,5.2605],[37.96336,5.25291],[37.96186,5.25187],[37.96243,5.25019],[37.96047,5.24503],[37.96132,5.24363],[37.96852,5.24204],[37.96955,5.2413],[37.96777,5.23989],[37.96796,5.23811],[37.97311,5.23774],[37.97928,5.23503],[37.98659,5.22839],[37.99192,5.22877],[37.99351,5.22746],[37.99612,5.23009],[37.9964,5.23309],[37.99855,5.2331],[38.00145,5.23113],[38.00379,5.22701],[38.00741,5.21718],[38.01368,5.21409],[38.02087,5.21767],[38.02134,5.22029],[38.02768,5.22883],[38.02852,5.23258],[38.03431,5.2355],[38.03533,5.23793],[38.03889,5.23719],[38.04229,5.23438],[38.04509,5.23588],[38.04621,5.23466],[38.04958,5.23701],[38.05921,5.23571],[38.06369,5.239],[38.06612,5.2436],[38.07602,5.24802],[38.07958,5.24812],[38.08369,5.24606],[38.09543,5.24355],[38.10038,5.24496],[38.10685,5.26003],[38.10171,5.2967],[38.10581,5.30739],[38.12156,5.3245],[38.12356,5.31507],[38.12307,5.30457],[38.12441,5.29764],[38.12699,5.29371],[38.13693,5.28936],[38.13874,5.29005],[38.14493,5.3026],[38.1491,5.30547],[38.15186,5.31106],[38.15947,5.31634],[38.16794,5.31904],[38.17211,5.32349],[38.17728,5.31923],[38.1815,5.3191],[38.18417,5.32087],[38.18816,5.31983],[38.18894,5.31752],[38.1932,5.31398],[38.19842,5.31144],[38.20921,5.31091],[38.21243,5.31141],[38.21488,5.31433],[38.2177,5.31402],[38.2238,5.30913],[38.22558,5.30345],[38.22856,5.30104],[38.22807,5.29501],[38.23069,5.2921],[38.24526,5.29225],[38.24905,5.28922],[38.25273,5.28895],[38.2593,5.28952],[38.26367,5.29134],[38.26775,5.29033],[38.272,5.28704],[38.28425,5.28563],[38.28606,5.28751],[38.28787,5.28751],[38.29194,5.28431],[38.29516,5.28427],[38.29734,5.27977],[38.30256,5.27905],[38.30559,5.2826],[38.30881,5.28274],[38.30867,5.28878],[38.31157,5.29056],[38.3157,5.28543],[38.32077,5.28408],[38.32261,5.28174],[38.32127,5.27797],[38.32389,5.27542],[38.32545,5.27421],[38.32659,5.27485],[38.32957,5.27088],[38.33864,5.2684],[38.33928,5.26556],[38.33673,5.26265],[38.33758,5.25981],[38.34481,5.25755],[38.34842,5.25933],[38.35424,5.25422],[38.36728,5.24706],[38.3733,5.24913],[38.37403,5.24717],[38.38115,5.24194],[38.38522,5.24065],[38.38919,5.24151],[38.39053,5.24016],[38.39316,5.24059],[38.39571,5.23931],[38.40053,5.23214],[38.40011,5.22589],[38.39828,5.21943],[38.39421,5.21847],[38.39217,5.2149],[38.40127,5.2056],[38.40715,5.20226],[38.41282,5.19658],[38.41744,5.19527],[38.42238,5.19106],[38.42603,5.19121],[38.42904,5.18212],[38.43766,5.17747],[38.44015,5.17475],[38.43993,5.16793],[38.44311,5.15958],[38.44918,5.14982],[38.44435,5.14859],[38.44322,5.14676],[38.44379,5.1445],[38.44876,5.1382],[38.45832,5.1299],[38.4594,5.12739],[38.46326,5.12717],[38.46796,5.12416],[38.47164,5.12581],[38.47544,5.12507],[38.47816,5.12684],[38.48127,5.1257],[38.48768,5.12815],[38.48994,5.12588],[38.49334,5.12611],[38.49193,5.12327],[38.49505,5.12151],[38.49929,5.12577],[38.50547,5.12351],[38.50847,5.12624],[38.51029,5.12414],[38.51193,5.12408],[38.51187,5.1301],[38.51323,5.12953],[38.51476,5.12414],[38.51777,5.12386],[38.51964,5.12511],[38.5227,5.1229],[38.53017,5.12858],[38.52756,5.13114],[38.52864,5.13307],[38.52756,5.13432],[38.53,5.1354],[38.52835,5.13818],[38.53028,5.14085],[38.52988,5.14409],[38.53396,5.14364],[38.53368,5.14023],[38.53668,5.13955],[38.53923,5.14126],[38.53945,5.14501],[38.54359,5.14853],[38.54589,5.14689],[38.55235,5.14905],[38.55458,5.14533],[38.55896,5.14311],[38.56103,5.14512],[38.56103,5.14965],[38.56333,5.15077],[38.56659,5.14988],[38.56719,5.1472],[38.56986,5.14527],[38.5735,5.14527],[38.57661,5.14706],[38.58106,5.14505],[38.58188,5.1426],[38.58441,5.14164],[38.58708,5.14238],[38.58663,5.14625],[38.58878,5.14766],[38.5916,5.14395],[38.59516,5.14573],[38.59909,5.14484],[38.60106,5.14115],[38.60577,5.14247],[38.60815,5.13696],[38.61032,5.13679],[38.61112,5.13297],[38.6178,5.13407],[38.61414,5.12982],[38.61308,5.1244],[38.61879,5.12009],[38.62144,5.12024],[38.62634,5.11786],[38.62857,5.11496],[38.62909,5.11109],[38.63139,5.11013],[38.63196,5.10771],[38.63516,5.11034],[38.64151,5.11001],[38.64289,5.10747],[38.64715,5.10829],[38.64791,5.11136],[38.65135,5.1127],[38.65125,5.11538],[38.65879,5.11768],[38.66237,5.12027],[38.6702,5.11965],[38.67796,5.11618],[38.681,5.10893],[38.68372,5.10956],[38.68592,5.10785],[38.69475,5.10535],[38.70039,5.09343],[38.70528,5.09191],[38.70822,5.08915],[38.71001,5.07762],[38.71179,5.07479],[38.71439,5.0736],[38.71357,5.06973],[38.71624,5.06721],[38.7155,5.06438],[38.71279,5.06319],[38.71334,5.05854],[38.71902,5.0629],[38.72217,5.05946],[38.72461,5.062],[38.72809,5.06128],[38.73048,5.05678],[38.73497,5.06013],[38.7394,5.06597],[38.73549,5.0675],[38.73706,5.07258],[38.73931,5.07363],[38.74494,5.07005],[38.75034,5.06981],[38.75208,5.06642],[38.75205,5.06943],[38.75415,5.07306],[38.75678,5.07397],[38.76165,5.07297],[38.76637,5.07632],[38.77196,5.06953],[38.77325,5.07412],[38.77692,5.07752],[38.78027,5.07863],[38.77678,5.07939],[38.77587,5.08087],[38.78026,5.08471],[38.77802,5.0892],[38.78069,5.09031],[38.78451,5.09911],[38.79014,5.09768],[38.78895,5.09926],[38.79277,5.10467],[38.79625,5.10252],[38.80041,5.10266],[38.80327,5.10099],[38.80423,5.09769],[38.81268,5.0917],[38.8153,5.09649],[38.80938,5.10913],[38.811,5.11363],[38.80465,5.11348],[38.80403,5.1152],[38.80584,5.1187],[38.81234,5.11932],[38.81023,5.12349],[38.81071,5.12574],[38.81372,5.12516],[38.81372,5.12856],[38.81801,5.13617],[38.81773,5.13976],[38.82054,5.14556],[38.82331,5.14723],[38.82288,5.15092],[38.82952,5.15193],[38.83224,5.15499],[38.83233,5.15844],[38.83801,5.16121],[38.83935,5.1638],[38.84279,5.16595],[38.84489,5.16557],[38.8478,5.16208],[38.84932,5.16432],[38.84894,5.16648],[38.84442,5.17087]]]}},{"type":"Feature","id":"buno_bedele","properties":{"zone_id":"buno_bedele","prototype_id":"buno-bedele","pcode":"ET0416","name_en":"Buno Bedele","name_om":"Buunnoo Beddellee","name_am":"ቡኖ በደሌ","name_om_verification":"pending_bureau_signoff","name_am_verification":"pending_bureau_signoff","source_dataset_id":"cod-ab-eth-v04","source_organization":"UN-OCHA FIS / Ethiopia CSA + BoFED","admin_level":"zone","area_sqkm":6066.61445659,"valid_on":"2025-01-01"},"geometry":{"type":"Polygon","coordinates":[[[36.8124,8.17911],[36.8088,8.1788],[36.80699,8.18489],[36.80392,8.18796],[36.80565,8.19787],[36.80271,8.20746],[36.8005,8.20816],[36.79688,8.21572],[36.79912,8.21884],[36.79991,8.22373],[36.79693,8.224],[36.79552,8.22622],[36.79152,8.22629],[36.78961,8.22984],[36.79386,8.23573],[36.79666,8.24552],[36.79391,8.25005],[36.79497,8.25433],[36.79345,8.25896],[36.79217,8.25962],[36.78852,8.25626],[36.78478,8.25519],[36.78025,8.25779],[36.77201,8.25948],[36.76041,8.25527],[36.75949,8.25722],[36.76173,8.2617],[36.75927,8.26187],[36.75872,8.26574],[36.75137,8.26599],[36.74612,8.26783],[36.7437,8.27022],[36.74651,8.27206],[36.74657,8.28172],[36.75082,8.28617],[36.75177,8.29003],[36.74972,8.29682],[36.74331,8.30122],[36.74114,8.30476],[36.74313,8.31015],[36.74105,8.31714],[36.74548,8.32543],[36.74126,8.33327],[36.74309,8.33959],[36.73723,8.34448],[36.73866,8.35534],[36.73444,8.36062],[36.7368,8.36677],[36.73619,8.37926],[36.73501,8.38364],[36.7306,8.38824],[36.7314,8.39026],[36.73813,8.39457],[36.73912,8.39683],[36.73434,8.39828],[36.73079,8.40149],[36.73097,8.41432],[36.72545,8.41696],[36.72159,8.41632],[36.72704,8.43217],[36.7258,8.43462],[36.72025,8.43789],[36.71888,8.44028],[36.72116,8.44695],[36.72054,8.44965],[36.7237,8.45358],[36.72241,8.46338],[36.70895,8.46988],[36.70097,8.46931],[36.69987,8.47017],[36.69651,8.47528],[36.69809,8.48528],[36.69059,8.49322],[36.68412,8.49499],[36.67843,8.50979],[36.67649,8.50987],[36.67265,8.50673],[36.66943,8.50726],[36.6688,8.51151],[36.6707,8.51793],[36.66256,8.52548],[36.66064,8.53134],[36.65673,8.53088],[36.65238,8.52518],[36.64882,8.52393],[36.63375,8.53063],[36.62681,8.5291],[36.61555,8.52873],[36.61374,8.52974],[36.61241,8.53109],[36.61359,8.53383],[36.62505,8.5421],[36.6271,8.5465],[36.62018,8.54584],[36.61739,8.54687],[36.61552,8.54994],[36.61522,8.55342],[36.6108,8.55582],[36.60504,8.56576],[36.59871,8.57198],[36.58792,8.57755],[36.58836,8.57679],[36.57826,8.57308],[36.56663,8.57011],[36.55659,8.57504],[36.55286,8.57098],[36.55147,8.5662],[36.55282,8.56616],[36.55379,8.563],[36.54121,8.55897],[36.5365,8.55918],[36.5335,8.56265],[36.53639,8.56884],[36.52868,8.5758],[36.52701,8.58062],[36.52679,8.58972],[36.52452,8.59177],[36.51802,8.59378],[36.5116,8.58982],[36.5067,8.59036],[36.50503,8.59195],[36.5018,8.60054],[36.4921,8.59966],[36.48868,8.60122],[36.48456,8.61049],[36.47655,8.6157],[36.46902,8.61787],[36.46308,8.61468],[36.45985,8.61537],[36.45239,8.61829],[36.44829,8.6245],[36.44305,8.6248],[36.44073,8.6267],[36.43946,8.62941],[36.4404,8.63614],[36.43927,8.64],[36.434,8.64403],[36.43159,8.64834],[36.41988,8.65429],[36.41962,8.65687],[36.42297,8.66232],[36.4214,8.66497],[36.42024,8.67448],[36.41441,8.69378],[36.40901,8.70024],[36.40515,8.71314],[36.40444,8.72277],[36.40528,8.72579],[36.40898,8.72986],[36.40838,8.73306],[36.40088,8.7395],[36.39747,8.74674],[36.39113,8.74863],[36.38871,8.75756],[36.3829,8.76113],[36.38102,8.77237],[36.38185,8.7774],[36.37773,8.78509],[36.3771,8.79239],[36.3755,8.79403],[36.37489,8.79192],[36.3734,8.79134],[36.36628,8.79287],[36.35164,8.80713],[36.35205,8.81964],[36.34776,8.82119],[36.34532,8.82628],[36.34789,8.83065],[36.35203,8.83324],[36.35316,8.83679],[36.35242,8.83922],[36.33562,8.84472],[36.33382,8.84896],[36.33452,8.86085],[36.32369,8.87351],[36.32329,8.88206],[36.31976,8.88438],[36.31512,8.88514],[36.31062,8.88826],[36.30213,8.88519],[36.29842,8.88992],[36.29311,8.89323],[36.29364,8.89911],[36.29257,8.90087],[36.28614,8.90233],[36.28521,8.905],[36.28143,8.90875],[36.28077,8.9131],[36.2829,8.91658],[36.27381,8.92177],[36.27317,8.92879],[36.2713,8.93268],[36.26685,8.9369],[36.26093,8.9462],[36.25692,8.94966],[36.25013,8.9509],[36.24517,8.95404],[36.24371,8.95762],[36.24057,8.95946],[36.23901,8.96338],[36.23583,8.96518],[36.23567,8.96726],[36.23231,8.96692],[36.22191,8.96926],[36.21482,8.96278],[36.21423,8.95856],[36.21185,8.95811],[36.20753,8.96008],[36.20378,8.96817],[36.18745,8.97407],[36.18456,8.97802],[36.17715,8.97981],[36.17577,8.98159],[36.17651,8.98268],[36.17427,8.98502],[36.16775,8.98865],[36.16562,8.99368],[36.16022,8.99516],[36.15793,8.99371],[36.15662,8.99451],[36.15611,8.99896],[36.14869,9.00375],[36.14828,9.00652],[36.15094,9.01417],[36.15676,9.01402],[36.15688,9.02067],[36.13143,9.02079],[36.13108,9.02469],[36.12926,9.02483],[36.12654,9.02141],[36.1227,9.0223],[36.11672,9.02001],[36.11027,9.02219],[36.09826,9.02383],[36.09838,9.02593],[36.09395,9.02668],[36.08655,9.01262],[36.06394,9.01991],[36.05109,9.01704],[36.05048,9.01384],[36.04776,9.01042],[36.04469,9.01217],[36.04284,9.00619],[36.04192,8.98191],[36.0441,8.97803],[36.04267,8.97359],[36.04137,8.97042],[36.03549,8.96971],[36.03433,8.96838],[36.03453,8.96047],[36.02917,8.95826],[36.02726,8.95312],[36.02355,8.95277],[36.02476,8.9447],[36.01753,8.93452],[36.0202,8.9302],[36.01871,8.92431],[36.01553,8.92265],[36.0186,8.91915],[36.01731,8.90784],[36.0089,8.90586],[36.0068,8.90907],[35.99769,8.91084],[35.99136,8.90849],[35.98892,8.91002],[35.98722,8.91356],[35.97771,8.91421],[35.9711,8.90866],[35.9692,8.90041],[35.96425,8.89546],[35.96398,8.89229],[35.95983,8.89233],[35.95726,8.89045],[35.95854,8.88427],[35.95694,8.88065],[35.95063,8.87783],[35.94985,8.87518],[35.94729,8.87509],[35.94622,8.87704],[35.94091,8.87552],[35.93597,8.87641],[35.94687,8.86503],[35.93677,8.85765],[35.92902,8.83773],[35.92065,8.83158],[35.9205,8.82986],[35.91697,8.82793],[35.91223,8.82964],[35.906,8.82976],[35.89614,8.8339],[35.8874,8.83956],[35.88278,8.83647],[35.8827,8.83306],[35.87938,8.82729],[35.86811,8.82054],[35.87295,8.81883],[35.88073,8.81872],[35.88755,8.81709],[35.88783,8.81609],[35.88449,8.81382],[35.88179,8.8097],[35.88104,8.80502],[35.88231,8.80186],[35.88095,8.7975],[35.89025,8.7872],[35.89513,8.78448],[35.92257,8.7793],[35.92274,8.77599],[35.92484,8.77209],[35.92372,8.76653],[35.92135,8.76463],[35.92061,8.76113],[35.9236,8.75398],[35.91227,8.75044],[35.91161,8.74226],[35.91026,8.74039],[35.90358,8.7374],[35.8959,8.7388],[35.89385,8.73461],[35.8942,8.7304],[35.89221,8.72807],[35.88206,8.72865],[35.868,8.72537],[35.87529,8.70808],[35.873,8.70384],[35.86861,8.70091],[35.85892,8.70058],[35.85677,8.6961],[35.85788,8.68675],[35.85666,8.68025],[35.8791,8.66638],[35.88992,8.66719],[35.8939,8.6732],[35.90095,8.67619],[35.90759,8.67375],[35.90686,8.67232],[35.9104,8.67121],[35.91282,8.66767],[35.92529,8.65685],[35.93281,8.65212],[35.93932,8.64495],[35.94076,8.64553],[35.94362,8.635],[35.94265,8.63345],[35.94448,8.62973],[35.94748,8.62833],[35.97047,8.63216],[35.97358,8.6304],[35.98062,8.63284],[35.97949,8.61411],[35.98512,8.60857],[35.98604,8.60342],[35.98788,8.60149],[35.98683,8.59702],[35.99007,8.59317],[35.99054,8.59068],[35.98861,8.58338],[35.99201,8.57613],[35.99069,8.56945],[35.99237,8.56914],[35.99187,8.56637],[35.98778,8.56511],[35.98549,8.55918],[35.98108,8.55442],[35.98248,8.55141],[35.98019,8.54949],[35.98232,8.54554],[35.98574,8.5436],[35.98856,8.534],[35.99347,8.52755],[35.98916,8.52716],[35.98966,8.52351],[35.98724,8.52008],[35.99025,8.51436],[35.99123,8.50471],[35.99045,8.50029],[35.98883,8.49825],[35.98983,8.49716],[35.98705,8.49574],[35.99273,8.48448],[35.99695,8.48275],[35.9961,8.48012],[35.99836,8.47135],[35.99834,8.46665],[35.99421,8.46517],[35.99493,8.46216],[35.99159,8.44233],[35.99566,8.44781],[36.00445,8.4497],[36.00404,8.44699],[36.00595,8.44418],[36.00454,8.44336],[36.0033,8.43817],[36.00049,8.43465],[36.00507,8.42742],[36.00313,8.41583],[36.00777,8.41048],[36.00392,8.40615],[36.00183,8.40549],[36.00066,8.40285],[36.0034,8.40085],[36.00533,8.39752],[36.00449,8.39653],[36.0093,8.39651],[36.01743,8.38633],[36.02233,8.38312],[36.02236,8.37888],[36.02447,8.37735],[36.03452,8.36204],[36.03701,8.3562],[36.03647,8.35289],[36.04502,8.33721],[36.05655,8.33268],[36.05961,8.33307],[36.06316,8.33101],[36.06927,8.33015],[36.08091,8.32216],[36.08726,8.31599],[36.08758,8.31219],[36.08613,8.31025],[36.0871,8.29978],[36.0858,8.29305],[36.08614,8.28395],[36.08254,8.27717],[36.08421,8.27003],[36.08275,8.26515],[36.08508,8.26269],[36.08696,8.26247],[36.08679,8.2594],[36.0907,8.25532],[36.08991,8.25274],[36.0949,8.24637],[36.09597,8.24048],[36.10056,8.24057],[36.10271,8.23792],[36.10664,8.2387],[36.10944,8.23474],[36.11188,8.23336],[36.1175,8.23291],[36.12044,8.23019],[36.12427,8.23097],[36.12807,8.2282],[36.12974,8.22923],[36.1354,8.22741],[36.14144,8.22859],[36.14368,8.22607],[36.14756,8.22648],[36.15611,8.21787],[36.15963,8.21666],[36.16383,8.21895],[36.17071,8.22726],[36.18474,8.22989],[36.18905,8.23229],[36.21364,8.23523],[36.23404,8.23588],[36.24417,8.25593],[36.24686,8.25772],[36.25023,8.25527],[36.25084,8.2528],[36.2546,8.24852],[36.26357,8.24419],[36.27201,8.24247],[36.27482,8.23485],[36.28118,8.22988],[36.28243,8.22711],[36.2802,8.22554],[36.27833,8.22105],[36.27199,8.20069],[36.27207,8.1923],[36.26878,8.19005],[36.26962,8.18874],[36.26571,8.18341],[36.26721,8.17777],[36.26995,8.17596],[36.27465,8.17647],[36.2812,8.17336],[36.28616,8.1775],[36.28813,8.16288],[36.28609,8.16076],[36.28788,8.15748],[36.28808,8.15298],[36.29357,8.1508],[36.29615,8.15168],[36.29784,8.15001],[36.30495,8.14977],[36.30828,8.1478],[36.31074,8.14042],[36.31533,8.1376],[36.31474,8.13093],[36.32093,8.12424],[36.32482,8.12412],[36.32703,8.11826],[36.33581,8.11775],[36.34584,8.12243],[36.34746,8.13291],[36.35604,8.13538],[36.36181,8.13642],[36.36804,8.13166],[36.37287,8.13009],[36.36819,8.1264],[36.36594,8.11804],[36.36735,8.11406],[36.37602,8.10288],[36.39145,8.0972],[36.3968,8.09268],[36.39751,8.08456],[36.39334,8.08138],[36.3916,8.07621],[36.39688,8.07256],[36.40005,8.06769],[36.4048,8.06502],[36.40949,8.05554],[36.41427,8.05261],[36.4218,8.0518],[36.42284,8.05019],[36.42437,8.05164],[36.43208,8.05303],[36.45094,8.05343],[36.45422,8.05084],[36.46824,8.04773],[36.47653,8.04455],[36.47934,8.0447],[36.48894,8.04918],[36.4982,8.05567],[36.49841,8.0539],[36.50451,8.05416],[36.50927,8.05609],[36.51321,8.05561],[36.51526,8.05694],[36.51902,8.05425],[36.52364,8.05596],[36.52783,8.05475],[36.53113,8.05542],[36.53281,8.05719],[36.53561,8.06863],[36.54443,8.0667],[36.55342,8.06175],[36.5647,8.06224],[36.56623,8.06581],[36.56768,8.06619],[36.56913,8.06329],[36.57274,8.06272],[36.57385,8.06083],[36.58385,8.05811],[36.58767,8.04722],[36.59209,8.04256],[36.59341,8.03774],[36.59937,8.03544],[36.6021,8.03183],[36.60118,8.02533],[36.59849,8.01953],[36.59167,8.01698],[36.58942,8.01238],[36.58905,8.00682],[36.58488,8.00321],[36.58276,8.00391],[36.58247,8.00275],[36.58307,8.001],[36.58726,7.99867],[36.58805,7.9951],[36.59393,7.99426],[36.59964,7.99692],[36.60744,7.99448],[36.61036,7.99786],[36.61212,7.99817],[36.61672,7.99724],[36.62328,7.99303],[36.62862,7.99643],[36.63267,7.99426],[36.64067,7.99577],[36.64103,7.99716],[36.63955,7.99822],[36.64181,8.00185],[36.64092,8.00375],[36.64288,8.00735],[36.64622,8.00733],[36.64357,8.01053],[36.64463,8.01382],[36.64253,8.01503],[36.64198,8.02146],[36.64824,8.031],[36.65313,8.0342],[36.65612,8.03157],[36.65702,8.03405],[36.65999,8.03497],[36.6578,8.038],[36.66019,8.04059],[36.66005,8.04452],[36.66368,8.04753],[36.66733,8.05376],[36.66414,8.0593],[36.67018,8.05923],[36.67632,8.06192],[36.67782,8.06422],[36.68131,8.06305],[36.68448,8.06361],[36.68676,8.06674],[36.68759,8.06491],[36.68952,8.06447],[36.69098,8.06594],[36.69013,8.07023],[36.69214,8.07208],[36.69564,8.07027],[36.69492,8.06779],[36.69931,8.06397],[36.70151,8.06444],[36.70287,8.0671],[36.70525,8.06794],[36.7069,8.06822],[36.70986,8.06485],[36.7127,8.06716],[36.71584,8.06324],[36.71605,8.05922],[36.71825,8.0584],[36.72136,8.06071],[36.72139,8.05668],[36.72323,8.0555],[36.72718,8.05543],[36.73202,8.05976],[36.73477,8.05996],[36.73745,8.05769],[36.74103,8.05798],[36.74267,8.05982],[36.74164,8.06348],[36.74529,8.06752],[36.74294,8.07112],[36.74311,8.07469],[36.74484,8.07745],[36.74832,8.07884],[36.74968,8.08141],[36.74915,8.09376],[36.75163,8.09496],[36.75271,8.09872],[36.755,8.10002],[36.75645,8.10332],[36.75594,8.09627],[36.75768,8.09582],[36.75942,8.09702],[36.76205,8.10408],[36.7612,8.10719],[36.76586,8.11097],[36.77024,8.1129],[36.77502,8.10873],[36.78489,8.11702],[36.78884,8.1164],[36.78777,8.09471],[36.79071,8.09378],[36.79356,8.09723],[36.79782,8.09814],[36.79933,8.10407],[36.80366,8.10527],[36.80311,8.112],[36.80566,8.11546],[36.81751,8.11918],[36.81947,8.12285],[36.82402,8.12463],[36.82562,8.12684],[36.82617,8.14119],[36.81885,8.15499],[36.81956,8.16056],[36.81667,8.16442],[36.81765,8.17372],[36.81572,8.17811],[36.8124,8.17911]]]}},{"type":"Feature","id":"west_arsi","properties":{"zone_id":"west_arsi","prototype_id":"w-arsi","pcode":"ET0417","name_en":"West Arsi","name_om":"Arsii Lixaa","name_am":"ምዕራብ አርሲ","name_om_verification":"pending_bureau_signoff","name_am_verification":"pending_bureau_signoff","source_dataset_id":"cod-ab-eth-v04","source_organization":"UN-OCHA FIS / Ethiopia CSA + BoFED","admin_level":"zone","area_sqkm":12578.28432183,"valid_on":"2025-01-01"},"geometry":{"type":"Polygon","coordinates":[[[38.668,7.05986],[38.68087,7.04836],[38.68445,7.03395],[38.67808,7.0288],[38.67438,7.01648],[38.67741,7.00535],[38.68938,7.00087],[38.69766,7.01383],[38.7105,7.01299],[38.71438,6.99141],[38.71117,6.97376],[38.70053,6.96865],[38.69477,6.95749],[38.7012,6.94509],[38.70463,6.93063],[38.69976,6.90334],[38.7048,6.88544],[38.71099,6.87121],[38.71408,6.86058],[38.69834,6.84857],[38.6676,6.83228],[38.63985,6.81269],[38.63639,6.79971],[38.63567,6.77171],[38.64349,6.76872],[38.65821,6.76962],[38.672,6.76227],[38.67842,6.74896],[38.68854,6.74436],[38.70555,6.74204],[38.72094,6.7301],[38.72736,6.71197],[38.74229,6.70094],[38.75424,6.69703],[38.7793,6.70021],[38.80988,6.70132],[38.81793,6.70361],[38.83354,6.69166],[38.83775,6.67492],[38.85512,6.6687],[38.87695,6.66821],[38.90177,6.66566],[38.91785,6.65921],[38.93442,6.65561],[38.94942,6.6438],[38.94446,6.63028],[38.94168,6.61034],[38.95964,6.60088],[39.0322,6.61181],[39.05931,6.60879],[39.06453,6.59882],[39.05292,6.58405],[39.04845,6.56982],[39.05257,6.55698],[39.06979,6.55329],[39.08622,6.54517],[39.09662,6.52161],[39.0954,6.47209],[39.09997,6.45558],[39.10753,6.43769],[39.12123,6.38059],[39.12527,6.35696],[39.1282,6.35696],[39.13447,6.35963],[39.13575,6.35813],[39.13501,6.35475],[39.13915,6.35567],[39.13937,6.35249],[39.13798,6.35115],[39.13653,6.3516],[39.136,6.34987],[39.13748,6.3484],[39.13594,6.34763],[39.13466,6.34301],[39.13629,6.33957],[39.13536,6.33548],[39.13856,6.32675],[39.13783,6.32458],[39.14931,6.3156],[39.15408,6.31005],[39.15856,6.30764],[39.16623,6.2914],[39.17765,6.28425],[39.1973,6.2992],[39.20331,6.30023],[39.20632,6.29859],[39.20684,6.30186],[39.21577,6.30787],[39.22323,6.32255],[39.23528,6.3319],[39.24203,6.35923],[39.25219,6.37221],[39.27105,6.37194],[39.27394,6.37454],[39.27935,6.36929],[39.2868,6.39199],[39.29573,6.41234],[39.29652,6.42996],[39.30544,6.43549],[39.32575,6.46501],[39.3377,6.47403],[39.33525,6.4816],[39.33784,6.48701],[39.3375,6.49071],[39.34008,6.49733],[39.3387,6.49888],[39.33944,6.5079],[39.33707,6.51482],[39.34075,6.51994],[39.3561,6.53119],[39.3745,6.54004],[39.39123,6.55068],[39.4012,6.55554],[39.42692,6.54469],[39.42594,6.54737],[39.42951,6.5535],[39.42946,6.55565],[39.42655,6.56168],[39.42462,6.5725],[39.42204,6.57595],[39.42101,6.58122],[39.42162,6.59706],[39.41983,6.60166],[39.42041,6.60467],[39.42705,6.61424],[39.42763,6.6195],[39.43337,6.62529],[39.43534,6.62462],[39.43619,6.62756],[39.44291,6.62981],[39.44434,6.63256],[39.44982,6.63574],[39.44944,6.63761],[39.45505,6.64229],[39.45638,6.64861],[39.4603,6.65742],[39.46389,6.65751],[39.46953,6.66481],[39.47848,6.66412],[39.48424,6.66747],[39.4863,6.66643],[39.48863,6.66789],[39.4931,6.66703],[39.49663,6.67046],[39.49989,6.67046],[39.50519,6.67389],[39.50949,6.6744],[39.52176,6.69519],[39.51929,6.71282],[39.52021,6.71417],[39.52875,6.71997],[39.57967,6.67107],[39.59818,6.68417],[39.59581,6.68589],[39.59739,6.68836],[39.59707,6.69026],[39.59832,6.69069],[39.61486,6.68987],[39.63197,6.68563],[39.63432,6.68994],[39.63742,6.69143],[39.64136,6.69021],[39.64202,6.69133],[39.64052,6.69565],[39.64184,6.70212],[39.63809,6.70531],[39.64232,6.70633],[39.64411,6.71308],[39.63657,6.72415],[39.63405,6.73522],[39.62792,6.74638],[39.62249,6.75277],[39.62044,6.75802],[39.61584,6.75943],[39.61561,6.7613],[39.62909,6.78328],[39.68518,6.83608],[39.70449,6.84959],[39.72229,6.85791],[39.74044,6.87079],[39.75045,6.88501],[39.75998,6.90172],[39.76658,6.90743],[39.77071,6.91512],[39.76832,6.91717],[39.75777,6.91906],[39.75217,6.92466],[39.74513,6.92826],[39.74246,6.93309],[39.73682,6.93844],[39.72922,6.95159],[39.72715,6.96196],[39.73133,6.97143],[39.70995,6.99275],[39.71169,6.99885],[39.71478,7.00272],[39.72048,7.01614],[39.71943,7.01838],[39.71562,7.02],[39.70682,7.01942],[39.70579,7.01825],[39.70155,7.02236],[39.69714,7.01827],[39.68394,7.01623],[39.67881,7.01712],[39.67483,7.0132],[39.67212,7.02093],[39.6801,7.03586],[39.67367,7.05273],[39.66081,7.05373],[39.66127,7.06953],[39.65575,7.08149],[39.64771,7.0866],[39.64297,7.08761],[39.63627,7.08116],[39.62802,7.0897],[39.62323,7.09064],[39.62097,7.09301],[39.62067,7.09923],[39.61272,7.10382],[39.61423,7.10802],[39.61126,7.11872],[39.61529,7.11868],[39.61663,7.12724],[39.60752,7.12349],[39.60277,7.12561],[39.60098,7.13272],[39.59767,7.13809],[39.59352,7.14117],[39.59533,7.14355],[39.59893,7.14481],[39.60265,7.14539],[39.60567,7.14373],[39.61408,7.14322],[39.62023,7.14764],[39.62822,7.14787],[39.6646,7.19102],[39.68049,7.18857],[39.68811,7.18899],[39.69293,7.19142],[39.69311,7.19283],[39.68504,7.2017],[39.68888,7.21977],[39.68413,7.22858],[39.66934,7.2302],[39.66387,7.22797],[39.65598,7.23438],[39.64844,7.23715],[39.64557,7.25036],[39.6347,7.25259],[39.64054,7.26086],[39.63439,7.26813],[39.63338,7.27719],[39.62683,7.2742],[39.62053,7.28129],[39.62408,7.28248],[39.62178,7.29311],[39.61809,7.30085],[39.61815,7.30331],[39.61209,7.30818],[39.61323,7.30918],[39.60359,7.31474],[39.60389,7.31639],[39.59924,7.32225],[39.59654,7.32375],[39.5918,7.32308],[39.58655,7.32676],[39.5815,7.34034],[39.58368,7.34379],[39.58543,7.34419],[39.58549,7.3477],[39.58309,7.3519],[39.5787,7.35383],[39.57748,7.36313],[39.56793,7.36482],[39.55842,7.3586],[39.55632,7.35288],[39.55247,7.35169],[39.53566,7.35183],[39.53128,7.36091],[39.53051,7.38071],[39.52412,7.39829],[39.52086,7.39521],[39.51802,7.38616],[39.50984,7.37348],[39.51048,7.36026],[39.50643,7.35729],[39.4996,7.35628],[39.49774,7.35413],[39.49879,7.34471],[39.50138,7.33892],[39.49942,7.32807],[39.50586,7.31756],[39.50178,7.31149],[39.50209,7.308],[39.499,7.29861],[39.50172,7.29381],[39.49943,7.28745],[39.4932,7.28464],[39.4914,7.28169],[39.48754,7.27963],[39.47453,7.26629],[39.47084,7.25122],[39.46794,7.248],[39.46754,7.24282],[39.46468,7.23642],[39.46013,7.2309],[39.46011,7.2264],[39.45268,7.22558],[39.45035,7.21883],[39.44516,7.21381],[39.44338,7.19656],[39.44451,7.19491],[39.44457,7.18756],[39.44817,7.18291],[39.4478,7.18118],[39.44307,7.18194],[39.43999,7.18059],[39.43899,7.17867],[39.43656,7.18132],[39.42823,7.18358],[39.42396,7.1821],[39.42032,7.17562],[39.41132,7.17773],[39.40484,7.18574],[39.39167,7.19273],[39.36761,7.22274],[39.35601,7.23516],[39.34613,7.25252],[39.33749,7.25167],[39.33886,7.25722],[39.33724,7.26307],[39.33591,7.26369],[39.33172,7.27384],[39.32332,7.27523],[39.31748,7.27211],[39.3161,7.27083],[39.31681,7.26797],[39.31323,7.26631],[39.30522,7.26864],[39.30439,7.27519],[39.29829,7.27667],[39.29376,7.27591],[39.28935,7.2929],[39.28278,7.29207],[39.28175,7.29754],[39.27629,7.29704],[39.27352,7.29523],[39.27205,7.30524],[39.26167,7.30118],[39.26044,7.30369],[39.25223,7.3037],[39.25282,7.29696],[39.2362,7.28866],[39.2334,7.28849],[39.22988,7.29078],[39.22656,7.2906],[39.22448,7.29453],[39.22096,7.29431],[39.21717,7.28738],[39.2092,7.27815],[39.20607,7.281],[39.20591,7.2862],[39.20983,7.30167],[39.21,7.30813],[39.21403,7.31677],[39.21041,7.32367],[39.20944,7.32893],[39.20748,7.33103],[39.2029,7.3316],[39.19797,7.33468],[39.19432,7.34108],[39.18309,7.35078],[39.18209,7.35387],[39.17813,7.35492],[39.16938,7.36228],[39.16159,7.36374],[39.13923,7.35248],[39.12361,7.34737],[39.12719,7.36188],[39.11557,7.36052],[39.09679,7.35112],[39.08335,7.34685],[39.07613,7.34681],[39.06908,7.34363],[39.0684,7.3447],[39.07016,7.34606],[39.06538,7.35093],[39.0585,7.34888],[39.05787,7.35288],[39.05499,7.35303],[39.04957,7.34918],[39.05201,7.34558],[39.0485,7.3412],[39.04693,7.34035],[39.0432,7.34517],[39.04058,7.34414],[39.0382,7.34054],[39.03239,7.33697],[39.02914,7.33144],[39.02661,7.33029],[39.01396,7.33],[39.0123,7.33292],[39.00928,7.33419],[39.00713,7.33312],[39.0043,7.33458],[39.00157,7.33243],[38.99855,7.3337],[38.99523,7.32805],[38.99328,7.32756],[38.98933,7.33083],[38.98689,7.32849],[38.97626,7.32654],[38.97128,7.32109],[38.96953,7.32274],[38.95938,7.32449],[38.95479,7.32673],[38.95353,7.32868],[38.95138,7.32829],[38.9507,7.33199],[38.94416,7.33657],[38.93348,7.33389],[38.92609,7.32817],[38.9151,7.32723],[38.90881,7.32826],[38.90629,7.32658],[38.89958,7.33094],[38.89668,7.33664],[38.889,7.34172],[38.88538,7.34682],[38.87943,7.35078],[38.86972,7.3499],[38.84978,7.35226],[38.86132,7.36899],[38.86,7.38866],[38.85857,7.38964],[38.85886,7.3919],[38.85733,7.39373],[38.85247,7.3968],[38.85533,7.40189],[38.85564,7.40942],[38.84169,7.41329],[38.84332,7.41972],[38.84582,7.42034],[38.85101,7.43754],[38.85424,7.44136],[38.85806,7.44101],[38.86146,7.45506],[38.85843,7.45749],[38.86,7.46245],[38.8568,7.46256],[38.8548,7.4641],[38.85907,7.46877],[38.85459,7.46904],[38.84941,7.47287],[38.86338,7.47295],[38.86352,7.47869],[38.86741,7.47859],[38.86912,7.4906],[38.87297,7.49398],[38.86883,7.49947],[38.86652,7.50048],[38.87312,7.52575],[38.87666,7.54862],[38.8863,7.57499],[38.87186,7.57873],[38.88559,7.59688],[38.89102,7.60006],[38.89175,7.60172],[38.89183,7.60567],[38.88439,7.63494],[38.89625,7.66749],[38.88085,7.67396],[38.87708,7.67287],[38.87754,7.68393],[38.87595,7.69276],[38.86367,7.70422],[38.85913,7.70394],[38.84838,7.70719],[38.84208,7.70663],[38.8398,7.70165],[38.83523,7.70214],[38.83369,7.70414],[38.82455,7.69881],[38.82131,7.69947],[38.81754,7.69848],[38.8141,7.70065],[38.81041,7.69938],[38.80508,7.6799],[38.80628,7.67739],[38.80127,7.66826],[38.79838,7.6588],[38.79895,7.64776],[38.79007,7.65901],[38.7893,7.6661],[38.78805,7.66756],[38.78228,7.66991],[38.77669,7.66313],[38.77489,7.66628],[38.77229,7.66769],[38.76707,7.6658],[38.76488,7.66307],[38.76342,7.66854],[38.75731,7.6711],[38.75536,7.67795],[38.75783,7.67788],[38.75945,7.67959],[38.76566,7.67911],[38.76723,7.67742],[38.76865,7.67877],[38.77302,7.67823],[38.7796,7.68296],[38.77937,7.68867],[38.75123,7.69323],[38.75012,7.68722],[38.75234,7.68383],[38.75047,7.68209],[38.7492,7.67539],[38.74794,7.67439],[38.74571,7.67923],[38.74545,7.68553],[38.73973,7.68979],[38.73893,7.69502],[38.73645,7.6958],[38.72304,7.69142],[38.71848,7.68851],[38.7154,7.68397],[38.71018,7.67958],[38.69704,7.68354],[38.6684,7.6793],[38.6391,7.67077],[38.61251,7.66724],[38.54578,7.68534],[38.53793,7.66981],[38.53605,7.66981],[38.51263,7.65034],[38.49916,7.6345],[38.47509,7.62309],[38.4587,7.61045],[38.45959,7.60767],[38.46426,7.60848],[38.46454,7.6047],[38.46617,7.60534],[38.46091,7.59334],[38.45843,7.59098],[38.45129,7.58976],[38.45154,7.58777],[38.44839,7.58359],[38.44397,7.58397],[38.44305,7.58126],[38.44196,7.58315],[38.43326,7.58196],[38.43083,7.58292],[38.42743,7.57969],[38.42557,7.57275],[38.42322,7.57224],[38.42282,7.56674],[38.41904,7.56916],[38.42566,7.55387],[38.42954,7.5339],[38.42675,7.51472],[38.41386,7.50417],[38.39173,7.50192],[38.37836,7.49482],[38.34123,7.47858],[38.32724,7.46168],[38.32822,7.45638],[38.3252,7.43389],[38.31891,7.41417],[38.30887,7.40149],[38.29249,7.39141],[38.27944,7.3806],[38.27718,7.36118],[38.28153,7.33868],[38.27567,7.31894],[38.26521,7.30672],[38.24654,7.29664],[38.23363,7.28793],[38.22003,7.27554],[38.20578,7.26548],[38.19859,7.26155],[38.18108,7.2579],[38.14397,7.23221],[38.10433,7.21088],[38.08697,7.19494],[38.07801,7.18026],[38.07639,7.15408],[38.06947,7.12239],[38.06646,7.08771],[38.06143,7.07221],[38.063,7.06544],[38.06415,7.04339],[38.07336,7.02961],[38.08787,7.02295],[38.10191,7.01078],[38.10894,6.99963],[38.11711,6.98091],[38.1293,6.97383],[38.14658,6.97746],[38.17007,7.00087],[38.19379,7.01235],[38.21636,7.01441],[38.23792,7.02005],[38.25443,7.0599],[38.28918,7.10711],[38.30526,7.12161],[38.31343,7.14711],[38.32189,7.16174],[38.34219,7.16445],[38.35691,7.14585],[38.37807,7.12976],[38.40063,7.12147],[38.42084,7.12252],[38.44255,7.12681],[38.46002,7.11819],[38.46391,7.09983],[38.48002,7.0904],[38.5051,7.08784],[38.52813,7.09103],[38.54611,7.09088],[38.56636,7.11232],[38.58364,7.12629],[38.61149,7.12418],[38.63034,7.11085],[38.64617,7.09554],[38.63695,7.0661],[38.65351,7.06171],[38.668,7.05986]]]}},{"type":"Feature","id":"kelem_wellega","properties":{"zone_id":"kelem_wellega","prototype_id":"qelem-wellega","pcode":"ET0418","name_en":"Kelem Wellega","name_om":"Qeellam Wallagga","name_am":"ቄለም ወለጋ","name_om_verification":"pending_bureau_signoff","name_am_verification":"pending_bureau_signoff","source_dataset_id":"cod-ab-eth-v04","source_organization":"UN-OCHA FIS / Ethiopia CSA + BoFED","admin_level":"zone","area_sqkm":9665.1401108,"valid_on":"2025-01-01"},"geometry":{"type":"Polygon","coordinates":[[[34.9954,8.46591],[34.99441,8.47124],[35.00007,8.48667],[35.00916,8.48952],[35.01774,8.48759],[35.02033,8.49128],[35.02619,8.49256],[35.02966,8.49483],[35.02894,8.50083],[35.03069,8.51053],[35.03256,8.51372],[35.03569,8.51538],[35.04203,8.51225],[35.04495,8.51372],[35.05013,8.52076],[35.05595,8.51993],[35.05819,8.52133],[35.06133,8.52094],[35.06842,8.51821],[35.07244,8.51031],[35.07447,8.50908],[35.08271,8.50776],[35.11525,8.49825],[35.12239,8.49946],[35.12526,8.50281],[35.12919,8.50474],[35.15516,8.50773],[35.16599,8.50734],[35.1677,8.51071],[35.16972,8.51127],[35.17384,8.50847],[35.17701,8.50817],[35.18145,8.51092],[35.1881,8.51937],[35.18756,8.53353],[35.18945,8.54055],[35.2006,8.54044],[35.19092,8.54963],[35.18216,8.55589],[35.1815,8.56274],[35.1687,8.57142],[35.16478,8.57986],[35.15718,8.58296],[35.14304,8.58495],[35.14089,8.58793],[35.1421,8.59275],[35.13552,8.59365],[35.13458,8.59791],[35.13117,8.59865],[35.13065,8.60324],[35.12081,8.60698],[35.11996,8.61268],[35.11569,8.61452],[35.11292,8.62611],[35.11423,8.6294],[35.11191,8.63436],[35.11514,8.63875],[35.11667,8.64771],[35.12164,8.65462],[35.12397,8.6625],[35.13139,8.66666],[35.14399,8.66716],[35.14533,8.67093],[35.1422,8.68348],[35.14677,8.68752],[35.14797,8.69244],[35.15019,8.69367],[35.16002,8.70725],[35.167,8.71012],[35.1729,8.71087],[35.1783,8.71987],[35.18539,8.72254],[35.19482,8.7234],[35.19563,8.72895],[35.20036,8.72927],[35.20481,8.73157],[35.20668,8.73922],[35.21484,8.75682],[35.22603,8.74742],[35.22809,8.74172],[35.22637,8.73121],[35.23214,8.72874],[35.23417,8.72174],[35.23614,8.72202],[35.23902,8.72932],[35.24242,8.73059],[35.24128,8.73308],[35.24259,8.73508],[35.24269,8.7391],[35.24645,8.74161],[35.24738,8.74443],[35.25089,8.74436],[35.25014,8.75068],[35.25141,8.75483],[35.25481,8.75591],[35.27308,8.75307],[35.27477,8.74684],[35.2772,8.74674],[35.28007,8.74438],[35.28026,8.7378],[35.28291,8.73293],[35.285,8.73607],[35.28832,8.73706],[35.29825,8.73671],[35.30631,8.74718],[35.30829,8.74789],[35.32829,8.74408],[35.33509,8.74399],[35.3431,8.74141],[35.34779,8.74176],[35.34933,8.74127],[35.35113,8.73729],[35.35547,8.7388],[35.36212,8.7377],[35.36347,8.73856],[35.36459,8.7418],[35.36403,8.74793],[35.37294,8.75055],[35.37263,8.75887],[35.37816,8.75831],[35.38226,8.76493],[35.38457,8.76559],[35.38492,8.76764],[35.3872,8.76973],[35.39086,8.77095],[35.39593,8.7702],[35.39983,8.77477],[35.40363,8.77536],[35.40824,8.77428],[35.40925,8.77566],[35.41006,8.78082],[35.4062,8.7907],[35.40643,8.79204],[35.4097,8.79321],[35.40982,8.79603],[35.40508,8.79941],[35.40101,8.79781],[35.40011,8.8004],[35.4021,8.80311],[35.40648,8.80389],[35.40996,8.80669],[35.40909,8.81057],[35.41208,8.81127],[35.41071,8.81424],[35.41552,8.81507],[35.41774,8.81955],[35.42592,8.82118],[35.42849,8.82494],[35.43282,8.8219],[35.44037,8.82235],[35.44055,8.82609],[35.43804,8.82794],[35.43876,8.83008],[35.4354,8.83623],[35.43398,8.83401],[35.43253,8.8341],[35.42912,8.83928],[35.42745,8.83997],[35.4279,8.84227],[35.42606,8.84235],[35.42624,8.84557],[35.42438,8.8461],[35.42631,8.84824],[35.42555,8.85009],[35.42702,8.85106],[35.42623,8.85385],[35.43083,8.8554],[35.432,8.86068],[35.43361,8.86102],[35.43417,8.85923],[35.43528,8.85934],[35.43832,8.86151],[35.43961,8.8608],[35.44114,8.86175],[35.44211,8.85913],[35.44376,8.85969],[35.44201,8.86076],[35.44315,8.86202],[35.44207,8.86296],[35.43912,8.86367],[35.43949,8.86687],[35.4411,8.86883],[35.44533,8.86842],[35.44269,8.87023],[35.44334,8.8717],[35.44219,8.87379],[35.44452,8.87504],[35.44763,8.87426],[35.44354,8.88054],[35.44019,8.88136],[35.44058,8.88373],[35.43952,8.885],[35.44169,8.88723],[35.43947,8.88859],[35.44041,8.8899],[35.44332,8.88875],[35.44317,8.89356],[35.4446,8.89251],[35.44589,8.89314],[35.44789,8.90146],[35.44966,8.90148],[35.44957,8.90433],[35.45165,8.90491],[35.44926,8.90612],[35.45065,8.9079],[35.4482,8.90799],[35.4479,8.90912],[35.44633,8.90701],[35.44641,8.90452],[35.44507,8.90376],[35.44072,8.90616],[35.44282,8.91393],[35.43999,8.91536],[35.43109,8.91458],[35.42425,8.91731],[35.42109,8.91344],[35.41121,8.91239],[35.41045,8.92706],[35.40797,8.92795],[35.40326,8.92616],[35.405,8.93687],[35.39779,8.94068],[35.39847,8.94764],[35.39481,8.94614],[35.39118,8.94652],[35.3904,8.94152],[35.38811,8.94222],[35.38802,8.94345],[35.38471,8.94395],[35.37854,8.93648],[35.37489,8.93751],[35.37371,8.94137],[35.37063,8.94315],[35.36945,8.94777],[35.36408,8.95056],[35.36431,8.94723],[35.36257,8.94384],[35.35076,8.94473],[35.33954,8.95718],[35.33739,8.96222],[35.33745,8.96698],[35.34536,8.97024],[35.34365,8.97848],[35.34665,8.98594],[35.3428,9.0015],[35.34371,9.00583],[35.3398,9.00684],[35.33596,9.00567],[35.33403,9.00684],[35.33578,9.01301],[35.33515,9.02322],[35.33248,9.02838],[35.32698,9.02841],[35.32267,9.03033],[35.3221,9.0342],[35.32407,9.03829],[35.31564,9.05135],[35.3119,9.05228],[35.3129,9.05843],[35.31,9.05766],[35.30734,9.05494],[35.29998,9.05564],[35.29312,9.05865],[35.29224,9.07177],[35.27876,9.07071],[35.27639,9.08348],[35.28126,9.09278],[35.28025,9.09328],[35.27737,9.09352],[35.27466,9.09205],[35.26334,9.07828],[35.25864,9.08094],[35.25804,9.08438],[35.25309,9.08614],[35.25262,9.09138],[35.24794,9.09475],[35.24633,9.09381],[35.24278,9.10407],[35.23645,9.1065],[35.23394,9.11046],[35.23266,9.10872],[35.23339,9.10273],[35.23179,9.09954],[35.22022,9.09651],[35.20764,9.09828],[35.20391,9.10088],[35.19707,9.11584],[35.19418,9.10706],[35.18824,9.1049],[35.18556,9.1093],[35.18158,9.12516],[35.17915,9.12999],[35.1696,9.13717],[35.16875,9.14833],[35.17001,9.15104],[35.16307,9.1649],[35.15486,9.16774],[35.15422,9.1731],[35.14089,9.18332],[35.14124,9.19081],[35.13867,9.20595],[35.13533,9.21075],[35.12965,9.2105],[35.12487,9.2155],[35.12855,9.21902],[35.12875,9.2216],[35.13571,9.225],[35.13795,9.22918],[35.13576,9.23598],[35.13391,9.23771],[35.13108,9.23608],[35.12772,9.24212],[35.12761,9.24815],[35.1255,9.25035],[35.12797,9.25292],[35.12707,9.25917],[35.12275,9.26134],[35.11992,9.26],[35.11271,9.26255],[35.11208,9.26485],[35.11383,9.26764],[35.1095,9.27509],[35.10641,9.27661],[35.10424,9.2762],[35.10213,9.2732],[35.09729,9.2738],[35.08637,9.28319],[35.08588,9.2857],[35.08308,9.28819],[35.07667,9.29131],[35.07155,9.29756],[35.06838,9.29942],[35.06308,9.29965],[35.05948,9.30339],[35.05807,9.3108],[35.05516,9.31583],[35.05376,9.31613],[35.05226,9.31418],[35.04674,9.31694],[35.04149,9.3177],[35.03795,9.30979],[35.02966,9.30802],[35.0237,9.30996],[35.01886,9.31482],[35.01301,9.31344],[35.00782,9.31658],[35.00851,9.32183],[35.00129,9.32611],[34.99752,9.33082],[34.99887,9.3331],[34.99606,9.33652],[34.99125,9.33722],[34.98768,9.33561],[34.986,9.33648],[34.9844,9.33511],[34.98272,9.33621],[34.98226,9.33896],[34.98577,9.34497],[34.98564,9.34769],[34.98286,9.34719],[34.97995,9.34419],[34.97807,9.34463],[34.97718,9.34753],[34.97898,9.35058],[34.97683,9.35317],[34.97045,9.34948],[34.97058,9.34685],[34.96745,9.34653],[34.96227,9.3511],[34.95973,9.35873],[34.95351,9.3628],[34.95082,9.36263],[34.94939,9.36541],[34.94682,9.36327],[34.94028,9.36398],[34.93861,9.35954],[34.93137,9.36013],[34.92933,9.36626],[34.92602,9.36896],[34.92854,9.37229],[34.92614,9.37379],[34.92398,9.37913],[34.92428,9.38162],[34.92782,9.38533],[34.92575,9.39015],[34.93947,9.39687],[34.94078,9.39815],[34.94031,9.40074],[34.93077,9.40464],[34.9247,9.40515],[34.92256,9.40384],[34.92137,9.40058],[34.91831,9.39914],[34.91818,9.39383],[34.91547,9.3916],[34.91183,9.38183],[34.91679,9.37864],[34.91884,9.37537],[34.91874,9.371],[34.9135,9.36352],[34.91661,9.35606],[34.92103,9.35322],[34.92211,9.34833],[34.91628,9.3439],[34.90656,9.33263],[34.90367,9.32303],[34.89773,9.31894],[34.89126,9.31058],[34.88411,9.30819],[34.87268,9.29172],[34.8708,9.27759],[34.87496,9.26832],[34.87176,9.26393],[34.85968,9.26038],[34.856,9.25763],[34.85158,9.25144],[34.83641,9.25238],[34.82992,9.25611],[34.82438,9.25009],[34.82356,9.24187],[34.82211,9.23986],[34.81646,9.24578],[34.80546,9.24662],[34.79709,9.24982],[34.79146,9.24956],[34.7887,9.24271],[34.78522,9.23885],[34.78404,9.23301],[34.78105,9.22799],[34.78151,9.22209],[34.77984,9.21896],[34.78028,9.2127],[34.77911,9.21074],[34.78039,9.205],[34.77776,9.20273],[34.77796,9.19623],[34.77944,9.19585],[34.77818,9.19486],[34.77885,9.18692],[34.78148,9.18232],[34.7789,9.17871],[34.77782,9.17363],[34.70962,9.17283],[34.69867,9.17489],[34.59625,9.14035],[34.5934,9.14129],[34.59083,9.1398],[34.58612,9.14336],[34.58444,9.15015],[34.58205,9.15262],[34.57609,9.15519],[34.56853,9.162],[34.56577,9.16817],[34.56174,9.1678],[34.55705,9.1698],[34.55546,9.16875],[34.54875,9.1761],[34.54468,9.18497],[34.54207,9.18667],[34.53722,9.18626],[34.53324,9.18821],[34.52776,9.18873],[34.52331,9.18483],[34.52051,9.18393],[34.51729,9.18523],[34.5136,9.17645],[34.51522,9.17338],[34.51475,9.17073],[34.50593,9.16799],[34.49663,9.16011],[34.48973,9.15837],[34.4877,9.15641],[34.48618,9.1501],[34.48093,9.14878],[34.47555,9.1522],[34.4678,9.15176],[34.46261,9.15341],[34.44508,9.14893],[34.43152,9.15311],[34.42092,9.15389],[34.41297,9.15158],[34.40669,9.14643],[34.39303,9.14075],[34.38649,9.13376],[34.379,9.13061],[34.39327,9.11633],[34.42684,9.0718],[34.45833,9.07318],[34.48367,9.04715],[34.50371,9.00413],[34.43065,8.96744],[34.13441,8.96256],[34.13499,8.95528],[34.12425,8.65148],[34.18964,8.65163],[34.22352,8.66977],[34.23518,8.68615],[34.25573,8.70264],[34.27939,8.70884],[34.31243,8.6821],[34.34547,8.6001],[34.35359,8.55567],[34.35822,8.52204],[34.35743,8.49993],[34.34406,8.46924],[34.33491,8.43861],[34.31521,8.40679],[34.3133,8.38993],[34.32919,8.38696],[34.34728,8.37665],[34.43635,8.42177],[34.4712,8.44758],[34.52269,8.47554],[34.55653,8.45513],[34.57427,8.40348],[34.63034,8.402],[34.66743,8.39504],[34.72875,8.39002],[34.76764,8.36338],[34.78525,8.35524],[34.79507,8.32691],[34.7858,8.30364],[34.82643,8.26194],[34.85509,8.25065],[34.88258,8.25093],[34.96504,8.24722],[34.96892,8.26186],[34.96515,8.26543],[34.96696,8.26748],[34.97115,8.28147],[34.97712,8.29084],[34.97722,8.29764],[34.97931,8.30238],[34.97705,8.31007],[34.98204,8.32767],[34.98036,8.33023],[34.97409,8.33323],[34.97161,8.33823],[34.96868,8.3405],[34.96109,8.33777],[34.95899,8.33839],[34.95302,8.34772],[34.95274,8.35388],[34.95727,8.37235],[34.96517,8.38377],[34.96567,8.39572],[34.96449,8.40193],[34.97411,8.41175],[34.97144,8.41958],[34.97483,8.42788],[34.97486,8.43266],[34.97901,8.44453],[34.98424,8.4472],[34.99159,8.45592],[34.9954,8.46591]]]}},{"type":"Feature","id":"horo_gudru_wellega","properties":{"zone_id":"horo_gudru_wellega","prototype_id":"horo-gudru","pcode":"ET0419","name_en":"Horo Gudru Wellega","name_om":"Horo Guduruu Wallagga","name_am":"ሆሮ ጉድሩ ወለጋ","name_om_verification":"pending_bureau_signoff","name_am_verification":"pending_bureau_signoff","source_dataset_id":"cod-ab-eth-v04","source_organization":"UN-OCHA FIS / Ethiopia CSA + BoFED","admin_level":"zone","area_sqkm":8166.78310475,"valid_on":"2025-01-01"},"geometry":{"type":"Polygon","coordinates":[[[37.20817,9.22381],[37.21069,9.21857],[37.23208,9.21324],[37.24037,9.20675],[37.24399,9.20533],[37.24574,9.20038],[37.24724,9.20081],[37.25543,9.19698],[37.27525,9.1822],[37.28109,9.1802],[37.28409,9.17591],[37.28834,9.17459],[37.29011,9.17247],[37.29541,9.17054],[37.30312,9.17033],[37.31236,9.16428],[37.31635,9.16554],[37.31795,9.16402],[37.32028,9.16487],[37.32604,9.16321],[37.32926,9.16053],[37.33365,9.1605],[37.33705,9.15882],[37.34165,9.15981],[37.35693,9.15807],[37.37117,9.15896],[37.38951,9.16306],[37.39056,9.16343],[37.3898,9.16602],[37.39167,9.17449],[37.3916,9.18404],[37.40403,9.19919],[37.40919,9.21844],[37.41813,9.23876],[37.41786,9.24489],[37.42512,9.25577],[37.43308,9.26187],[37.43993,9.28481],[37.4431,9.28736],[37.4472,9.29594],[37.4577,9.30748],[37.46095,9.31408],[37.46676,9.31991],[37.47742,9.32437],[37.49148,9.32583],[37.4982,9.32922],[37.51223,9.32679],[37.53214,9.32102],[37.53785,9.32419],[37.54778,9.32312],[37.55355,9.324],[37.56254,9.31985],[37.57835,9.31671],[37.58247,9.32164],[37.58559,9.32142],[37.58787,9.32781],[37.58979,9.32801],[37.59295,9.33452],[37.60242,9.34091],[37.60436,9.34787],[37.6088,9.34645],[37.61265,9.348],[37.62435,9.35623],[37.62719,9.36135],[37.63542,9.36083],[37.63639,9.35856],[37.63993,9.35782],[37.64781,9.36321],[37.64789,9.36569],[37.64586,9.3677],[37.6499,9.36934],[37.65364,9.37283],[37.65182,9.37351],[37.64995,9.3807],[37.65346,9.38514],[37.651,9.38779],[37.65174,9.38945],[37.65019,9.39237],[37.65324,9.39489],[37.65374,9.40322],[37.65667,9.40243],[37.65915,9.40465],[37.65722,9.4067],[37.65741,9.40814],[37.66001,9.41067],[37.65807,9.41248],[37.66385,9.41336],[37.66445,9.41574],[37.66297,9.41738],[37.65728,9.41696],[37.65604,9.41925],[37.65358,9.42015],[37.65292,9.4249],[37.64367,9.43921],[37.6427,9.44669],[37.63533,9.4541],[37.63635,9.45858],[37.63427,9.45982],[37.6373,9.46335],[37.64018,9.47815],[37.63553,9.48368],[37.63914,9.49604],[37.63718,9.50503],[37.63774,9.50981],[37.63608,9.51612],[37.63202,9.51689],[37.63057,9.51849],[37.62833,9.52547],[37.62597,9.52826],[37.62723,9.5299],[37.62524,9.53287],[37.62516,9.53557],[37.6207,9.54266],[37.62033,9.54473],[37.62546,9.5542],[37.62498,9.56874],[37.62066,9.5725],[37.61865,9.57725],[37.61667,9.59799],[37.62106,9.6058],[37.62501,9.6167],[37.62913,9.6222],[37.6291,9.6257],[37.62709,9.63753],[37.62352,9.64187],[37.62058,9.65961],[37.6163,9.67123],[37.61858,9.6845],[37.62312,9.68689],[37.62839,9.6936],[37.63038,9.71052],[37.62944,9.71914],[37.63135,9.7387],[37.6407,9.74661],[37.64213,9.75122],[37.63912,9.76511],[37.63745,9.7836],[37.63274,9.79207],[37.63607,9.81539],[37.63673,9.83339],[37.64635,9.84384],[37.65723,9.84875],[37.66908,9.85212],[37.66912,9.86018],[37.66693,9.85946],[37.66185,9.86048],[37.65158,9.86911],[37.64138,9.88248],[37.63662,9.88555],[37.62357,9.88904],[37.61823,9.89389],[37.61745,9.90169],[37.61283,9.90941],[37.59932,9.91779],[37.5924,9.91876],[37.58967,9.92685],[37.59063,9.93298],[37.58693,9.9394],[37.57432,9.94195],[37.55723,9.95386],[37.55293,9.95855],[37.55136,9.97343],[37.54616,9.97744],[37.52924,9.99618],[37.51973,9.99991],[37.5016,9.99795],[37.48855,10.00304],[37.48313,10.00351],[37.47807,10.00918],[37.47575,10.01494],[37.46133,10.01211],[37.45322,10.01233],[37.44447,10.01456],[37.43985,10.01779],[37.43425,10.02504],[37.42435,10.03379],[37.39828,10.04615],[37.3873,10.04654],[37.3804,10.0431],[37.37358,10.0422],[37.36754,10.04356],[37.36219,10.04318],[37.35698,10.04023],[37.3493,10.01195],[37.34475,10.00582],[37.3393,10.00452],[37.32954,10.00585],[37.32325,10.0081],[37.31782,10.01805],[37.30561,10.02665],[37.29972,10.03878],[37.29654,10.05285],[37.28771,10.06288],[37.28251,10.06489],[37.27164,10.07364],[37.26188,10.07667],[37.24075,10.07561],[37.22509,10.08165],[37.21332,10.08791],[37.1955,10.10453],[37.19074,10.11156],[37.17978,10.14438],[37.17598,10.15132],[37.17183,10.15531],[37.1677,10.16327],[37.16831,10.1685],[37.17096,10.17396],[37.18252,10.18801],[37.19343,10.20601],[37.19749,10.21388],[37.1999,10.2233],[37.196,10.23091],[37.19037,10.23627],[37.18181,10.24126],[37.17453,10.24331],[37.13484,10.24598],[37.11461,10.2507],[37.09417,10.25823],[37.0871,10.25949],[37.0781,10.26337],[37.07435,10.27073],[37.06971,10.27608],[37.06184,10.28173],[37.05077,10.2836],[37.04587,10.2884],[37.04009,10.28536],[37.0308,10.2861],[37.01327,10.28494],[37.0072,10.28885],[36.9971,10.30297],[36.98961,10.30878],[36.97992,10.31403],[36.97165,10.31509],[36.96475,10.31188],[36.95368,10.3125],[36.93077,10.31094],[36.92464,10.31379],[36.91917,10.31419],[36.89796,10.31285],[36.88874,10.31552],[36.88311,10.32065],[36.87582,10.33377],[36.86924,10.34069],[36.83961,10.3408],[36.83358,10.34247],[36.81701,10.34174],[36.81535,10.34031],[36.81796,10.33457],[36.82048,10.33373],[36.82336,10.33547],[36.82559,10.33424],[36.82561,10.33132],[36.83124,10.32397],[36.83053,10.31888],[36.83557,10.31575],[36.83434,10.30465],[36.8375,10.28789],[36.84129,10.28452],[36.84633,10.28245],[36.84625,10.27543],[36.85168,10.2687],[36.85097,10.25915],[36.86078,10.25525],[36.8654,10.25031],[36.86558,10.24201],[36.86331,10.24228],[36.8631,10.24111],[36.86405,10.23581],[36.86595,10.23362],[36.86086,10.22962],[36.86202,10.22506],[36.85992,10.21438],[36.86175,10.21107],[36.8593,10.20649],[36.8599,10.20358],[36.85547,10.2013],[36.85954,10.19846],[36.85637,10.19614],[36.85728,10.1906],[36.85548,10.18936],[36.85255,10.18999],[36.85333,10.18504],[36.84748,10.18322],[36.85244,10.18126],[36.85282,10.17899],[36.85709,10.17624],[36.86215,10.17747],[36.86572,10.17683],[36.86602,10.17544],[36.8628,10.17308],[36.86311,10.17069],[36.86645,10.1699],[36.87045,10.16646],[36.87126,10.16766],[36.87411,10.16782],[36.87644,10.16544],[36.87629,10.16265],[36.87834,10.15912],[36.88238,10.1625],[36.88662,10.16281],[36.8887,10.15522],[36.89052,10.15353],[36.88872,10.14926],[36.88984,10.14693],[36.88874,10.14544],[36.89107,10.14325],[36.89094,10.13825],[36.89734,10.13332],[36.89639,10.13121],[36.89358,10.13089],[36.89789,10.12561],[36.8959,10.11979],[36.89629,10.11613],[36.88779,10.10876],[36.8861,10.10186],[36.88674,10.09793],[36.88786,10.10291],[36.88983,10.10417],[36.89148,10.10337],[36.89242,10.09902],[36.89101,10.09235],[36.89682,10.08948],[36.895,10.07616],[36.89642,10.07165],[36.89515,10.06468],[36.89639,10.06331],[36.89597,10.06167],[36.89989,10.0603],[36.90048,10.05868],[36.89687,10.04916],[36.89999,10.04433],[36.8967,10.03952],[36.89744,10.03619],[36.8963,10.03321],[36.89804,10.03004],[36.89355,10.01775],[36.89457,10.01689],[36.90166,10.01809],[36.90675,10.01482],[36.91199,10.01681],[36.91447,10.01154],[36.91284,10.00842],[36.91339,10.00618],[36.91575,10.00605],[36.91707,10.00357],[36.91335,10.00147],[36.91182,9.99907],[36.91297,9.99276],[36.91175,9.99178],[36.90317,9.99372],[36.90173,9.99034],[36.90541,9.98609],[36.89982,9.98596],[36.89409,9.97752],[36.90115,9.97247],[36.90104,9.96551],[36.90344,9.96392],[36.91497,9.96195],[36.91854,9.95836],[36.92,9.95454],[36.91792,9.94534],[36.9101,9.93576],[36.90781,9.93113],[36.90262,9.92789],[36.89963,9.91947],[36.89645,9.91539],[36.90339,9.90623],[36.90765,9.90401],[36.90743,9.90769],[36.9154,9.91362],[36.91908,9.9194],[36.92681,9.91845],[36.929,9.91705],[36.92213,9.91445],[36.91929,9.91106],[36.91735,9.90658],[36.91906,9.89915],[36.9168,9.89876],[36.91475,9.90214],[36.91335,9.90223],[36.90687,9.89606],[36.90743,9.89484],[36.91282,9.89717],[36.91445,9.89582],[36.91148,9.89251],[36.90867,9.88142],[36.90861,9.87935],[36.91294,9.87708],[36.9129,9.87165],[36.90759,9.86718],[36.91131,9.86182],[36.91524,9.85898],[36.90621,9.85468],[36.9075,9.85106],[36.90463,9.8499],[36.90549,9.84792],[36.91246,9.84322],[36.90977,9.84183],[36.91032,9.84076],[36.91236,9.84083],[36.91324,9.83897],[36.9108,9.83716],[36.91097,9.83502],[36.91183,9.83388],[36.9151,9.83516],[36.91738,9.83288],[36.91973,9.82378],[36.92225,9.82083],[36.91926,9.81843],[36.92052,9.81645],[36.91799,9.81217],[36.91773,9.80848],[36.91303,9.8044],[36.91098,9.80445],[36.9068,9.8084],[36.90304,9.80163],[36.89834,9.79995],[36.89629,9.79659],[36.88945,9.79617],[36.88606,9.78969],[36.88365,9.78991],[36.88035,9.79386],[36.87414,9.785],[36.87466,9.78242],[36.8765,9.7808],[36.87581,9.77958],[36.86748,9.77695],[36.86662,9.77546],[36.86522,9.77612],[36.86463,9.77851],[36.86449,9.77731],[36.85713,9.77459],[36.85569,9.77666],[36.85381,9.77648],[36.84821,9.77121],[36.84616,9.76737],[36.83964,9.76919],[36.83475,9.76756],[36.83192,9.77299],[36.82879,9.77216],[36.82188,9.77465],[36.82013,9.77014],[36.81546,9.77162],[36.81099,9.76958],[36.80347,9.76293],[36.79876,9.75633],[36.79136,9.75977],[36.7902,9.7524],[36.78704,9.74671],[36.7862,9.74202],[36.77545,9.74171],[36.77686,9.74033],[36.7763,9.73375],[36.78117,9.73287],[36.78522,9.72269],[36.78199,9.71492],[36.78254,9.70845],[36.77376,9.70179],[36.77285,9.69693],[36.7688,9.69685],[36.76921,9.69375],[36.76373,9.68852],[36.76093,9.68832],[36.7571,9.69121],[36.74849,9.69275],[36.73329,9.68777],[36.72512,9.6877],[36.72188,9.68897],[36.71925,9.68598],[36.71723,9.68559],[36.71592,9.68701],[36.71156,9.68263],[36.70821,9.68278],[36.7024,9.67973],[36.70031,9.67507],[36.69289,9.67522],[36.6914,9.67353],[36.69042,9.66575],[36.68815,9.66005],[36.68835,9.65833],[36.69023,9.65801],[36.68937,9.65343],[36.67531,9.64059],[36.67463,9.635],[36.67317,9.63404],[36.6766,9.62782],[36.67674,9.62585],[36.67395,9.62117],[36.67637,9.61974],[36.67585,9.61398],[36.6795,9.61033],[36.67767,9.6064],[36.67975,9.60289],[36.67433,9.59973],[36.67441,9.59578],[36.66643,9.5864],[36.66754,9.58261],[36.66579,9.57872],[36.66812,9.57606],[36.669,9.57078],[36.66302,9.56401],[36.66298,9.55655],[36.66567,9.55333],[36.66439,9.55096],[36.66497,9.54905],[36.66771,9.54834],[36.67115,9.54411],[36.66942,9.53988],[36.66623,9.53872],[36.66556,9.53406],[36.66177,9.52823],[36.66268,9.5248],[36.66673,9.52151],[36.66461,9.52174],[36.66446,9.51761],[36.66252,9.51756],[36.66171,9.5155],[36.66172,9.506],[36.67084,9.49883],[36.67507,9.48927],[36.67859,9.48757],[36.67607,9.48387],[36.67785,9.48322],[36.67822,9.47915],[36.68014,9.47993],[36.68121,9.47865],[36.68148,9.46987],[36.68489,9.47157],[36.68671,9.46627],[36.6906,9.46869],[36.69248,9.46794],[36.69403,9.46675],[36.69395,9.46345],[36.69747,9.46362],[36.69843,9.46073],[36.70471,9.45677],[36.70767,9.44696],[36.70643,9.44367],[36.7141,9.44394],[36.72171,9.43958],[36.72692,9.43341],[36.72937,9.4213],[36.7337,9.41657],[36.74202,9.41777],[36.75227,9.42392],[36.75421,9.42378],[36.75946,9.41991],[36.76146,9.41371],[36.77135,9.41614],[36.77452,9.41416],[36.77496,9.41204],[36.78116,9.41327],[36.78319,9.41137],[36.78463,9.41194],[36.78478,9.41346],[36.78955,9.41061],[36.79098,9.41382],[36.79518,9.41192],[36.79984,9.41523],[36.79934,9.41731],[36.80144,9.4166],[36.80312,9.41813],[36.80747,9.42456],[36.81553,9.42445],[36.82459,9.4301],[36.82846,9.43037],[36.83118,9.4331],[36.83188,9.43751],[36.82751,9.44636],[36.82944,9.44813],[36.83205,9.45558],[36.82968,9.46133],[36.86104,9.47784],[36.86208,9.47808],[36.86378,9.47364],[36.86811,9.47484],[36.872,9.48294],[36.88382,9.48813],[36.88938,9.47978],[36.8924,9.46811],[36.89404,9.46692],[36.89291,9.46435],[36.89759,9.46334],[36.89789,9.46694],[36.89965,9.46839],[36.90172,9.46601],[36.90555,9.46709],[36.90768,9.46612],[36.90753,9.4638],[36.90924,9.46272],[36.90563,9.45476],[36.914,9.44417],[36.91766,9.44471],[36.91797,9.44127],[36.92278,9.44274],[36.92666,9.44572],[36.93487,9.44709],[36.93587,9.44915],[36.94054,9.44956],[36.9413,9.45153],[36.94021,9.45409],[36.94361,9.46153],[36.94764,9.46457],[36.95008,9.46871],[36.9552,9.47063],[36.9602,9.46631],[36.964,9.45826],[36.98094,9.458],[36.98371,9.45328],[36.99829,9.44898],[36.99951,9.44933],[37.00055,9.45326],[37.03147,9.45862],[37.031,9.45271],[37.03599,9.44824],[37.03492,9.42759],[37.05681,9.42986],[37.06326,9.42583],[37.0624,9.40988],[37.05383,9.39068],[37.05216,9.37906],[37.05311,9.3679],[37.06016,9.35904],[37.0685,9.35485],[37.07258,9.34899],[37.07283,9.34579],[37.06928,9.34565],[37.06567,9.33817],[37.0642,9.32915],[37.06747,9.32184],[37.06933,9.32223],[37.07544,9.32914],[37.07729,9.32925],[37.0808,9.32448],[37.0814,9.31809],[37.08461,9.31129],[37.08436,9.30763],[37.08822,9.30244],[37.1049,9.31068],[37.11327,9.30769],[37.12554,9.28592],[37.13827,9.27809],[37.14098,9.27853],[37.14476,9.27422],[37.15646,9.26793],[37.15826,9.25671],[37.15432,9.25319],[37.15592,9.252],[37.1708,9.24966],[37.18206,9.24134],[37.18547,9.24173],[37.19816,9.23829],[37.20632,9.22501],[37.20817,9.22381]]]}},{"type":"Feature","id":"shager_city","properties":{"zone_id":"shager_city","prototype_id":"shager","pcode":"ET0420","name_en":"Shager City","name_om":"Magaalaa Shaggar","name_am":"ሸገር ከተማ","name_om_verification":"pending_bureau_signoff","name_am_verification":"pending_bureau_signoff","source_dataset_id":"cod-ab-eth-v04","source_organization":"UN-OCHA FIS / Ethiopia CSA + BoFED","admin_level":"zone","area_sqkm":1500.15587703,"valid_on":"2025-01-01"},"geometry":{"type":"Polygon","coordinates":[[[38.70635,8.77123],[38.71099,8.76715],[38.71309,8.77032],[38.71282,8.77223],[38.71614,8.77426],[38.71927,8.77957],[38.72419,8.78194],[38.73455,8.78043],[38.73934,8.7868],[38.74253,8.78848],[38.74643,8.78761],[38.74874,8.78839],[38.7514,8.79118],[38.75398,8.79178],[38.76048,8.79187],[38.76985,8.78694],[38.77408,8.78385],[38.77552,8.78092],[38.78261,8.78013],[38.78332,8.77838],[38.78672,8.77707],[38.7954,8.78854],[38.79727,8.79333],[38.80437,8.78959],[38.82341,8.7881],[38.8287,8.79182],[38.83077,8.79564],[38.84585,8.803],[38.85469,8.80415],[38.8624,8.80832],[38.86808,8.81975],[38.87345,8.82018],[38.87535,8.82197],[38.87474,8.8235],[38.88044,8.83425],[38.88345,8.83486],[38.88342,8.83719],[38.88684,8.84124],[38.88686,8.8457],[38.89108,8.84356],[38.8937,8.83964],[38.89457,8.8438],[38.90305,8.84236],[38.90469,8.8448],[38.9097,8.84204],[38.91022,8.84045],[38.92241,8.8366],[38.92627,8.83392],[38.93164,8.8371],[38.93949,8.83809],[38.94047,8.84132],[38.93891,8.84408],[38.94104,8.84715],[38.94129,8.85148],[38.94424,8.85805],[38.95521,8.8683],[38.95666,8.87403],[38.96323,8.88046],[38.96313,8.89319],[38.9691,8.90138],[38.97035,8.90779],[38.96905,8.90942],[38.97088,8.91301],[38.97124,8.91734],[38.97529,8.92034],[38.97281,8.92138],[38.97829,8.92898],[38.97962,8.93532],[38.97651,8.93521],[38.97443,8.93307],[38.96968,8.93134],[38.96957,8.93886],[38.97709,8.94305],[38.97879,8.94251],[38.98337,8.94431],[38.99035,8.95981],[38.98858,8.96377],[38.99016,8.96711],[38.98962,8.96792],[38.98801,8.96648],[38.98823,8.96928],[38.98672,8.96965],[38.98863,8.97321],[38.98385,8.97276],[38.98187,8.97921],[38.9774,8.98242],[38.97733,8.98779],[38.97257,8.99228],[38.96854,8.99229],[38.9675,9.00579],[38.97131,9.00307],[38.97812,9.00308],[38.98324,9.00823],[38.98784,9.00954],[38.98849,9.01547],[38.99749,9.01759],[39.00105,9.03487],[39.00371,9.03801],[38.9992,9.0414],[38.99689,9.04142],[38.99874,9.04187],[38.99899,9.04992],[38.9902,9.06786],[38.99269,9.07317],[38.9976,9.07665],[39.00048,9.07714],[38.99917,9.07802],[39.00376,9.09331],[38.99865,9.09496],[38.99993,9.10147],[38.99686,9.10429],[38.99759,9.10569],[38.99499,9.10579],[38.99362,9.11442],[38.99191,9.11364],[38.99013,9.11682],[38.9847,9.11859],[38.97477,9.13374],[38.97069,9.1353],[38.97152,9.13879],[38.96333,9.14391],[38.96215,9.14776],[38.96353,9.15081],[38.96059,9.15488],[38.94747,9.16358],[38.94469,9.16695],[38.94592,9.16827],[38.9452,9.17136],[38.94968,9.17826],[38.95076,9.1842],[38.95172,9.18281],[38.95251,9.18399],[38.95215,9.19182],[38.94624,9.19945],[38.93718,9.20385],[38.92585,9.20039],[38.91525,9.19517],[38.91257,9.19807],[38.90605,9.19571],[38.90168,9.1964],[38.90036,9.19333],[38.89415,9.18906],[38.86521,9.18547],[38.85757,9.18579],[38.83772,9.19543],[38.82617,9.19688],[38.80984,9.2025],[38.80785,9.20701],[38.80499,9.2084],[38.80086,9.21508],[38.79862,9.21631],[38.79825,9.21961],[38.79177,9.2205],[38.79094,9.22237],[38.78139,9.22287],[38.78134,9.22418],[38.77871,9.2239],[38.77364,9.22938],[38.77099,9.2301],[38.76094,9.23246],[38.75891,9.23139],[38.75175,9.23195],[38.74598,9.22776],[38.748,9.22699],[38.74517,9.22433],[38.74698,9.22446],[38.74513,9.21917],[38.74695,9.2169],[38.74989,9.21589],[38.74829,9.21471],[38.74321,9.21481],[38.74177,9.21186],[38.73804,9.2111],[38.7394,9.20782],[38.73693,9.20895],[38.73622,9.2121],[38.73613,9.20916],[38.73351,9.20995],[38.73338,9.21176],[38.73238,9.2097],[38.72875,9.21065],[38.72993,9.20929],[38.72764,9.20804],[38.7274,9.20916],[38.72521,9.20942],[38.72588,9.21304],[38.72418,9.21358],[38.72384,9.21214],[38.72252,9.21479],[38.72131,9.21418],[38.7195,9.21588],[38.71736,9.21377],[38.71744,9.21181],[38.71535,9.21103],[38.71534,9.2091],[38.71258,9.20773],[38.71334,9.2047],[38.71495,9.20452],[38.71293,9.20171],[38.71413,9.19991],[38.71172,9.19545],[38.7129,9.19474],[38.70989,9.1947],[38.7097,9.1929],[38.70576,9.1902],[38.70598,9.18731],[38.691,9.18653],[38.68758,9.18422],[38.68365,9.17767],[38.67252,9.17521],[38.67161,9.17106],[38.67367,9.16445],[38.67186,9.15961],[38.66516,9.15163],[38.66063,9.14955],[38.65255,9.15075],[38.63619,9.15737],[38.63267,9.16021],[38.62514,9.1576],[38.61993,9.16143],[38.61554,9.15805],[38.60422,9.14519],[38.59307,9.13836],[38.57548,9.13498],[38.57075,9.1357],[38.5648,9.13117],[38.56383,9.1287],[38.55462,9.13095],[38.55233,9.12309],[38.54892,9.11837],[38.54416,9.11573],[38.54197,9.10081],[38.54419,9.09955],[38.54434,9.09599],[38.54251,9.09307],[38.5417,9.08781],[38.54738,9.07313],[38.54568,9.06875],[38.54324,9.06765],[38.54283,9.06117],[38.53793,9.05806],[38.52693,9.0468],[38.5289,9.03947],[38.527,9.03584],[38.53377,9.03212],[38.53167,9.02511],[38.53361,9.02124],[38.55011,9.01635],[38.55221,9.01343],[38.54858,9.00744],[38.54381,9.00394],[38.54159,9.00005],[38.53004,8.98794],[38.52572,8.98672],[38.52336,8.98433],[38.52421,8.98128],[38.52308,8.96851],[38.52514,8.96625],[38.52158,8.95888],[38.52154,8.95581],[38.52525,8.94878],[38.529,8.94798],[38.53228,8.94559],[38.53038,8.94284],[38.53587,8.94202],[38.53618,8.93951],[38.54557,8.93857],[38.53835,8.93073],[38.53793,8.92388],[38.53597,8.91805],[38.53082,8.91869],[38.52939,8.91632],[38.5286,8.90545],[38.52987,8.90426],[38.5275,8.89892],[38.52521,8.88472],[38.51817,8.86132],[38.51337,8.8582],[38.51592,8.85039],[38.52858,8.84145],[38.53578,8.83837],[38.53408,8.83513],[38.53669,8.83338],[38.5684,8.8203],[38.57668,8.81836],[38.59319,8.81789],[38.59296,8.8158],[38.59611,8.81233],[38.60128,8.8119],[38.60126,8.80739],[38.60825,8.80522],[38.62542,8.80791],[38.62701,8.80842],[38.62698,8.81173],[38.62877,8.81202],[38.62848,8.80555],[38.6348,8.80478],[38.63446,8.80094],[38.63755,8.79606],[38.63672,8.79151],[38.63955,8.78477],[38.63985,8.77569],[38.6436,8.77382],[38.64346,8.77079],[38.64748,8.77033],[38.65119,8.76629],[38.65676,8.76704],[38.65842,8.76479],[38.6652,8.76368],[38.66984,8.76068],[38.6733,8.76062],[38.67921,8.76397],[38.69515,8.7659],[38.70107,8.77051],[38.70635,8.77123]],[[38.68354,9.05004],[38.68369,9.06632],[38.68541,9.07303],[38.70068,9.08051],[38.70675,9.08183],[38.71664,9.08775],[38.7271,9.08571],[38.73802,9.08686],[38.75086,9.09053],[38.76521,9.09815],[38.77125,9.09819],[38.77819,9.09365],[38.79131,9.07768],[38.79996,9.07856],[38.80513,9.08233],[38.82474,9.07589],[38.84257,9.07861],[38.84953,9.07817],[38.85675,9.08352],[38.86822,9.08491],[38.87632,9.08158],[38.88196,9.06856],[38.88294,9.05211],[38.89334,9.03723],[38.905,9.0095],[38.90605,8.99753],[38.90434,8.99216],[38.90624,8.97742],[38.90278,8.96241],[38.89623,8.95484],[38.9011,8.94614],[38.89676,8.93703],[38.89142,8.93433],[38.86142,8.94268],[38.85556,8.93829],[38.86083,8.93218],[38.87349,8.92375],[38.87945,8.91831],[38.87331,8.90509],[38.87749,8.89579],[38.86983,8.88077],[38.86872,8.87304],[38.86381,8.88285],[38.85839,8.88364],[38.84708,8.88002],[38.84069,8.87985],[38.83298,8.88291],[38.826,8.88019],[38.82694,8.87367],[38.82941,8.86878],[38.82391,8.85276],[38.82439,8.84133],[38.81749,8.83929],[38.81255,8.84002],[38.79758,8.83349],[38.79202,8.83578],[38.78059,8.83592],[38.77838,8.84181],[38.77747,8.85242],[38.77299,8.85747],[38.76156,8.85361],[38.75647,8.85324],[38.75412,8.85859],[38.74552,8.86342],[38.7452,8.86949],[38.74729,8.87716],[38.74316,8.88041],[38.74448,8.89211],[38.74359,8.90259],[38.73652,8.90129],[38.73107,8.90509],[38.71914,8.91972],[38.70843,8.92092],[38.70197,8.92563],[38.69683,8.93271],[38.69384,8.9419],[38.6879,8.93974],[38.68064,8.94109],[38.68096,8.94966],[38.67623,8.9576],[38.64282,8.96585],[38.63941,8.97404],[38.65464,8.97694],[38.65939,8.9854],[38.65779,8.99482],[38.65105,9.00249],[38.65194,9.01028],[38.66008,9.00934],[38.66704,9.01003],[38.66722,9.02623],[38.67208,9.03315],[38.6726,9.03867],[38.68354,9.05004]]]}},{"type":"Feature","id":"east_bale","properties":{"zone_id":"east_bale","prototype_id":"e-bale","pcode":"ET0421","name_en":"East Bale","name_om":"Baale Bahaa","name_am":"ምሥራቅ ባሌ","name_om_verification":"pending_bureau_signoff","name_am_verification":"pending_bureau_signoff","source_dataset_id":"cod-ab-eth-v04","source_organization":"UN-OCHA FIS / Ethiopia CSA + BoFED","admin_level":"zone","area_sqkm":25292.45429618,"valid_on":"2025-01-01"},"geometry":{"type":"Polygon","coordinates":[[[41.07121,6.6879],[41.07208,6.69433],[41.08229,6.69288],[41.08255,6.69378],[41.13103,6.69126],[41.15629,6.67689],[41.17433,6.65893],[41.22847,6.62301],[41.35839,6.56553],[41.38004,6.56553],[41.43779,6.54397],[41.52801,6.46494],[41.61969,6.36172],[41.63335,6.39139],[41.65613,6.40918],[41.68417,6.42414],[41.69033,6.42942],[41.7045,6.45241],[41.73893,6.51991],[41.75788,6.54054],[41.79877,6.55747],[41.81966,6.57048],[41.85367,6.56891],[41.86073,6.53534],[41.88798,6.53535],[41.93641,6.55318],[41.99954,6.58985],[42.00404,6.59763],[42.00648,6.61439],[42.00038,6.62865],[41.99918,6.64162],[42.01346,6.65861],[42.01464,6.68045],[42.02549,6.70642],[42.05553,6.74876],[42.06288,6.82592],[42.06692,6.84109],[42.07552,6.86399],[42.07623,6.88674],[42.09873,6.91574],[42.10605,6.93022],[42.13416,6.95417],[42.13994,6.96727],[42.16264,7.00712],[42.15761,7.05133],[42.18696,7.0964],[42.2047,7.14104],[42.20346,7.19463],[42.20984,7.2269],[42.20985,7.264],[42.19911,7.29144],[42.17493,7.30011],[42.14599,7.31324],[41.89612,7.41121],[41.86746,7.53123],[41.86143,7.53061],[41.84608,7.55701],[41.81944,7.56181],[41.75291,7.61287],[41.70074,7.634],[41.70568,7.65855],[41.67649,7.67039],[41.67385,7.69542],[41.64841,7.71098],[41.64839,7.71861],[41.64169,7.72544],[41.63447,7.72776],[41.63343,7.7271],[41.62333,7.73357],[41.61884,7.75306],[41.61561,7.75656],[41.60765,7.76161],[41.60388,7.76691],[41.60536,7.77507],[41.6113,7.78288],[41.61241,7.78716],[41.61113,7.79872],[41.60737,7.80415],[41.60318,7.80742],[41.60144,7.81095],[41.60433,7.82833],[41.60373,7.84117],[41.58756,7.86245],[41.58478,7.86247],[41.58318,7.86095],[41.57538,7.84814],[41.57372,7.84704],[41.57158,7.84796],[41.56998,7.85142],[41.57084,7.86016],[41.57009,7.86829],[41.56269,7.8788],[41.5623,7.88799],[41.56408,7.89626],[41.55637,7.90881],[41.55666,7.91259],[41.55962,7.91909],[41.55895,7.92173],[41.55249,7.9286],[41.54624,7.92641],[41.54287,7.93014],[41.53908,7.93185],[41.53655,7.93529],[41.5385,7.94417],[41.53593,7.95111],[41.53757,7.96684],[41.53533,7.97049],[41.53038,7.97237],[41.52868,7.97444],[41.52522,7.99394],[41.52609,8.00769],[41.52469,8.01401],[41.52809,8.02513],[41.52705,8.03522],[41.52795,8.04571],[41.52726,8.05206],[41.52352,8.05942],[41.52226,8.07705],[41.51559,8.08467],[41.51508,8.09051],[41.51283,8.09512],[41.51324,8.10424],[41.5063,8.11179],[41.5018,8.11929],[41.50258,8.12375],[41.49943,8.1261],[41.49855,8.12892],[41.49368,8.13169],[41.48788,8.13173],[41.48722,8.1329],[41.47695,8.13498],[41.4664,8.12842],[41.46189,8.12845],[41.45783,8.12357],[41.45254,8.12453],[41.44324,8.11632],[41.43868,8.11784],[41.43285,8.1134],[41.42819,8.117],[41.42688,8.11649],[41.42496,8.11784],[41.42096,8.11662],[41.41736,8.11315],[41.40094,8.12419],[41.39102,8.12198],[41.38575,8.12874],[41.37843,8.13025],[41.37473,8.1324],[41.36681,8.13272],[41.36186,8.13447],[41.35668,8.14204],[41.35263,8.1444],[41.34921,8.14915],[41.3329,8.15814],[41.32497,8.15454],[41.31886,8.15653],[41.31361,8.15344],[41.31145,8.15455],[41.30825,8.15297],[41.30215,8.15491],[41.29098,8.15237],[41.28205,8.14501],[41.27979,8.14445],[41.27596,8.13804],[41.26565,8.13512],[41.2618,8.13528],[41.25889,8.13242],[41.25421,8.13292],[41.24959,8.13116],[41.24808,8.13213],[41.24302,8.12842],[41.24063,8.12943],[41.23642,8.12767],[41.22607,8.13036],[41.21997,8.12347],[41.21797,8.12327],[41.2144,8.12535],[41.21451,8.1329],[41.21328,8.13448],[41.20978,8.13601],[41.20643,8.13537],[41.20398,8.13378],[41.20183,8.12988],[41.19571,8.13204],[41.19034,8.126],[41.17723,8.12099],[41.17295,8.11786],[41.16815,8.10944],[41.16283,8.10625],[41.16123,8.10173],[41.15541,8.10037],[41.1492,8.09516],[41.14605,8.08902],[41.14694,8.08654],[41.14603,8.08538],[41.1437,8.08779],[41.14012,8.08719],[41.13381,8.08002],[41.12747,8.0793],[41.12388,8.07698],[41.11712,8.08103],[41.11333,8.08064],[41.10881,8.07181],[41.10571,8.07094],[41.09793,8.07166],[41.09478,8.06153],[41.08639,8.06225],[41.08277,8.05612],[41.08264,8.0507],[41.07801,8.04796],[41.0752,8.04174],[41.06993,8.0388],[41.06807,8.03626],[41.06789,8.02818],[41.05769,8.02221],[41.05562,8.01903],[41.0556,8.01528],[41.05176,8.0114],[41.04726,8.01065],[41.04433,8.00871],[41.03725,8.01378],[41.03228,8.0143],[41.02999,8.01162],[41.03077,8.01012],[41.02768,8.0095],[41.02736,8.00457],[41.01886,8.00726],[41.01073,8.00058],[41.00271,8.00189],[40.98975,7.99541],[40.98822,7.98936],[40.98573,7.98616],[40.98378,7.98587],[40.98519,7.98047],[40.98283,7.97534],[40.97714,7.97092],[40.96583,7.97329],[40.95802,7.97004],[40.95808,7.96787],[40.95628,7.96623],[40.94568,7.96938],[40.94185,7.96828],[40.93677,7.96936],[40.93088,7.9625],[40.92532,7.96095],[40.92308,7.96179],[40.9202,7.95725],[40.91634,7.95611],[40.91409,7.95649],[40.91232,7.96195],[40.90955,7.96346],[40.90413,7.95945],[40.90038,7.95902],[40.89594,7.95657],[40.89355,7.95733],[40.89154,7.961],[40.88725,7.96239],[40.88707,7.96002],[40.88196,7.95585],[40.8776,7.95527],[40.87477,7.9576],[40.87199,7.95762],[40.86983,7.96076],[40.86818,7.96107],[40.86358,7.95444],[40.86035,7.95453],[40.85651,7.95742],[40.85163,7.95662],[40.85072,7.95431],[40.84907,7.95364],[40.84629,7.95366],[40.84225,7.95577],[40.83919,7.95922],[40.83283,7.96186],[40.82206,7.95881],[40.81696,7.96003],[40.8127,7.96371],[40.80997,7.95595],[40.80382,7.95515],[40.80212,7.96039],[40.79897,7.96108],[40.78862,7.95271],[40.78375,7.95371],[40.78112,7.95237],[40.779,7.94685],[40.77494,7.94492],[40.77142,7.94546],[40.76518,7.94235],[40.76422,7.93932],[40.75882,7.93524],[40.75221,7.93362],[40.74934,7.92818],[40.74319,7.92887],[40.74033,7.92702],[40.73838,7.91682],[40.73357,7.91445],[40.73201,7.91095],[40.73147,7.90836],[40.73391,7.89896],[40.7304,7.89512],[40.72754,7.88736],[40.72875,7.87828],[40.72483,7.87727],[40.72367,7.87488],[40.72796,7.87079],[40.72237,7.86006],[40.71394,7.85244],[40.71159,7.84114],[40.7088,7.83735],[40.70975,7.83379],[40.71161,7.83228],[40.70938,7.82548],[40.69924,7.82255],[40.69591,7.82435],[40.69697,7.82079],[40.69596,7.81899],[40.69215,7.82456],[40.68738,7.82465],[40.68427,7.8199],[40.67885,7.81628],[40.67392,7.80806],[40.67264,7.80786],[40.67071,7.81262],[40.66836,7.8129],[40.65785,7.80464],[40.65134,7.80553],[40.64601,7.80066],[40.63943,7.80097],[40.63715,7.79836],[40.63748,7.79545],[40.63237,7.7962],[40.62762,7.79128],[40.62538,7.79142],[40.62355,7.78453],[40.61913,7.78101],[40.61824,7.77394],[40.6154,7.77193],[40.61097,7.77221],[40.61021,7.76968],[40.60843,7.76883],[40.6095,7.75969],[40.60493,7.76014],[40.60283,7.75849],[40.60451,7.75451],[40.60369,7.7535],[40.60449,7.74908],[40.59728,7.74398],[40.58523,7.74374],[40.58575,7.7402],[40.5844,7.73855],[40.58671,7.73692],[40.58831,7.73352],[40.58182,7.72899],[40.57969,7.72438],[40.57657,7.72167],[40.57531,7.71866],[40.57529,7.71297],[40.57196,7.7085],[40.56735,7.70713],[40.56556,7.70255],[40.56219,7.70036],[40.56798,7.69553],[40.56812,7.69273],[40.5634,7.69038],[40.55853,7.68401],[40.56143,7.68029],[40.56023,7.67625],[40.56085,7.67357],[40.55141,7.65642],[40.55199,7.65145],[40.5504,7.64954],[40.53351,7.64819],[40.53073,7.64954],[40.53017,7.65356],[40.52346,7.65325],[40.51997,7.65505],[40.51777,7.65901],[40.51225,7.65714],[40.50976,7.6582],[40.50515,7.65621],[40.50083,7.65599],[40.49679,7.65349],[40.49411,7.6545],[40.48088,7.64416],[40.47709,7.64391],[40.47459,7.64182],[40.4719,7.64149],[40.47122,7.63886],[40.46848,7.63705],[40.46556,7.63725],[40.4629,7.6321],[40.45431,7.63134],[40.44828,7.63274],[40.44592,7.63146],[40.44122,7.6321],[40.43556,7.6309],[40.42918,7.63239],[40.41672,7.61974],[40.40722,7.61986],[40.40289,7.61603],[40.3954,7.61328],[40.39663,7.60777],[40.39562,7.60476],[40.39225,7.60338],[40.3864,7.60364],[40.38045,7.60134],[40.37708,7.59699],[40.36855,7.59396],[40.36593,7.59102],[40.3626,7.58338],[40.35582,7.57928],[40.35026,7.57882],[40.34875,7.57225],[40.34163,7.57019],[40.34424,7.56538],[40.34634,7.56399],[40.35225,7.55033],[40.35607,7.54592],[40.36129,7.54246],[40.36415,7.538],[40.3661,7.53268],[40.36568,7.52087],[40.3633,7.51564],[40.38472,7.48915],[40.37222,7.46501],[40.34808,7.45943],[40.33789,7.44478],[40.34231,7.43954],[40.33961,7.42619],[40.35056,7.43923],[40.35794,7.43797],[40.3471,7.41411],[40.36024,7.41225],[40.34407,7.40088],[40.33045,7.4001],[40.35161,7.38908],[40.3542,7.38879],[40.36894,7.39707],[40.36955,7.39434],[40.36546,7.38045],[40.36787,7.37709],[40.37066,7.36817],[40.36351,7.35902],[40.36494,7.35727],[40.35604,7.35693],[40.35605,7.35522],[40.35478,7.35496],[40.35418,7.35684],[40.34125,7.35653],[40.33603,7.35836],[40.33528,7.35545],[40.33253,7.35385],[40.3308,7.35507],[40.32857,7.3536],[40.32648,7.35542],[40.32245,7.35092],[40.32146,7.3461],[40.32281,7.34538],[40.32162,7.34243],[40.32276,7.32711],[40.33681,7.31304],[40.32505,7.31034],[40.32355,7.30305],[40.3237,7.29466],[40.32229,7.29467],[40.30177,7.27643],[40.29999,7.2786],[40.29721,7.2766],[40.29576,7.27407],[40.29619,7.27182],[40.29047,7.26681],[40.29133,7.26576],[40.2905,7.26222],[40.28771,7.25667],[40.28191,7.2564],[40.27692,7.25393],[40.27552,7.25173],[40.27671,7.24847],[40.27963,7.24784],[40.28116,7.24564],[40.28191,7.23822],[40.28353,7.23554],[40.28323,7.23104],[40.29154,7.22164],[40.28942,7.21839],[40.29506,7.21354],[40.29952,7.19707],[40.29499,7.19422],[40.30746,7.18375],[40.31214,7.18534],[40.31366,7.18256],[40.32105,7.18359],[40.32363,7.18148],[40.3294,7.18138],[40.33089,7.17848],[40.33505,7.17691],[40.34468,7.17786],[40.34649,7.17551],[40.35319,7.17527],[40.36056,7.17079],[40.36454,7.16532],[40.36451,7.15774],[40.36712,7.15332],[40.36719,7.15076],[40.37131,7.14544],[40.37175,7.14165],[40.37461,7.13891],[40.37334,7.13394],[40.38142,7.12894],[40.38917,7.12217],[40.39161,7.11525],[40.39584,7.11653],[40.39845,7.11393],[40.40085,7.12551],[40.43404,7.12105],[40.43793,7.10889],[40.45477,7.10147],[40.46079,7.09556],[40.46123,7.10054],[40.45464,7.10707],[40.4662,7.11036],[40.46764,7.1091],[40.47221,7.1097],[40.46681,7.11809],[40.47091,7.12218],[40.46995,7.12543],[40.46748,7.12805],[40.46479,7.12868],[40.43643,7.1318],[40.43372,7.13864],[40.44672,7.14362],[40.46673,7.14282],[40.50706,7.12051],[40.52012,7.13303],[40.51784,7.13792],[40.53303,7.15318],[40.53555,7.14882],[40.53795,7.14852],[40.53956,7.14421],[40.56752,7.1111],[40.57819,7.10786],[40.5889,7.10122],[40.59388,7.10005],[40.61343,7.1019],[40.61677,7.0973],[40.61551,7.09472],[40.61694,7.09165],[40.61555,7.07816],[40.61784,7.07461],[40.61332,7.05697],[40.61682,7.04309],[40.61431,7.03888],[40.61468,7.03391],[40.61658,7.03065],[40.62523,7.02445],[40.63062,7.02422],[40.63398,7.0218],[40.64234,7.02228],[40.64635,7.02015],[40.64768,7.01457],[40.6446,7.00307],[40.64887,6.99541],[40.65494,6.9909],[40.66755,6.98665],[40.67196,6.98326],[40.68086,6.98523],[40.69262,6.98277],[40.69392,6.9798],[40.70681,6.97298],[40.71081,6.96692],[40.71243,6.94817],[40.72181,6.94614],[40.72182,6.94387],[40.71032,6.92654],[40.70341,6.92226],[40.70148,6.91911],[40.72567,6.89116],[40.728,6.89155],[40.72982,6.89021],[40.73998,6.89256],[40.76477,6.88916],[40.75459,6.86938],[40.75872,6.83944],[40.75846,6.83414],[40.7614,6.83225],[40.76044,6.82754],[40.7635,6.82599],[40.76279,6.82317],[40.76549,6.82186],[40.76772,6.81773],[40.76606,6.81491],[40.7658,6.80961],[40.76307,6.8055],[40.75624,6.80694],[40.75519,6.81],[40.75178,6.81108],[40.75071,6.80943],[40.75117,6.80472],[40.74821,6.80273],[40.7489,6.79613],[40.74535,6.79178],[40.74568,6.7866],[40.75191,6.78116],[40.75355,6.77732],[40.69205,6.7303],[40.68937,6.72964],[40.67617,6.73199],[40.65968,6.72894],[40.64331,6.72264],[40.65853,6.69358],[40.65034,6.6855],[40.65349,6.67583],[40.66301,6.66885],[40.64539,6.64818],[40.64914,6.64416],[40.64772,6.6411],[40.65099,6.63343],[40.65075,6.63143],[40.65239,6.62954],[40.6511,6.62895],[40.65132,6.6266],[40.65403,6.62541],[40.65614,6.62199],[40.656,6.61586],[40.66048,6.61467],[40.66174,6.60536],[40.65962,6.6056],[40.6576,6.59948],[40.653,6.59773],[40.65358,6.59573],[40.65853,6.59509],[40.65508,6.5932],[40.65573,6.586],[40.65224,6.583],[40.65195,6.57932],[40.64794,6.57084],[40.64802,6.5673],[40.64371,6.56305],[40.64426,6.55677],[40.64037,6.54942],[40.64407,6.54602],[40.64323,6.54299],[40.64526,6.53831],[40.6447,6.53657],[40.65381,6.52897],[40.65628,6.52316],[40.66113,6.52142],[40.66217,6.51727],[40.66483,6.51478],[40.66506,6.50578],[40.66717,6.50389],[40.66772,6.49802],[40.6667,6.49494],[40.67066,6.48993],[40.67125,6.4857],[40.67033,6.48524],[40.6715,6.48452],[40.67085,6.4836],[40.67313,6.47752],[40.67571,6.47696],[40.67719,6.4745],[40.67779,6.47537],[40.68124,6.47425],[40.68059,6.47122],[40.68362,6.46983],[40.68987,6.46026],[40.69368,6.45965],[40.69549,6.45594],[40.69816,6.45588],[40.70017,6.45302],[40.70229,6.45361],[40.70552,6.45136],[40.70693,6.45183],[40.70693,6.45053],[40.7094,6.45052],[40.7101,6.44887],[40.71258,6.44981],[40.71517,6.44909],[40.71599,6.44673],[40.71822,6.44614],[40.71798,6.44425],[40.72128,6.44424],[40.72103,6.44189],[40.72279,6.43964],[40.72409,6.44011],[40.72514,6.43716],[40.73688,6.42652],[40.73959,6.4258],[40.73995,6.42851],[40.74535,6.42366],[40.7512,6.42202],[40.751,6.42093],[40.75299,6.41987],[40.7538,6.41574],[40.7592,6.40995],[40.7639,6.4077],[40.76658,6.39814],[40.76678,6.38872],[40.76925,6.38541],[40.77477,6.38174],[40.77605,6.37844],[40.77805,6.37725],[40.7812,6.36864],[40.78414,6.36699],[40.78694,6.36026],[40.79059,6.36013],[40.7954,6.35587],[40.79539,6.35234],[40.79692,6.35163],[40.7943,6.3441],[40.79512,6.34233],[40.79795,6.34244],[40.7997,6.33984],[40.79911,6.33796],[40.80051,6.33418],[40.8052,6.32769],[40.81228,6.34202],[40.81735,6.34342],[40.82432,6.35011],[40.83055,6.34785],[40.83409,6.35067],[40.83868,6.35077],[40.8468,6.34756],[40.85055,6.34413],[40.85869,6.34704],[40.86396,6.35103],[40.86444,6.35228],[40.86101,6.36111],[40.85675,6.38591],[40.86036,6.4362],[40.88562,6.47212],[40.90006,6.51164],[40.93615,6.55116],[40.98997,6.60424],[41.01554,6.64456],[41.07121,6.6879]]]}},{"type":"Feature","id":"east_borena","properties":{"zone_id":"east_borena","prototype_id":"e-borena","pcode":"ET0422","name_en":"East Borena","name_om":"Boorana Bahaa","name_am":"ምሥራቅ ቦረና","name_om_verification":"pending_bureau_signoff","name_am_verification":"pending_bureau_signoff","source_dataset_id":"cod-ab-eth-v04","source_organization":"UN-OCHA FIS / Ethiopia CSA + BoFED","admin_level":"zone","area_sqkm":29055.88442922,"valid_on":"2025-01-01"},"geometry":{"type":"Polygon","coordinates":[[[39.43335,4.15899],[39.45801,4.18008],[39.48967,4.20249],[39.52982,4.23548],[39.57504,4.27831],[39.58578,4.29654],[39.61882,4.36847],[39.64206,4.43594],[39.65559,4.46889],[39.67465,4.50519],[39.69015,4.54329],[39.70327,4.56817],[39.70983,4.59737],[39.71701,4.61568],[39.72513,4.63306],[39.73971,4.65473],[39.7459,4.66658],[39.74356,4.72348],[39.75851,4.80107],[39.76507,4.84685],[39.78399,4.89059],[39.80445,4.95148],[39.81286,5.00207],[39.83359,5.03277],[39.8784,5.14032],[39.9073,5.21961],[39.94229,5.28499],[40.03368,5.39679],[40.0634,5.37855],[40.09795,5.36488],[40.13459,5.35787],[40.17443,5.35338],[40.20835,5.35555],[40.24063,5.36608],[40.27667,5.36817],[40.31037,5.37631],[40.3695,5.38641],[40.53289,5.41065],[40.54898,5.42768],[40.5635,5.45391],[40.58104,5.47595],[40.60538,5.49029],[40.63305,5.53007],[40.67958,5.54064],[40.69437,5.56717],[40.75288,5.5944],[40.81148,5.63491],[40.8322,5.6559],[40.865,5.66902],[40.9223,5.68338],[40.8931,5.76105],[40.89061,5.76194],[40.88889,5.76639],[40.88249,5.77148],[40.88023,5.77715],[40.87305,5.77798],[40.86956,5.77691],[40.86676,5.77867],[40.86435,5.77664],[40.86151,5.77623],[40.85313,5.77931],[40.84939,5.78342],[40.84594,5.78349],[40.84458,5.78634],[40.83744,5.7833],[40.83501,5.78716],[40.83387,5.79728],[40.82699,5.79834],[40.82578,5.79951],[40.82566,5.80321],[40.82297,5.80647],[40.82508,5.80991],[40.82285,5.8127],[40.82021,5.82101],[40.81849,5.82048],[40.81811,5.81532],[40.80446,5.81121],[40.80218,5.80605],[40.79595,5.80822],[40.7921,5.81607],[40.7886,5.81804],[40.78839,5.82149],[40.78948,5.82185],[40.78619,5.82675],[40.78623,5.83172],[40.78123,5.83568],[40.77814,5.84126],[40.77069,5.84352],[40.76778,5.84875],[40.76411,5.85138],[40.7629,5.85642],[40.75565,5.85764],[40.74956,5.85303],[40.74084,5.85304],[40.72971,5.85804],[40.72697,5.8656],[40.7169,5.87342],[40.71504,5.87245],[40.7163,5.86769],[40.71534,5.8637],[40.70833,5.86321],[40.7004,5.86662],[40.6971,5.86525],[40.68845,5.87195],[40.68223,5.87276],[40.67869,5.88336],[40.6725,5.88681],[40.66995,5.88553],[40.66486,5.87896],[40.65776,5.86694],[40.64466,5.86047],[40.63987,5.86311],[40.63634,5.86183],[40.63454,5.86302],[40.63723,5.87172],[40.63483,5.87418],[40.6316,5.87263],[40.6255,5.86358],[40.60851,5.8583],[40.60355,5.86813],[40.59693,5.86958],[40.59134,5.8692],[40.5887,5.87052],[40.58234,5.86587],[40.58239,5.86109],[40.58115,5.85938],[40.57383,5.85909],[40.57158,5.85745],[40.56904,5.85869],[40.56457,5.86495],[40.55682,5.86834],[40.54856,5.85666],[40.54576,5.85716],[40.54218,5.86201],[40.53842,5.86299],[40.53633,5.86629],[40.53185,5.8625],[40.5178,5.85749],[40.51049,5.86294],[40.50001,5.86377],[40.49261,5.87088],[40.482,5.87144],[40.47585,5.87595],[40.47166,5.88137],[40.46781,5.88174],[40.46166,5.88582],[40.4529,5.88015],[40.45172,5.87807],[40.44647,5.87818],[40.44359,5.8745],[40.44034,5.87341],[40.43129,5.87705],[40.42269,5.87683],[40.4173,5.8822],[40.41183,5.88229],[40.40735,5.88785],[40.3988,5.88902],[40.39429,5.89116],[40.38895,5.89716],[40.37884,5.89568],[40.37051,5.89015],[40.35222,5.8861],[40.35053,5.88165],[40.34347,5.87715],[40.33937,5.87854],[40.33622,5.88281],[40.33288,5.88392],[40.32611,5.88118],[40.324,5.87717],[40.32012,5.87574],[40.3182,5.87149],[40.31223,5.87141],[40.3085,5.86979],[40.30352,5.87538],[40.30194,5.87528],[40.29782,5.87084],[40.27733,5.86828],[40.26534,5.86053],[40.26519,5.85608],[40.25755,5.84751],[40.24975,5.84413],[40.24383,5.84495],[40.24051,5.84738],[40.23544,5.84605],[40.23224,5.84821],[40.2312,5.85094],[40.22781,5.8508],[40.2257,5.84885],[40.21851,5.85152],[40.21631,5.84961],[40.20762,5.85398],[40.19556,5.85561],[40.19149,5.85342],[40.19081,5.84744],[40.18875,5.84572],[40.18165,5.84475],[40.17831,5.84696],[40.17191,5.84803],[40.17005,5.8509],[40.15845,5.84746],[40.15573,5.8477],[40.14272,5.85508],[40.13249,5.85438],[40.12977,5.85697],[40.12861,5.8602],[40.11777,5.86774],[40.11476,5.86813],[40.1139,5.86602],[40.10441,5.8664],[40.0992,5.86718],[40.09116,5.87114],[40.08141,5.87015],[40.07591,5.87174],[40.07244,5.86646],[40.0591,5.86567],[40.04547,5.8751],[40.03493,5.87386],[40.02819,5.87521],[40.02065,5.88106],[40.01408,5.88282],[40.01046,5.88613],[40.0075,5.89169],[39.9972,5.89154],[39.99496,5.89499],[39.99229,5.89499],[39.98789,5.89754],[39.98489,5.90132],[39.97937,5.91856],[39.97534,5.92467],[39.97574,5.93018],[39.9744,5.93142],[39.96972,5.93162],[39.96518,5.93379],[39.96288,5.93006],[39.95753,5.93131],[39.95463,5.93038],[39.95067,5.93249],[39.94684,5.9325],[39.93483,5.9391],[39.93292,5.93762],[39.92981,5.93806],[39.92952,5.93653],[39.92751,5.93615],[39.91737,5.94361],[39.90755,5.94662],[39.9085,5.94785],[39.90544,5.94891],[39.90116,5.95896],[39.902,5.9609],[39.9009,5.96444],[39.89909,5.96469],[39.89632,5.96818],[39.883,5.97188],[39.87795,5.97637],[39.86704,5.98192],[39.86064,5.98898],[39.86108,5.99409],[39.86834,6.00377],[39.86913,6.00936],[39.869,6.01289],[39.86207,6.01602],[39.86183,6.01816],[39.86545,6.02263],[39.86106,6.027],[39.86016,6.0313],[39.86841,6.03672],[39.87176,6.03709],[39.87447,6.04239],[39.87438,6.04803],[39.87664,6.05343],[39.88122,6.05876],[39.88763,6.06212],[39.88759,6.06717],[39.88998,6.06932],[39.89003,6.07143],[39.89489,6.07441],[39.90302,6.08993],[39.90641,6.09784],[39.90584,6.10301],[39.9076,6.10849],[39.90574,6.12666],[39.90405,6.13099],[39.90626,6.13708],[39.90548,6.14505],[39.89697,6.14818],[39.89182,6.15489],[39.89463,6.16204],[39.89383,6.1685],[39.89166,6.17283],[39.88946,6.17504],[39.88626,6.17485],[39.88272,6.17826],[39.88057,6.17769],[39.87876,6.17932],[39.87545,6.18748],[39.87907,6.19485],[39.87874,6.19677],[39.87337,6.20532],[39.86353,6.21113],[39.86253,6.21328],[39.85572,6.21868],[39.85181,6.22433],[39.84726,6.22267],[39.84325,6.22334],[39.82989,6.22946],[39.81628,6.22831],[39.81375,6.23085],[39.80475,6.22843],[39.78948,6.23974],[39.77755,6.24126],[39.7753,6.24289],[39.77358,6.23996],[39.76927,6.23901],[39.76652,6.23406],[39.76709,6.23262],[39.76355,6.23057],[39.76392,6.22803],[39.75629,6.2218],[39.7527,6.22338],[39.74399,6.2177],[39.73765,6.21768],[39.73235,6.22008],[39.72447,6.21535],[39.71912,6.21555],[39.70254,6.21036],[39.68955,6.20937],[39.68352,6.2065],[39.68268,6.18674],[39.68163,6.18535],[39.67478,6.18364],[39.6743,6.18139],[39.67186,6.18134],[39.67191,6.17718],[39.6679,6.1713],[39.66259,6.16719],[39.6618,6.1646],[39.65979,6.16375],[39.65835,6.16111],[39.65476,6.16069],[39.6527,6.15873],[39.65165,6.15969],[39.64897,6.15634],[39.64235,6.15707],[39.63465,6.16268],[39.62982,6.16321],[39.62536,6.16719],[39.62162,6.16628],[39.61603,6.16729],[39.61071,6.17965],[39.60909,6.18716],[39.60109,6.17114],[39.59225,6.15956],[39.57578,6.14254],[39.55929,6.12849],[39.55656,6.12835],[39.5085,6.15822],[39.4939,6.17134],[39.48079,6.18887],[39.4678,6.20966],[39.46652,6.213],[39.46972,6.21956],[39.46749,6.22236],[39.46152,6.24292],[39.46391,6.24641],[39.46358,6.249],[39.46105,6.25092],[39.45588,6.25202],[39.45108,6.25684],[39.43465,6.26702],[39.42696,6.27378],[39.41902,6.2757],[39.41507,6.2808],[39.41391,6.29136],[39.40746,6.30874],[39.40317,6.35078],[39.36842,6.36381],[39.35992,6.36211],[39.34348,6.35626],[39.30377,6.3605],[39.2969,6.35658],[39.29102,6.35999],[39.28615,6.3662],[39.2783,6.36867],[39.27935,6.36929],[39.27805,6.37123],[39.27394,6.37454],[39.27105,6.37194],[39.25219,6.37221],[39.2506,6.3708],[39.24203,6.35923],[39.23528,6.3319],[39.22323,6.32255],[39.21577,6.30787],[39.20684,6.30186],[39.20632,6.29859],[39.21146,6.28764],[39.22126,6.2784],[39.23788,6.27959],[39.24229,6.28232],[39.24831,6.28098],[39.25316,6.28209],[39.25837,6.28095],[39.26673,6.2751],[39.27472,6.27318],[39.27768,6.26859],[39.27687,6.26504],[39.2782,6.2627],[39.28578,6.25608],[39.29034,6.24826],[39.28976,6.23946],[39.29226,6.23868],[39.2953,6.23319],[39.29898,6.23346],[39.30636,6.22467],[39.3102,6.21815],[39.3097,6.21391],[39.31813,6.20166],[39.3183,6.19898],[39.31651,6.1962],[39.31718,6.19296],[39.31372,6.18973],[39.31258,6.18351],[39.31335,6.18039],[39.3172,6.17615],[39.3173,6.16733],[39.32212,6.16517],[39.32418,6.1605],[39.32864,6.15995],[39.33091,6.1563],[39.33524,6.1559],[39.33657,6.15436],[39.33509,6.14936],[39.33215,6.14736],[39.33028,6.14187],[39.33109,6.1365],[39.32928,6.12939],[39.32969,6.12541],[39.33566,6.11757],[39.34335,6.11392],[39.34523,6.11127],[39.35203,6.10742],[39.35784,6.09527],[39.35387,6.09206],[39.34928,6.09283],[39.34416,6.0914],[39.34357,6.08199],[39.3383,6.0797],[39.33748,6.07549],[39.34049,6.06874],[39.34007,6.05824],[39.34317,6.05513],[39.34818,6.05486],[39.35689,6.05041],[39.36483,6.04032],[39.3739,6.03216],[39.37386,6.02196],[39.3748,6.02023],[39.37025,6.01428],[39.36985,6.00807],[39.37098,6.00706],[39.3796,6.00772],[39.38187,6.00679],[39.38353,6.00358],[39.38029,5.99713],[39.38195,5.99505],[39.37683,5.99074],[39.37621,5.98811],[39.38209,5.98837],[39.38369,5.98717],[39.38475,5.98443],[39.38309,5.98121],[39.38433,5.9792],[39.38289,5.9747],[39.38379,5.96815],[39.40056,5.94765],[39.4065,5.93412],[39.4131,5.92804],[39.41991,5.92619],[39.42421,5.92298],[39.42927,5.91757],[39.43235,5.91098],[39.44656,5.89726],[39.45225,5.8939],[39.46186,5.89294],[39.46527,5.89119],[39.46623,5.88937],[39.46675,5.88405],[39.46141,5.87604],[39.45806,5.87346],[39.45033,5.86133],[39.44758,5.85279],[39.44351,5.84585],[39.44427,5.84207],[39.44988,5.83166],[39.44703,5.82154],[39.4476,5.81933],[39.45089,5.81593],[39.45639,5.81406],[39.4589,5.81035],[39.45751,5.80614],[39.44911,5.79526],[39.44782,5.79133],[39.4491,5.78755],[39.45328,5.78368],[39.45044,5.7818],[39.44891,5.7775],[39.44695,5.77621],[39.44542,5.7683],[39.44255,5.76932],[39.44197,5.76831],[39.44023,5.75895],[39.43842,5.7569],[39.43233,5.7531],[39.42585,5.75373],[39.42145,5.74844],[39.41832,5.74922],[39.41628,5.752],[39.41381,5.75285],[39.40167,5.74929],[39.40195,5.73285],[39.39888,5.72953],[39.393,5.72747],[39.39161,5.72498],[39.39213,5.72212],[39.38394,5.72514],[39.3809,5.73272],[39.37723,5.73797],[39.36639,5.74166],[39.36319,5.74075],[39.35678,5.74139],[39.35455,5.73717],[39.35208,5.73566],[39.34394,5.73356],[39.33828,5.7338],[39.32343,5.72672],[39.32119,5.7158],[39.3226,5.70901],[39.32007,5.70304],[39.31622,5.70202],[39.31471,5.70015],[39.31633,5.69885],[39.3137,5.69854],[39.3158,5.69421],[39.31494,5.68664],[39.31314,5.68578],[39.30956,5.68998],[39.30485,5.67985],[39.29907,5.68058],[39.29373,5.67832],[39.28932,5.67909],[39.2869,5.67787],[39.28175,5.6811],[39.27723,5.68092],[39.27271,5.67947],[39.26826,5.68032],[39.2575,5.67511],[39.25027,5.6765],[39.24401,5.66926],[39.24394,5.66618],[39.2428,5.66516],[39.23253,5.6626],[39.23133,5.66631],[39.22249,5.66134],[39.22177,5.64875],[39.22761,5.64272],[39.22269,5.63814],[39.22652,5.63482],[39.22723,5.63157],[39.22386,5.62879],[39.22272,5.62568],[39.21944,5.60668],[39.21979,5.59801],[39.22332,5.5792],[39.22836,5.56407],[39.22288,5.5557],[39.21839,5.55197],[39.22047,5.54756],[39.22516,5.54353],[39.23004,5.53599],[39.23046,5.53194],[39.23443,5.532],[39.23833,5.52841],[39.23842,5.52496],[39.23622,5.52037],[39.23679,5.51716],[39.24064,5.51196],[39.24186,5.51248],[39.24283,5.50971],[39.24665,5.50569],[39.26188,5.49597],[39.25993,5.49331],[39.26031,5.49092],[39.25869,5.48685],[39.25355,5.47991],[39.2496,5.47106],[39.2443,5.46814],[39.24159,5.45728],[39.23863,5.45355],[39.23856,5.44957],[39.23593,5.44933],[39.23375,5.43177],[39.23695,5.42732],[39.23374,5.40429],[39.23166,5.39932],[39.22703,5.39735],[39.22392,5.38242],[39.22592,5.37778],[39.22971,5.37408],[39.22374,5.36691],[39.21481,5.3673],[39.21464,5.35184],[39.2127,5.34523],[39.2142,5.33939],[39.20904,5.33131],[39.20558,5.32183],[39.20185,5.32169],[39.19925,5.31164],[39.19533,5.31006],[39.19698,5.30417],[39.20024,5.30501],[39.20154,5.2984],[39.19781,5.29651],[39.19836,5.28952],[39.19358,5.28057],[39.19384,5.27655],[39.19064,5.26999],[39.19109,5.26401],[39.18294,5.25554],[39.18328,5.24868],[39.18024,5.24305],[39.17461,5.24377],[39.17358,5.23352],[39.1746,5.22965],[39.16937,5.2185],[39.16994,5.21486],[39.16841,5.20931],[39.16572,5.20601],[39.16474,5.20859],[39.16173,5.20859],[39.16609,5.19906],[39.1654,5.19519],[39.16215,5.19155],[39.15997,5.18284],[39.1553,5.17714],[39.14632,5.15991],[39.14602,5.15817],[39.14865,5.15687],[39.14823,5.15186],[39.15006,5.14869],[39.15054,5.14284],[39.15788,5.1391],[39.15836,5.13445],[39.1574,5.13289],[39.15331,5.1321],[39.15142,5.13435],[39.14851,5.13349],[39.13982,5.13842],[39.13741,5.13775],[39.13793,5.12971],[39.13992,5.12508],[39.13642,5.12049],[39.13612,5.11772],[39.13394,5.11683],[39.13477,5.10996],[39.13182,5.10309],[39.1252,5.10085],[39.12631,5.09479],[39.12167,5.09218],[39.12321,5.07962],[39.11756,5.07567],[39.11905,5.06846],[39.11634,5.06677],[39.11675,5.06369],[39.11281,5.06174],[39.11154,5.05294],[39.10968,5.05083],[39.09581,5.05241],[39.0744,5.0464],[39.06552,5.04745],[39.06175,5.0541],[39.05478,5.0575],[39.05335,5.06148],[39.04781,5.06483],[39.04996,5.06856],[39.03055,5.08181],[39.02981,5.08425],[39.03072,5.08817],[39.02895,5.08923],[39.02408,5.08832],[39.02351,5.09129],[39.01978,5.0932],[39.02045,5.09636],[39.01732,5.09588],[39.01286,5.11235],[39.00966,5.11962],[39.00954,5.12168],[39.01185,5.12437],[39.0072,5.12561],[39.00305,5.13312],[39.00064,5.13394],[38.99826,5.13309],[38.99157,5.13528],[38.98827,5.14002],[38.98481,5.14174],[38.96736,5.13907],[38.96278,5.13687],[38.95839,5.1317],[38.95887,5.12552],[38.95108,5.12562],[38.94989,5.1249],[38.95046,5.12141],[38.94774,5.11916],[38.93611,5.11943],[38.93406,5.12187],[38.93165,5.12225],[38.91642,5.11935],[38.91485,5.11619],[38.91609,5.11288],[38.91306,5.10756],[38.91394,5.10479],[38.91045,5.10412],[38.91012,5.10202],[38.90754,5.10226],[38.90473,5.10029],[38.90506,5.10297],[38.9105,5.10719],[38.90998,5.10929],[38.90458,5.10857],[38.90138,5.10972],[38.89732,5.1146],[38.89517,5.11532],[38.89747,5.11982],[38.89699,5.12241],[38.8893,5.12327],[38.88352,5.13466],[38.88099,5.13629],[38.87555,5.14437],[38.87445,5.14849],[38.87182,5.14997],[38.87034,5.15395],[38.86547,5.15557],[38.86614,5.15844],[38.86174,5.1594],[38.86198,5.16467],[38.85835,5.16625],[38.85363,5.16117],[38.8478,5.16208],[38.84489,5.16557],[38.84279,5.16595],[38.83935,5.1638],[38.83801,5.16121],[38.83233,5.15844],[38.83224,5.15499],[38.82952,5.15193],[38.8224,5.1503],[38.82331,5.14723],[38.82054,5.14556],[38.81773,5.13976],[38.81801,5.13617],[38.81372,5.12856],[38.81372,5.12516],[38.81071,5.12574],[38.81023,5.12349],[38.81234,5.11932],[38.80584,5.1187],[38.80403,5.1152],[38.80465,5.11348],[38.811,5.11363],[38.80938,5.10913],[38.8153,5.09649],[38.81268,5.0917],[38.80423,5.09769],[38.80327,5.10099],[38.80041,5.10266],[38.79625,5.10252],[38.79277,5.10467],[38.78895,5.09926],[38.79014,5.09768],[38.78451,5.09911],[38.78069,5.09031],[38.77802,5.0892],[38.78026,5.08471],[38.77587,5.08087],[38.77678,5.07939],[38.78027,5.07863],[38.77692,5.07752],[38.77325,5.07412],[38.77196,5.06953],[38.76637,5.07632],[38.76165,5.07297],[38.75678,5.07397],[38.75415,5.07306],[38.75205,5.06943],[38.75208,5.06642],[38.75034,5.06981],[38.74494,5.07005],[38.73931,5.07363],[38.73706,5.07258],[38.73549,5.0675],[38.7394,5.06597],[38.73116,5.05692],[38.72972,5.05707],[38.72809,5.06128],[38.72632,5.06204],[38.7226,5.06099],[38.72217,5.05946],[38.71849,5.06295],[38.7143,5.05873],[38.71267,5.05941],[38.71279,5.06319],[38.71617,5.06587],[38.71328,5.07092],[38.71439,5.0736],[38.71179,5.07479],[38.71001,5.07762],[38.70822,5.08915],[38.70528,5.09191],[38.70039,5.09343],[38.69475,5.10535],[38.68592,5.10785],[38.68372,5.10956],[38.681,5.10893],[38.67796,5.11618],[38.6702,5.11965],[38.66237,5.12027],[38.65879,5.11768],[38.65125,5.11538],[38.65135,5.1127],[38.64791,5.11136],[38.64629,5.10796],[38.64289,5.10747],[38.64151,5.11001],[38.63998,5.11035],[38.63382,5.1102],[38.63196,5.10771],[38.62905,5.10699],[38.62786,5.10436],[38.62285,5.10301],[38.62142,5.10119],[38.61014,5.10002],[38.61001,5.09479],[38.60807,5.09038],[38.60267,5.08748],[38.59652,5.07961],[38.59317,5.07723],[38.59527,5.07552],[38.59379,5.07356],[38.58864,5.07087],[38.5767,5.07312],[38.5514,5.06755],[38.54582,5.0683],[38.52975,5.05361],[38.52442,5.04598],[38.51881,5.04278],[38.51113,5.04234],[38.5096,5.0433],[38.49409,5.03711],[38.48673,5.04299],[38.45092,5.04104],[38.45039,5.00358],[38.4543,4.99832],[38.45967,4.99556],[38.45977,4.99426],[38.45437,4.99077],[38.45964,4.98763],[38.457,4.98237],[38.45551,4.87386],[38.45677,4.86163],[38.45635,4.85915],[38.45028,4.85411],[38.4496,4.83851],[38.45179,4.83223],[38.45855,4.8292],[38.46107,4.82388],[38.45821,4.81963],[38.46775,4.79577],[38.46168,4.7918],[38.45715,4.78619],[38.45178,4.77582],[38.44083,4.77353],[38.4442,4.72999],[38.44226,4.72219],[38.4413,4.70509],[38.43649,4.66643],[38.4404,4.65544],[38.43904,4.64711],[38.41603,4.60917],[38.40872,4.60532],[38.38983,4.57451],[38.39521,4.57297],[38.41977,4.51407],[38.42092,4.51278],[38.42893,4.51116],[38.44596,4.45086],[38.45742,4.43799],[38.46515,4.42771],[38.46673,4.42335],[38.48119,4.40675],[38.4662,4.39874],[38.46157,4.40021],[38.46147,4.36669],[38.41453,4.3344],[38.39049,4.31304],[38.39696,4.26644],[38.43453,4.26056],[38.4206,4.20532],[38.44582,4.18031],[38.45213,4.1476],[38.44976,4.13352],[38.45084,4.13275],[38.47042,4.13408],[38.49329,4.13361],[38.55339,4.15399],[38.58282,4.15285],[38.65577,4.10516],[38.70272,4.06936],[38.74429,4.05131],[38.75628,4.0675],[38.76359,4.07141],[38.79646,4.02698],[38.79566,4.02278],[38.79649,4.0181],[38.81681,4.0161],[38.82578,4.01374],[38.83064,4.01454],[38.83358,4.01299],[38.83838,4.01299],[38.83734,4.02051],[38.90883,4.01455],[39.02321,4.00125],[39.04782,4.00511],[39.04803,4.02666],[39.0496,4.02895],[39.07291,4.04877],[39.0906,4.0614],[39.10119,4.0715],[39.11173,4.08567],[39.11769,4.09802],[39.12465,4.10271],[39.13285,4.10626],[39.13975,4.10885],[39.29749,4.10885],[39.39034,4.13446],[39.39351,4.13446],[39.40592,4.14001],[39.42255,4.14983],[39.43335,4.15899]]]}}]}